[2026-05-05T08:29:22.029+0000] {manager.py:470} INFO - Processing files using up to 2 processes at a time 
[2026-05-05T08:29:22.030+0000] {manager.py:471} INFO - Process each file at most once every 30 seconds
[2026-05-05T08:29:22.031+0000] {manager.py:472} INFO - Checking for new files in /opt/airflow/dags every 300 seconds
[2026-05-05T08:29:22.032+0000] {manager.py:737} INFO - Searching for files in /opt/airflow/dags
[2026-05-05T08:29:22.061+0000] {manager.py:740} INFO - There are 1 files in /opt/airflow/dags
[2026-05-05T08:29:22.188+0000] {manager.py:878} INFO - 
================================================================================
DAG File Processing Stats

File Path                                        PID  Runtime      # DAGs    # Errors  Last Runtime    Last Run
---------------------------------------------  -----  ---------  --------  ----------  --------------  ----------
/opt/airflow/dags/movie_batch_pipeline_dag.py     30  0.04s             0           0
================================================================================
[2026-05-05T08:29:52.375+0000] {manager.py:878} INFO - 
================================================================================
DAG File Processing Stats

File Path                                        PID  Runtime      # DAGs    # Errors  Last Runtime    Last Run
---------------------------------------------  -----  ---------  --------  ----------  --------------  -------------------
/opt/airflow/dags/movie_batch_pipeline_dag.py     45  0.00s             1           0  0.19s           2026-05-05T08:29:22
================================================================================
[2026-05-05T08:30:22.669+0000] {manager.py:878} INFO - 
================================================================================
DAG File Processing Stats

File Path                                      PID    Runtime      # DAGs    # Errors  Last Runtime    Last Run
---------------------------------------------  -----  ---------  --------  ----------  --------------  -------------------
/opt/airflow/dags/movie_batch_pipeline_dag.py                           1           0  0.48s           2026-05-05T08:29:52
================================================================================
[2026-05-05T08:30:53.214+0000] {manager.py:878} INFO - 
================================================================================
DAG File Processing Stats

File Path                                      PID    Runtime      # DAGs    # Errors  Last Runtime    Last Run
---------------------------------------------  -----  ---------  --------  ----------  --------------  -------------------
/opt/airflow/dags/movie_batch_pipeline_dag.py                           1           0  0.34s           2026-05-05T08:30:23
================================================================================
[2026-05-05T08:31:23.796+0000] {manager.py:878} INFO - 
================================================================================
DAG File Processing Stats

File Path                                      PID    Runtime      # DAGs    # Errors  Last Runtime    Last Run
---------------------------------------------  -----  ---------  --------  ----------  --------------  -------------------
/opt/airflow/dags/movie_batch_pipeline_dag.py                           1           0  0.29s           2026-05-05T08:30:53
================================================================================
[2026-05-05T08:31:54.391+0000] {manager.py:878} INFO - 
================================================================================
DAG File Processing Stats

File Path                                        PID  Runtime      # DAGs    # Errors  Last Runtime    Last Run
---------------------------------------------  -----  ---------  --------  ----------  --------------  -------------------
/opt/airflow/dags/movie_batch_pipeline_dag.py     57  0.00s             1           0  0.29s           2026-05-05T08:31:24
================================================================================
[2026-05-05T08:32:24.745+0000] {manager.py:878} INFO - 
================================================================================
DAG File Processing Stats

File Path                                        PID  Runtime      # DAGs    # Errors  Last Runtime    Last Run
---------------------------------------------  -----  ---------  --------  ----------  --------------  -------------------
/opt/airflow/dags/movie_batch_pipeline_dag.py     58  0.00s             1           0  0.17s           2026-05-05T08:31:54
================================================================================
[2026-05-05T08:32:54.959+0000] {manager.py:878} INFO - 
================================================================================
DAG File Processing Stats

File Path                                        PID  Runtime      # DAGs    # Errors  Last Runtime    Last Run
---------------------------------------------  -----  ---------  --------  ----------  --------------  -------------------
/opt/airflow/dags/movie_batch_pipeline_dag.py     59  0.00s             1           0  0.17s           2026-05-05T08:32:24
================================================================================
[2026-05-05T08:33:25.275+0000] {manager.py:878} INFO - 
================================================================================
DAG File Processing Stats

File Path                                        PID  Runtime      # DAGs    # Errors  Last Runtime    Last Run
---------------------------------------------  -----  ---------  --------  ----------  --------------  -------------------
/opt/airflow/dags/movie_batch_pipeline_dag.py     60  0.00s             1           0  0.18s           2026-05-05T08:32:55
================================================================================
[2026-05-05T08:33:55.546+0000] {manager.py:878} INFO - 
================================================================================
DAG File Processing Stats

File Path                                        PID  Runtime      # DAGs    # Errors  Last Runtime    Last Run
---------------------------------------------  -----  ---------  --------  ----------  --------------  -------------------
/opt/airflow/dags/movie_batch_pipeline_dag.py     61  0.00s             1           0  0.23s           2026-05-05T08:33:25
================================================================================
[2026-05-05T08:34:22.844+0000] {manager.py:737} INFO - Searching for files in /opt/airflow/dags
[2026-05-05T08:34:22.864+0000] {manager.py:740} INFO - There are 1 files in /opt/airflow/dags
[2026-05-05T08:34:25.908+0000] {manager.py:878} INFO - 
================================================================================
DAG File Processing Stats

File Path                                        PID  Runtime      # DAGs    # Errors  Last Runtime    Last Run
---------------------------------------------  -----  ---------  --------  ----------  --------------  -------------------
/opt/airflow/dags/movie_batch_pipeline_dag.py     62  0.01s             1           0  0.21s           2026-05-05T08:33:55
================================================================================
[2026-05-05T08:34:56.159+0000] {manager.py:878} INFO - 
================================================================================
DAG File Processing Stats

File Path                                        PID  Runtime      # DAGs    # Errors  Last Runtime    Last Run
---------------------------------------------  -----  ---------  --------  ----------  --------------  -------------------
/opt/airflow/dags/movie_batch_pipeline_dag.py     63  0.00s             1           0  0.23s           2026-05-05T08:34:26
================================================================================
[2026-05-05T08:35:26.509+0000] {manager.py:878} INFO - 
================================================================================
DAG File Processing Stats

File Path                                        PID  Runtime      # DAGs    # Errors  Last Runtime    Last Run
---------------------------------------------  -----  ---------  --------  ----------  --------------  -------------------
/opt/airflow/dags/movie_batch_pipeline_dag.py     64  0.00s             1           0  0.19s           2026-05-05T08:34:56
================================================================================
[2026-05-05T08:35:56.731+0000] {manager.py:878} INFO - 
================================================================================
DAG File Processing Stats

File Path                                        PID  Runtime      # DAGs    # Errors  Last Runtime    Last Run
---------------------------------------------  -----  ---------  --------  ----------  --------------  -------------------
/opt/airflow/dags/movie_batch_pipeline_dag.py     65  0.00s             1           0  0.17s           2026-05-05T08:35:26
================================================================================
[2026-05-05T08:36:27.080+0000] {manager.py:878} INFO - 
================================================================================
DAG File Processing Stats

File Path                                        PID  Runtime      # DAGs    # Errors  Last Runtime    Last Run
---------------------------------------------  -----  ---------  --------  ----------  --------------  -------------------
/opt/airflow/dags/movie_batch_pipeline_dag.py     66  0.00s             1           0  0.17s           2026-05-05T08:35:56
================================================================================
[2026-05-05T08:36:57.289+0000] {manager.py:878} INFO - 
================================================================================
DAG File Processing Stats

File Path                                      PID    Runtime      # DAGs    # Errors  Last Runtime    Last Run
---------------------------------------------  -----  ---------  --------  ----------  --------------  -------------------
/opt/airflow/dags/movie_batch_pipeline_dag.py                           1           0  0.23s           2026-05-05T08:36:27
================================================================================
[2026-05-05T08:37:27.726+0000] {manager.py:878} INFO - 
================================================================================
DAG File Processing Stats

File Path                                        PID  Runtime      # DAGs    # Errors  Last Runtime    Last Run
---------------------------------------------  -----  ---------  --------  ----------  --------------  -------------------
/opt/airflow/dags/movie_batch_pipeline_dag.py     68  0.01s             1           0  0.20s           2026-05-05T08:36:57
================================================================================
[2026-05-05T08:37:58.128+0000] {manager.py:878} INFO - 
================================================================================
DAG File Processing Stats

File Path                                        PID  Runtime      # DAGs    # Errors  Last Runtime    Last Run
---------------------------------------------  -----  ---------  --------  ----------  --------------  -------------------
/opt/airflow/dags/movie_batch_pipeline_dag.py     69  0.00s             1           0  0.19s           2026-05-05T08:37:27
================================================================================
[2026-05-05T08:38:28.370+0000] {manager.py:878} INFO - 
================================================================================
DAG File Processing Stats

File Path                                        PID  Runtime      # DAGs    # Errors  Last Runtime    Last Run
---------------------------------------------  -----  ---------  --------  ----------  --------------  -------------------
/opt/airflow/dags/movie_batch_pipeline_dag.py     70  0.00s             1           0  0.19s           2026-05-05T08:37:58
================================================================================
[2026-05-05T08:38:58.678+0000] {manager.py:878} INFO - 
================================================================================
DAG File Processing Stats

File Path                                        PID  Runtime      # DAGs    # Errors  Last Runtime    Last Run
---------------------------------------------  -----  ---------  --------  ----------  --------------  -------------------
/opt/airflow/dags/movie_batch_pipeline_dag.py     71  0.00s             1           0  0.20s           2026-05-05T08:38:28
================================================================================
[2026-05-05T08:39:22.896+0000] {manager.py:737} INFO - Searching for files in /opt/airflow/dags
[2026-05-05T08:39:22.920+0000] {manager.py:740} INFO - There are 1 files in /opt/airflow/dags
[2026-05-05T08:39:28.998+0000] {manager.py:878} INFO - 
================================================================================
DAG File Processing Stats

File Path                                        PID  Runtime      # DAGs    # Errors  Last Runtime    Last Run
---------------------------------------------  -----  ---------  --------  ----------  --------------  -------------------
/opt/airflow/dags/movie_batch_pipeline_dag.py     72  0.00s             1           0  0.18s           2026-05-05T08:38:58
================================================================================
[2026-05-05T08:39:59.252+0000] {manager.py:878} INFO - 
================================================================================
DAG File Processing Stats

File Path                                        PID  Runtime      # DAGs    # Errors  Last Runtime    Last Run
---------------------------------------------  -----  ---------  --------  ----------  --------------  -------------------
/opt/airflow/dags/movie_batch_pipeline_dag.py     73  0.00s             1           0  0.17s           2026-05-05T08:39:29
================================================================================
[2026-05-05T08:40:29.590+0000] {manager.py:878} INFO - 
================================================================================
DAG File Processing Stats

File Path                                        PID  Runtime      # DAGs    # Errors  Last Runtime    Last Run
---------------------------------------------  -----  ---------  --------  ----------  --------------  -------------------
/opt/airflow/dags/movie_batch_pipeline_dag.py     74  0.00s             1           0  0.16s           2026-05-05T08:39:59
================================================================================
[2026-05-05T08:40:59.868+0000] {manager.py:878} INFO - 
================================================================================
DAG File Processing Stats

File Path                                        PID  Runtime      # DAGs    # Errors  Last Runtime    Last Run
---------------------------------------------  -----  ---------  --------  ----------  --------------  -------------------
/opt/airflow/dags/movie_batch_pipeline_dag.py     75  0.00s             1           0  0.17s           2026-05-05T08:40:29
================================================================================
[2026-05-05T08:41:30.203+0000] {manager.py:878} INFO - 
================================================================================
DAG File Processing Stats

File Path                                        PID  Runtime      # DAGs    # Errors  Last Runtime    Last Run
---------------------------------------------  -----  ---------  --------  ----------  --------------  -------------------
/opt/airflow/dags/movie_batch_pipeline_dag.py     76  0.00s             1           0  0.17s           2026-05-05T08:41:00
================================================================================
[2026-05-05T08:42:00.457+0000] {manager.py:878} INFO - 
================================================================================
DAG File Processing Stats

File Path                                        PID  Runtime      # DAGs    # Errors  Last Runtime    Last Run
---------------------------------------------  -----  ---------  --------  ----------  --------------  -------------------
/opt/airflow/dags/movie_batch_pipeline_dag.py     77  0.00s             1           0  0.18s           2026-05-05T08:41:30
================================================================================
[2026-05-05T08:42:30.835+0000] {manager.py:878} INFO - 
================================================================================
DAG File Processing Stats

File Path                                        PID  Runtime      # DAGs    # Errors  Last Runtime    Last Run
---------------------------------------------  -----  ---------  --------  ----------  --------------  -------------------
/opt/airflow/dags/movie_batch_pipeline_dag.py     78  0.00s             1           0  0.17s           2026-05-05T08:42:00
================================================================================
[2026-05-05T08:43:01.052+0000] {manager.py:878} INFO - 
================================================================================
DAG File Processing Stats

File Path                                        PID  Runtime      # DAGs    # Errors  Last Runtime    Last Run
---------------------------------------------  -----  ---------  --------  ----------  --------------  -------------------
/opt/airflow/dags/movie_batch_pipeline_dag.py     79  0.00s             1           0  0.16s           2026-05-05T08:42:30
================================================================================
[2026-05-05T08:43:31.349+0000] {manager.py:878} INFO - 
================================================================================
DAG File Processing Stats

File Path                                        PID  Runtime      # DAGs    # Errors  Last Runtime    Last Run
---------------------------------------------  -----  ---------  --------  ----------  --------------  -------------------
/opt/airflow/dags/movie_batch_pipeline_dag.py     80  0.00s             1           0  0.20s           2026-05-05T08:43:01
================================================================================
[2026-05-05T08:44:01.576+0000] {manager.py:878} INFO - 
================================================================================
DAG File Processing Stats

File Path                                        PID  Runtime      # DAGs    # Errors  Last Runtime    Last Run
---------------------------------------------  -----  ---------  --------  ----------  --------------  -------------------
/opt/airflow/dags/movie_batch_pipeline_dag.py     81  0.00s             1           0  0.21s           2026-05-05T08:43:31
================================================================================
[2026-05-05T08:44:22.920+0000] {manager.py:737} INFO - Searching for files in /opt/airflow/dags
[2026-05-05T08:44:22.952+0000] {manager.py:740} INFO - There are 1 files in /opt/airflow/dags
[2026-05-05T08:44:31.904+0000] {manager.py:878} INFO - 
================================================================================
DAG File Processing Stats

File Path                                        PID  Runtime      # DAGs    # Errors  Last Runtime    Last Run
---------------------------------------------  -----  ---------  --------  ----------  --------------  -------------------
/opt/airflow/dags/movie_batch_pipeline_dag.py     82  0.01s             1           0  0.24s           2026-05-05T08:44:01
================================================================================
[2026-05-05T08:45:02.213+0000] {manager.py:878} INFO - 
================================================================================
DAG File Processing Stats

File Path                                        PID  Runtime      # DAGs    # Errors  Last Runtime    Last Run
---------------------------------------------  -----  ---------  --------  ----------  --------------  -------------------
/opt/airflow/dags/movie_batch_pipeline_dag.py     83  0.00s             1           0  0.30s           2026-05-05T08:44:32
================================================================================
[2026-05-05T08:45:32.553+0000] {manager.py:878} INFO - 
================================================================================
DAG File Processing Stats

File Path                                        PID  Runtime      # DAGs    # Errors  Last Runtime    Last Run
---------------------------------------------  -----  ---------  --------  ----------  --------------  -------------------
/opt/airflow/dags/movie_batch_pipeline_dag.py     84  0.00s             1           0  0.20s           2026-05-05T08:45:02
================================================================================
[2026-05-05T08:46:02.797+0000] {manager.py:878} INFO - 
================================================================================
DAG File Processing Stats

File Path                                        PID  Runtime      # DAGs    # Errors  Last Runtime    Last Run
---------------------------------------------  -----  ---------  --------  ----------  --------------  -------------------
/opt/airflow/dags/movie_batch_pipeline_dag.py     85  0.00s             1           0  0.16s           2026-05-05T08:45:32
================================================================================
[2026-05-05T08:46:33.082+0000] {manager.py:878} INFO - 
================================================================================
DAG File Processing Stats

File Path                                        PID  Runtime      # DAGs    # Errors  Last Runtime    Last Run
---------------------------------------------  -----  ---------  --------  ----------  --------------  -------------------
/opt/airflow/dags/movie_batch_pipeline_dag.py     86  0.00s             1           0  0.17s           2026-05-05T08:46:02
================================================================================
[2026-05-05T08:47:03.344+0000] {manager.py:878} INFO - 
================================================================================
DAG File Processing Stats

File Path                                        PID  Runtime      # DAGs    # Errors  Last Runtime    Last Run
---------------------------------------------  -----  ---------  --------  ----------  --------------  -------------------
/opt/airflow/dags/movie_batch_pipeline_dag.py     87  0.00s             1           0  0.16s           2026-05-05T08:46:33
================================================================================
[2026-05-05T08:47:33.684+0000] {manager.py:878} INFO - 
================================================================================
DAG File Processing Stats

File Path                                        PID  Runtime      # DAGs    # Errors  Last Runtime    Last Run
---------------------------------------------  -----  ---------  --------  ----------  --------------  -------------------
/opt/airflow/dags/movie_batch_pipeline_dag.py     88  0.00s             1           0  0.17s           2026-05-05T08:47:03
================================================================================
[2026-05-05T08:48:03.880+0000] {manager.py:878} INFO - 
================================================================================
DAG File Processing Stats

File Path                                        PID  Runtime      # DAGs    # Errors  Last Runtime    Last Run
---------------------------------------------  -----  ---------  --------  ----------  --------------  -------------------
/opt/airflow/dags/movie_batch_pipeline_dag.py     89  0.00s             1           0  0.18s           2026-05-05T08:47:33
================================================================================
[2026-05-05T08:48:34.222+0000] {manager.py:878} INFO - 
================================================================================
DAG File Processing Stats

File Path                                        PID  Runtime      # DAGs    # Errors  Last Runtime    Last Run
---------------------------------------------  -----  ---------  --------  ----------  --------------  -------------------
/opt/airflow/dags/movie_batch_pipeline_dag.py     90  0.00s             1           0  0.18s           2026-05-05T08:48:04
================================================================================
[2026-05-05T08:49:04.442+0000] {manager.py:878} INFO - 
================================================================================
DAG File Processing Stats

File Path                                        PID  Runtime      # DAGs    # Errors  Last Runtime    Last Run
---------------------------------------------  -----  ---------  --------  ----------  --------------  -------------------
/opt/airflow/dags/movie_batch_pipeline_dag.py     91  0.00s             1           0  0.17s           2026-05-05T08:48:34
================================================================================
[2026-05-05T08:49:23.696+0000] {manager.py:737} INFO - Searching for files in /opt/airflow/dags
[2026-05-05T08:49:23.715+0000] {manager.py:740} INFO - There are 1 files in /opt/airflow/dags
[2026-05-05T08:49:34.806+0000] {manager.py:878} INFO - 
================================================================================
DAG File Processing Stats

File Path                                        PID  Runtime      # DAGs    # Errors  Last Runtime    Last Run
---------------------------------------------  -----  ---------  --------  ----------  --------------  -------------------
/opt/airflow/dags/movie_batch_pipeline_dag.py     92  0.00s             1           0  0.17s           2026-05-05T08:49:04
================================================================================
[2026-05-05T08:50:05.019+0000] {manager.py:878} INFO - 
================================================================================
DAG File Processing Stats

File Path                                        PID  Runtime      # DAGs    # Errors  Last Runtime    Last Run
---------------------------------------------  -----  ---------  --------  ----------  --------------  -------------------
/opt/airflow/dags/movie_batch_pipeline_dag.py     93  0.00s             1           0  0.17s           2026-05-05T08:49:34
================================================================================
[2026-05-05T08:50:35.356+0000] {manager.py:878} INFO - 
================================================================================
DAG File Processing Stats

File Path                                        PID  Runtime      # DAGs    # Errors  Last Runtime    Last Run
---------------------------------------------  -----  ---------  --------  ----------  --------------  -------------------
/opt/airflow/dags/movie_batch_pipeline_dag.py     94  0.00s             1           0  0.17s           2026-05-05T08:50:05
================================================================================
[2026-05-05T08:51:05.594+0000] {manager.py:878} INFO - 
================================================================================
DAG File Processing Stats

File Path                                        PID  Runtime      # DAGs    # Errors  Last Runtime    Last Run
---------------------------------------------  -----  ---------  --------  ----------  --------------  -------------------
/opt/airflow/dags/movie_batch_pipeline_dag.py     95  0.00s             1           0  0.18s           2026-05-05T08:50:35
================================================================================
[2026-05-05T08:51:35.950+0000] {manager.py:878} INFO - 
================================================================================
DAG File Processing Stats

File Path                                        PID  Runtime      # DAGs    # Errors  Last Runtime    Last Run
---------------------------------------------  -----  ---------  --------  ----------  --------------  -------------------
/opt/airflow/dags/movie_batch_pipeline_dag.py     96  0.00s             1           0  0.21s           2026-05-05T08:51:05
================================================================================
[2026-05-05T08:52:06.197+0000] {manager.py:878} INFO - 
================================================================================
DAG File Processing Stats

File Path                                        PID  Runtime      # DAGs    # Errors  Last Runtime    Last Run
---------------------------------------------  -----  ---------  --------  ----------  --------------  -------------------
/opt/airflow/dags/movie_batch_pipeline_dag.py     97  0.00s             1           0  0.18s           2026-05-05T08:51:36
================================================================================
[2026-05-05T08:52:07.300+0000] {manager.py:1128} WARNING - Skipping processing of missing file: /opt/airflow/dags/movie_batch_pipeline_dag.py
[2026-05-05T09:24:34.844+0000] {manager.py:470} INFO - Processing files using up to 2 processes at a time 
[2026-05-05T09:24:34.846+0000] {manager.py:471} INFO - Process each file at most once every 30 seconds
[2026-05-05T09:24:34.847+0000] {manager.py:472} INFO - Checking for new files in /opt/airflow/dags every 300 seconds
[2026-05-05T09:24:34.848+0000] {manager.py:737} INFO - Searching for files in /opt/airflow/dags
[2026-05-05T09:24:34.873+0000] {manager.py:740} INFO - There are 1 files in /opt/airflow/dags
[2026-05-05T09:24:35.046+0000] {manager.py:878} INFO - 
================================================================================
DAG File Processing Stats

File Path                                        PID  Runtime      # DAGs    # Errors  Last Runtime    Last Run
---------------------------------------------  -----  ---------  --------  ----------  --------------  ----------
/opt/airflow/dags/movie_batch_pipeline_dag.py     29  0.07s             0           0
================================================================================
[2026-05-05T09:25:05.193+0000] {manager.py:878} INFO - 
================================================================================
DAG File Processing Stats

File Path                                      PID    Runtime      # DAGs    # Errors  Last Runtime    Last Run
---------------------------------------------  -----  ---------  --------  ----------  --------------  -------------------
/opt/airflow/dags/movie_batch_pipeline_dag.py                           1           0  0.29s           2026-05-05T09:24:35
================================================================================
[2026-05-05T09:25:35.680+0000] {manager.py:878} INFO - 
================================================================================
DAG File Processing Stats

File Path                                      PID    Runtime      # DAGs    # Errors  Last Runtime    Last Run
---------------------------------------------  -----  ---------  --------  ----------  --------------  -------------------
/opt/airflow/dags/movie_batch_pipeline_dag.py                           1           0  0.51s           2026-05-05T09:25:05
================================================================================
[2026-05-05T09:26:06.301+0000] {manager.py:878} INFO - 
================================================================================
DAG File Processing Stats

File Path                                      PID    Runtime      # DAGs    # Errors  Last Runtime    Last Run
---------------------------------------------  -----  ---------  --------  ----------  --------------  -------------------
/opt/airflow/dags/movie_batch_pipeline_dag.py                           1           0  0.26s           2026-05-05T09:25:36
================================================================================
[2026-05-05T09:26:36.743+0000] {manager.py:878} INFO - 
================================================================================
DAG File Processing Stats

File Path                                      PID    Runtime      # DAGs    # Errors  Last Runtime    Last Run
---------------------------------------------  -----  ---------  --------  ----------  --------------  -------------------
/opt/airflow/dags/movie_batch_pipeline_dag.py                           1           0  0.28s           2026-05-05T09:26:06
================================================================================
[2026-05-05T09:27:07.301+0000] {manager.py:878} INFO - 
================================================================================
DAG File Processing Stats

File Path                                      PID    Runtime      # DAGs    # Errors  Last Runtime    Last Run
---------------------------------------------  -----  ---------  --------  ----------  --------------  -------------------
/opt/airflow/dags/movie_batch_pipeline_dag.py                           1           0  0.30s           2026-05-05T09:26:37
================================================================================
[2026-05-05T09:27:37.734+0000] {manager.py:878} INFO - 
================================================================================
DAG File Processing Stats

File Path                                        PID  Runtime      # DAGs    # Errors  Last Runtime    Last Run
---------------------------------------------  -----  ---------  --------  ----------  --------------  -------------------
/opt/airflow/dags/movie_batch_pipeline_dag.py     43  0.00s             1           0  0.16s           2026-05-05T09:27:07
================================================================================
[2026-05-05T09:28:08.066+0000] {manager.py:878} INFO - 
================================================================================
DAG File Processing Stats

File Path                                        PID  Runtime      # DAGs    # Errors  Last Runtime    Last Run
---------------------------------------------  -----  ---------  --------  ----------  --------------  -------------------
/opt/airflow/dags/movie_batch_pipeline_dag.py     44  0.00s             1           0  0.16s           2026-05-05T09:27:37
================================================================================
[2026-05-05T09:28:38.263+0000] {manager.py:878} INFO - 
================================================================================
DAG File Processing Stats

File Path                                      PID    Runtime      # DAGs    # Errors  Last Runtime    Last Run
---------------------------------------------  -----  ---------  --------  ----------  --------------  -------------------
/opt/airflow/dags/movie_batch_pipeline_dag.py                           1           0  0.23s           2026-05-05T09:28:08
================================================================================
[2026-05-05T09:29:08.640+0000] {manager.py:878} INFO - 
================================================================================
DAG File Processing Stats

File Path                                      PID    Runtime      # DAGs    # Errors  Last Runtime    Last Run
---------------------------------------------  -----  ---------  --------  ----------  --------------  -------------------
/opt/airflow/dags/movie_batch_pipeline_dag.py                           1           0  0.26s           2026-05-05T09:28:38
================================================================================
[2026-05-05T09:29:35.075+0000] {manager.py:737} INFO - Searching for files in /opt/airflow/dags
[2026-05-05T09:29:35.097+0000] {manager.py:740} INFO - There are 1 files in /opt/airflow/dags
[2026-05-05T09:29:39.153+0000] {manager.py:878} INFO - 
================================================================================
DAG File Processing Stats

File Path                                        PID  Runtime      # DAGs    # Errors  Last Runtime    Last Run
---------------------------------------------  -----  ---------  --------  ----------  --------------  -------------------
/opt/airflow/dags/movie_batch_pipeline_dag.py     47  0.00s             1           0  0.17s           2026-05-05T09:29:09
================================================================================
[2026-05-05T09:30:09.447+0000] {manager.py:878} INFO - 
================================================================================
DAG File Processing Stats

File Path                                        PID  Runtime      # DAGs    # Errors  Last Runtime    Last Run
---------------------------------------------  -----  ---------  --------  ----------  --------------  -------------------
/opt/airflow/dags/movie_batch_pipeline_dag.py     48  0.01s             1           0  0.16s           2026-05-05T09:29:39
================================================================================
[2026-05-05T09:30:39.705+0000] {manager.py:878} INFO - 
================================================================================
DAG File Processing Stats

File Path                                        PID  Runtime      # DAGs    # Errors  Last Runtime    Last Run
---------------------------------------------  -----  ---------  --------  ----------  --------------  -------------------
/opt/airflow/dags/movie_batch_pipeline_dag.py     49  0.00s             1           0  0.16s           2026-05-05T09:30:09
================================================================================
[2026-05-05T09:31:09.951+0000] {manager.py:878} INFO - 
================================================================================
DAG File Processing Stats

File Path                                        PID  Runtime      # DAGs    # Errors  Last Runtime    Last Run
---------------------------------------------  -----  ---------  --------  ----------  --------------  -------------------
/opt/airflow/dags/movie_batch_pipeline_dag.py     50  0.00s             1           0  0.16s           2026-05-05T09:30:39
================================================================================
[2026-05-05T09:31:40.209+0000] {manager.py:878} INFO - 
================================================================================
DAG File Processing Stats

File Path                                        PID  Runtime      # DAGs    # Errors  Last Runtime    Last Run
---------------------------------------------  -----  ---------  --------  ----------  --------------  -------------------
/opt/airflow/dags/movie_batch_pipeline_dag.py     51  0.00s             1           0  0.19s           2026-05-05T09:31:10
================================================================================
[2026-05-05T09:32:10.540+0000] {manager.py:878} INFO - 
================================================================================
DAG File Processing Stats

File Path                                        PID  Runtime      # DAGs    # Errors  Last Runtime    Last Run
---------------------------------------------  -----  ---------  --------  ----------  --------------  -------------------
/opt/airflow/dags/movie_batch_pipeline_dag.py     52  0.01s             1           0  0.18s           2026-05-05T09:31:40
================================================================================
[2026-05-05T09:32:40.764+0000] {manager.py:878} INFO - 
================================================================================
DAG File Processing Stats

File Path                                        PID  Runtime      # DAGs    # Errors  Last Runtime    Last Run
---------------------------------------------  -----  ---------  --------  ----------  --------------  -------------------
/opt/airflow/dags/movie_batch_pipeline_dag.py     53  0.00s             1           0  0.17s           2026-05-05T09:32:10
================================================================================
[2026-05-05T09:33:11.070+0000] {manager.py:878} INFO - 
================================================================================
DAG File Processing Stats

File Path                                        PID  Runtime      # DAGs    # Errors  Last Runtime    Last Run
---------------------------------------------  -----  ---------  --------  ----------  --------------  -------------------
/opt/airflow/dags/movie_batch_pipeline_dag.py     54  0.00s             1           0  0.29s           2026-05-05T09:32:41
================================================================================
[2026-05-05T09:33:41.390+0000] {manager.py:878} INFO - 
================================================================================
DAG File Processing Stats

File Path                                        PID  Runtime      # DAGs    # Errors  Last Runtime    Last Run
---------------------------------------------  -----  ---------  --------  ----------  --------------  -------------------
/opt/airflow/dags/movie_batch_pipeline_dag.py     55  0.00s             1           0  0.17s           2026-05-05T09:33:11
================================================================================
[2026-05-05T09:34:11.597+0000] {manager.py:878} INFO - 
================================================================================
DAG File Processing Stats

File Path                                        PID  Runtime      # DAGs    # Errors  Last Runtime    Last Run
---------------------------------------------  -----  ---------  --------  ----------  --------------  -------------------
/opt/airflow/dags/movie_batch_pipeline_dag.py     56  0.00s             1           0  0.19s           2026-05-05T09:33:41
================================================================================
[2026-05-05T09:34:35.888+0000] {manager.py:737} INFO - Searching for files in /opt/airflow/dags
[2026-05-05T09:34:35.915+0000] {manager.py:740} INFO - There are 1 files in /opt/airflow/dags
[2026-05-05T09:34:41.969+0000] {manager.py:878} INFO - 
================================================================================
DAG File Processing Stats

File Path                                        PID  Runtime      # DAGs    # Errors  Last Runtime    Last Run
---------------------------------------------  -----  ---------  --------  ----------  --------------  -------------------
/opt/airflow/dags/movie_batch_pipeline_dag.py     57  0.00s             1           0  0.17s           2026-05-05T09:34:11
================================================================================
[2026-05-05T09:35:12.211+0000] {manager.py:878} INFO - 
================================================================================
DAG File Processing Stats

File Path                                        PID  Runtime      # DAGs    # Errors  Last Runtime    Last Run
---------------------------------------------  -----  ---------  --------  ----------  --------------  -------------------
/opt/airflow/dags/movie_batch_pipeline_dag.py     58  0.00s             1           0  0.18s           2026-05-05T09:34:42
================================================================================
[2026-05-05T09:35:42.564+0000] {manager.py:878} INFO - 
================================================================================
DAG File Processing Stats

File Path                                        PID  Runtime      # DAGs    # Errors  Last Runtime    Last Run
---------------------------------------------  -----  ---------  --------  ----------  --------------  -------------------
/opt/airflow/dags/movie_batch_pipeline_dag.py     59  0.00s             1           0  0.16s           2026-05-05T09:35:12
================================================================================
[2026-05-05T09:36:12.808+0000] {manager.py:878} INFO - 
================================================================================
DAG File Processing Stats

File Path                                        PID  Runtime      # DAGs    # Errors  Last Runtime    Last Run
---------------------------------------------  -----  ---------  --------  ----------  --------------  -------------------
/opt/airflow/dags/movie_batch_pipeline_dag.py     60  0.00s             1           0  0.17s           2026-05-05T09:35:42
================================================================================
[2026-05-05T09:36:43.051+0000] {manager.py:878} INFO - 
================================================================================
DAG File Processing Stats

File Path                                        PID  Runtime      # DAGs    # Errors  Last Runtime    Last Run
---------------------------------------------  -----  ---------  --------  ----------  --------------  -------------------
/opt/airflow/dags/movie_batch_pipeline_dag.py     61  0.00s             1           0  0.16s           2026-05-05T09:36:12
================================================================================
[2026-05-05T09:37:13.401+0000] {manager.py:878} INFO - 
================================================================================
DAG File Processing Stats

File Path                                        PID  Runtime      # DAGs    # Errors  Last Runtime    Last Run
---------------------------------------------  -----  ---------  --------  ----------  --------------  -------------------
/opt/airflow/dags/movie_batch_pipeline_dag.py     62  0.00s             1           0  0.19s           2026-05-05T09:36:43
================================================================================
[2026-05-05T09:37:43.752+0000] {manager.py:878} INFO - 
================================================================================
DAG File Processing Stats

File Path                                        PID  Runtime      # DAGs    # Errors  Last Runtime    Last Run
---------------------------------------------  -----  ---------  --------  ----------  --------------  -------------------
/opt/airflow/dags/movie_batch_pipeline_dag.py     63  0.00s             1           0  0.17s           2026-05-05T09:37:13
================================================================================
[2026-05-05T09:38:13.988+0000] {manager.py:878} INFO - 
================================================================================
DAG File Processing Stats

File Path                                        PID  Runtime      # DAGs    # Errors  Last Runtime    Last Run
---------------------------------------------  -----  ---------  --------  ----------  --------------  -------------------
/opt/airflow/dags/movie_batch_pipeline_dag.py     64  0.00s             1           0  0.16s           2026-05-05T09:37:43
================================================================================
[2026-05-05T09:38:44.321+0000] {manager.py:878} INFO - 
================================================================================
DAG File Processing Stats

File Path                                        PID  Runtime      # DAGs    # Errors  Last Runtime    Last Run
---------------------------------------------  -----  ---------  --------  ----------  --------------  -------------------
/opt/airflow/dags/movie_batch_pipeline_dag.py     65  0.00s             1           0  0.17s           2026-05-05T09:38:14
================================================================================
[2026-05-05T09:39:14.551+0000] {manager.py:878} INFO - 
================================================================================
DAG File Processing Stats

File Path                                        PID  Runtime      # DAGs    # Errors  Last Runtime    Last Run
---------------------------------------------  -----  ---------  --------  ----------  --------------  -------------------
/opt/airflow/dags/movie_batch_pipeline_dag.py     66  0.00s             1           0  0.16s           2026-05-05T09:38:44
================================================================================
[2026-05-05T09:39:36.835+0000] {manager.py:737} INFO - Searching for files in /opt/airflow/dags
[2026-05-05T09:39:36.856+0000] {manager.py:740} INFO - There are 1 files in /opt/airflow/dags
[2026-05-05T09:39:44.938+0000] {manager.py:878} INFO - 
================================================================================
DAG File Processing Stats

File Path                                        PID  Runtime      # DAGs    # Errors  Last Runtime    Last Run
---------------------------------------------  -----  ---------  --------  ----------  --------------  -------------------
/opt/airflow/dags/movie_batch_pipeline_dag.py     67  0.00s             1           0  0.16s           2026-05-05T09:39:14
================================================================================
[2026-05-05T09:40:15.186+0000] {manager.py:878} INFO - 
================================================================================
DAG File Processing Stats

File Path                                        PID  Runtime      # DAGs    # Errors  Last Runtime    Last Run
---------------------------------------------  -----  ---------  --------  ----------  --------------  -------------------
/opt/airflow/dags/movie_batch_pipeline_dag.py     68  0.00s             1           0  0.17s           2026-05-05T09:39:45
================================================================================
[2026-05-05T09:40:45.519+0000] {manager.py:878} INFO - 
================================================================================
DAG File Processing Stats

File Path                                        PID  Runtime      # DAGs    # Errors  Last Runtime    Last Run
---------------------------------------------  -----  ---------  --------  ----------  --------------  -------------------
/opt/airflow/dags/movie_batch_pipeline_dag.py     69  0.00s             1           0  0.15s           2026-05-05T09:40:15
================================================================================
[2026-05-05T09:41:15.762+0000] {manager.py:878} INFO - 
================================================================================
DAG File Processing Stats

File Path                                        PID  Runtime      # DAGs    # Errors  Last Runtime    Last Run
---------------------------------------------  -----  ---------  --------  ----------  --------------  -------------------
/opt/airflow/dags/movie_batch_pipeline_dag.py     70  0.00s             1           0  0.16s           2026-05-05T09:40:45
================================================================================
[2026-05-05T09:41:46.056+0000] {manager.py:878} INFO - 
================================================================================
DAG File Processing Stats

File Path                                        PID  Runtime      # DAGs    # Errors  Last Runtime    Last Run
---------------------------------------------  -----  ---------  --------  ----------  --------------  -------------------
/opt/airflow/dags/movie_batch_pipeline_dag.py     71  0.00s             1           0  0.16s           2026-05-05T09:41:15
================================================================================
[2026-05-05T09:42:16.296+0000] {manager.py:878} INFO - 
================================================================================
DAG File Processing Stats

File Path                                        PID  Runtime      # DAGs    # Errors  Last Runtime    Last Run
---------------------------------------------  -----  ---------  --------  ----------  --------------  -------------------
/opt/airflow/dags/movie_batch_pipeline_dag.py     72  0.00s             1           0  0.16s           2026-05-05T09:41:46
================================================================================
[2026-05-05T09:42:46.609+0000] {manager.py:878} INFO - 
================================================================================
DAG File Processing Stats

File Path                                        PID  Runtime      # DAGs    # Errors  Last Runtime    Last Run
---------------------------------------------  -----  ---------  --------  ----------  --------------  -------------------
/opt/airflow/dags/movie_batch_pipeline_dag.py     73  0.00s             1           0  0.17s           2026-05-05T09:42:16
================================================================================
[2026-05-05T09:43:16.848+0000] {manager.py:878} INFO - 
================================================================================
DAG File Processing Stats

File Path                                        PID  Runtime      # DAGs    # Errors  Last Runtime    Last Run
---------------------------------------------  -----  ---------  --------  ----------  --------------  -------------------
/opt/airflow/dags/movie_batch_pipeline_dag.py     74  0.00s             1           0  0.18s           2026-05-05T09:42:46
================================================================================
[2026-05-05T09:43:47.171+0000] {manager.py:878} INFO - 
================================================================================
DAG File Processing Stats

File Path                                        PID  Runtime      # DAGs    # Errors  Last Runtime    Last Run
---------------------------------------------  -----  ---------  --------  ----------  --------------  -------------------
/opt/airflow/dags/movie_batch_pipeline_dag.py     75  0.00s             1           0  0.18s           2026-05-05T09:43:17
================================================================================
[2026-05-05T09:44:17.476+0000] {manager.py:878} INFO - 
================================================================================
DAG File Processing Stats

File Path                                        PID  Runtime      # DAGs    # Errors  Last Runtime    Last Run
---------------------------------------------  -----  ---------  --------  ----------  --------------  -------------------
/opt/airflow/dags/movie_batch_pipeline_dag.py     76  0.00s             1           0  0.15s           2026-05-05T09:43:47
================================================================================
[2026-05-05T09:44:37.607+0000] {manager.py:737} INFO - Searching for files in /opt/airflow/dags
[2026-05-05T09:44:37.629+0000] {manager.py:740} INFO - There are 1 files in /opt/airflow/dags
[2026-05-05T09:44:47.713+0000] {manager.py:878} INFO - 
================================================================================
DAG File Processing Stats

File Path                                        PID  Runtime      # DAGs    # Errors  Last Runtime    Last Run
---------------------------------------------  -----  ---------  --------  ----------  --------------  -------------------
/opt/airflow/dags/movie_batch_pipeline_dag.py     77  0.00s             1           0  0.19s           2026-05-05T09:44:17
================================================================================
[2026-05-05T09:45:18.064+0000] {manager.py:878} INFO - 
================================================================================
DAG File Processing Stats

File Path                                        PID  Runtime      # DAGs    # Errors  Last Runtime    Last Run
---------------------------------------------  -----  ---------  --------  ----------  --------------  -------------------
/opt/airflow/dags/movie_batch_pipeline_dag.py     78  0.00s             1           0  0.17s           2026-05-05T09:44:47
================================================================================
[2026-05-05T09:45:48.269+0000] {manager.py:878} INFO - 
================================================================================
DAG File Processing Stats

File Path                                        PID  Runtime      # DAGs    # Errors  Last Runtime    Last Run
---------------------------------------------  -----  ---------  --------  ----------  --------------  -------------------
/opt/airflow/dags/movie_batch_pipeline_dag.py     79  0.00s             1           0  0.18s           2026-05-05T09:45:18
================================================================================
[2026-05-05T09:46:18.647+0000] {manager.py:878} INFO - 
================================================================================
DAG File Processing Stats

File Path                                        PID  Runtime      # DAGs    # Errors  Last Runtime    Last Run
---------------------------------------------  -----  ---------  --------  ----------  --------------  -------------------
/opt/airflow/dags/movie_batch_pipeline_dag.py     80  0.00s             1           0  0.17s           2026-05-05T09:45:48
================================================================================
[2026-05-05T09:46:48.885+0000] {manager.py:878} INFO - 
================================================================================
DAG File Processing Stats

File Path                                        PID  Runtime      # DAGs    # Errors  Last Runtime    Last Run
---------------------------------------------  -----  ---------  --------  ----------  --------------  -------------------
/opt/airflow/dags/movie_batch_pipeline_dag.py     81  0.00s             1           0  0.18s           2026-05-05T09:46:18
================================================================================
[2026-05-05T09:47:19.118+0000] {manager.py:878} INFO - 
================================================================================
DAG File Processing Stats

File Path                                        PID  Runtime      # DAGs    # Errors  Last Runtime    Last Run
---------------------------------------------  -----  ---------  --------  ----------  --------------  -------------------
/opt/airflow/dags/movie_batch_pipeline_dag.py     82  0.00s             1           0  0.16s           2026-05-05T09:46:49
================================================================================
[2026-05-05T09:47:49.518+0000] {manager.py:878} INFO - 
================================================================================
DAG File Processing Stats

File Path                                        PID  Runtime      # DAGs    # Errors  Last Runtime    Last Run
---------------------------------------------  -----  ---------  --------  ----------  --------------  -------------------
/opt/airflow/dags/movie_batch_pipeline_dag.py     83  0.00s             1           0  0.17s           2026-05-05T09:47:19
================================================================================
[2026-05-05T09:48:19.768+0000] {manager.py:878} INFO - 
================================================================================
DAG File Processing Stats

File Path                                        PID  Runtime      # DAGs    # Errors  Last Runtime    Last Run
---------------------------------------------  -----  ---------  --------  ----------  --------------  -------------------
/opt/airflow/dags/movie_batch_pipeline_dag.py     84  0.00s             1           0  0.18s           2026-05-05T09:47:49
================================================================================
[2026-05-05T09:48:50.190+0000] {manager.py:878} INFO - 
================================================================================
DAG File Processing Stats

File Path                                        PID  Runtime      # DAGs    # Errors  Last Runtime    Last Run
---------------------------------------------  -----  ---------  --------  ----------  --------------  -------------------
/opt/airflow/dags/movie_batch_pipeline_dag.py     85  0.00s             1           0  0.16s           2026-05-05T09:48:19
================================================================================
[2026-05-05T09:49:20.434+0000] {manager.py:878} INFO - 
================================================================================
DAG File Processing Stats

File Path                                        PID  Runtime      # DAGs    # Errors  Last Runtime    Last Run
---------------------------------------------  -----  ---------  --------  ----------  --------------  -------------------
/opt/airflow/dags/movie_batch_pipeline_dag.py     86  0.00s             1           0  0.15s           2026-05-05T09:48:50
================================================================================
[2026-05-05T09:49:37.704+0000] {manager.py:737} INFO - Searching for files in /opt/airflow/dags
[2026-05-05T09:49:37.719+0000] {manager.py:740} INFO - There are 1 files in /opt/airflow/dags
[2026-05-05T09:49:50.849+0000] {manager.py:878} INFO - 
================================================================================
DAG File Processing Stats

File Path                                        PID  Runtime      # DAGs    # Errors  Last Runtime    Last Run
---------------------------------------------  -----  ---------  --------  ----------  --------------  -------------------
/opt/airflow/dags/movie_batch_pipeline_dag.py     87  0.00s             1           0  0.15s           2026-05-05T09:49:20
================================================================================
[2026-05-05T09:50:21.076+0000] {manager.py:878} INFO - 
================================================================================
DAG File Processing Stats

File Path                                        PID  Runtime      # DAGs    # Errors  Last Runtime    Last Run
---------------------------------------------  -----  ---------  --------  ----------  --------------  -------------------
/opt/airflow/dags/movie_batch_pipeline_dag.py     88  0.00s             1           0  0.16s           2026-05-05T09:49:51
================================================================================
[2026-05-05T09:50:51.406+0000] {manager.py:878} INFO - 
================================================================================
DAG File Processing Stats

File Path                                        PID  Runtime      # DAGs    # Errors  Last Runtime    Last Run
---------------------------------------------  -----  ---------  --------  ----------  --------------  -------------------
/opt/airflow/dags/movie_batch_pipeline_dag.py     89  0.00s             1           0  0.16s           2026-05-05T09:50:21
================================================================================
[2026-05-05T09:51:21.630+0000] {manager.py:878} INFO - 
================================================================================
DAG File Processing Stats

File Path                                        PID  Runtime      # DAGs    # Errors  Last Runtime    Last Run
---------------------------------------------  -----  ---------  --------  ----------  --------------  -------------------
/opt/airflow/dags/movie_batch_pipeline_dag.py     90  0.00s             1           0  0.17s           2026-05-05T09:50:51
================================================================================
[2026-05-05T09:51:51.950+0000] {manager.py:878} INFO - 
================================================================================
DAG File Processing Stats

File Path                                        PID  Runtime      # DAGs    # Errors  Last Runtime    Last Run
---------------------------------------------  -----  ---------  --------  ----------  --------------  -------------------
/opt/airflow/dags/movie_batch_pipeline_dag.py     91  0.00s             1           0  0.29s           2026-05-05T09:51:21
================================================================================
[2026-05-05T09:52:22.296+0000] {manager.py:878} INFO - 
================================================================================
DAG File Processing Stats

File Path                                        PID  Runtime      # DAGs    # Errors  Last Runtime    Last Run
---------------------------------------------  -----  ---------  --------  ----------  --------------  -------------------
/opt/airflow/dags/movie_batch_pipeline_dag.py     92  0.00s             1           0  0.30s           2026-05-05T09:51:52
================================================================================
[2026-05-05T09:52:52.672+0000] {manager.py:878} INFO - 
================================================================================
DAG File Processing Stats

File Path                                        PID  Runtime      # DAGs    # Errors  Last Runtime    Last Run
---------------------------------------------  -----  ---------  --------  ----------  --------------  -------------------
/opt/airflow/dags/movie_batch_pipeline_dag.py     93  0.00s             1           0  0.21s           2026-05-05T09:52:22
================================================================================
[2026-05-05T09:53:22.882+0000] {manager.py:878} INFO - 
================================================================================
DAG File Processing Stats

File Path                                        PID  Runtime      # DAGs    # Errors  Last Runtime    Last Run
---------------------------------------------  -----  ---------  --------  ----------  --------------  -------------------
/opt/airflow/dags/movie_batch_pipeline_dag.py     94  0.00s             1           0  0.17s           2026-05-05T09:52:52
================================================================================
[2026-05-05T09:53:53.248+0000] {manager.py:878} INFO - 
================================================================================
DAG File Processing Stats

File Path                                        PID  Runtime      # DAGs    # Errors  Last Runtime    Last Run
---------------------------------------------  -----  ---------  --------  ----------  --------------  -------------------
/opt/airflow/dags/movie_batch_pipeline_dag.py     95  0.00s             1           0  0.17s           2026-05-05T09:53:23
================================================================================
[2026-05-05T09:54:23.486+0000] {manager.py:878} INFO - 
================================================================================
DAG File Processing Stats

File Path                                        PID  Runtime      # DAGs    # Errors  Last Runtime    Last Run
---------------------------------------------  -----  ---------  --------  ----------  --------------  -------------------
/opt/airflow/dags/movie_batch_pipeline_dag.py     96  0.00s             1           0  0.15s           2026-05-05T09:53:53
================================================================================
[2026-05-05T09:54:37.719+0000] {manager.py:737} INFO - Searching for files in /opt/airflow/dags
[2026-05-05T09:54:37.738+0000] {manager.py:740} INFO - There are 1 files in /opt/airflow/dags
[2026-05-05T09:54:53.876+0000] {manager.py:878} INFO - 
================================================================================
DAG File Processing Stats

File Path                                        PID  Runtime      # DAGs    # Errors  Last Runtime    Last Run
---------------------------------------------  -----  ---------  --------  ----------  --------------  -------------------
/opt/airflow/dags/movie_batch_pipeline_dag.py     97  0.00s             1           0  0.19s           2026-05-05T09:54:23
================================================================================
[2026-05-05T09:55:24.067+0000] {manager.py:878} INFO - 
================================================================================
DAG File Processing Stats

File Path                                        PID  Runtime      # DAGs    # Errors  Last Runtime    Last Run
---------------------------------------------  -----  ---------  --------  ----------  --------------  -------------------
/opt/airflow/dags/movie_batch_pipeline_dag.py     98  0.00s             1           0  0.17s           2026-05-05T09:54:54
================================================================================
[2026-05-05T09:55:54.419+0000] {manager.py:878} INFO - 
================================================================================
DAG File Processing Stats

File Path                                        PID  Runtime      # DAGs    # Errors  Last Runtime    Last Run
---------------------------------------------  -----  ---------  --------  ----------  --------------  -------------------
/opt/airflow/dags/movie_batch_pipeline_dag.py     99  0.00s             1           0  0.21s           2026-05-05T09:55:24
================================================================================
[2026-05-05T09:56:24.680+0000] {manager.py:878} INFO - 
================================================================================
DAG File Processing Stats

File Path                                        PID  Runtime      # DAGs    # Errors  Last Runtime    Last Run
---------------------------------------------  -----  ---------  --------  ----------  --------------  -------------------
/opt/airflow/dags/movie_batch_pipeline_dag.py    100  0.00s             1           0  0.17s           2026-05-05T09:55:54
================================================================================
[2026-05-05T09:56:54.970+0000] {manager.py:878} INFO - 
================================================================================
DAG File Processing Stats

File Path                                        PID  Runtime      # DAGs    # Errors  Last Runtime    Last Run
---------------------------------------------  -----  ---------  --------  ----------  --------------  -------------------
/opt/airflow/dags/movie_batch_pipeline_dag.py    101  0.00s             1           0  0.16s           2026-05-05T09:56:24
================================================================================
[2026-05-05T09:57:25.206+0000] {manager.py:878} INFO - 
================================================================================
DAG File Processing Stats

File Path                                        PID  Runtime      # DAGs    # Errors  Last Runtime    Last Run
---------------------------------------------  -----  ---------  --------  ----------  --------------  -------------------
/opt/airflow/dags/movie_batch_pipeline_dag.py    102  0.00s             1           0  0.17s           2026-05-05T09:56:55
================================================================================
[2026-05-05T09:57:55.558+0000] {manager.py:878} INFO - 
================================================================================
DAG File Processing Stats

File Path                                        PID  Runtime      # DAGs    # Errors  Last Runtime    Last Run
---------------------------------------------  -----  ---------  --------  ----------  --------------  -------------------
/opt/airflow/dags/movie_batch_pipeline_dag.py    103  0.00s             1           0  0.16s           2026-05-05T09:57:25
================================================================================
[2026-05-05T09:58:25.791+0000] {manager.py:878} INFO - 
================================================================================
DAG File Processing Stats

File Path                                        PID  Runtime      # DAGs    # Errors  Last Runtime    Last Run
---------------------------------------------  -----  ---------  --------  ----------  --------------  -------------------
/opt/airflow/dags/movie_batch_pipeline_dag.py    104  0.00s             1           0  0.16s           2026-05-05T09:57:55
================================================================================
[2026-05-05T09:58:49.402+0000] {manager.py:452} INFO - Exiting gracefully upon receiving signal 15
[2026-05-13T19:54:17.821+0000] {manager.py:470} INFO - Processing files using up to 2 processes at a time 
[2026-05-13T19:54:17.822+0000] {manager.py:471} INFO - Process each file at most once every 30 seconds
[2026-05-13T19:54:17.822+0000] {manager.py:472} INFO - Checking for new files in /opt/airflow/dags every 300 seconds
[2026-05-13T19:54:17.823+0000] {manager.py:737} INFO - Searching for files in /opt/airflow/dags
[2026-05-13T19:54:17.836+0000] {manager.py:740} INFO - There are 1 files in /opt/airflow/dags
[2026-05-13T19:54:17.903+0000] {manager.py:878} INFO - 
================================================================================
DAG File Processing Stats

File Path                                        PID  Runtime      # DAGs    # Errors  Last Runtime    Last Run
---------------------------------------------  -----  ---------  --------  ----------  --------------  ----------
/opt/airflow/dags/movie_batch_pipeline_dag.py     46  0.03s             0           0
================================================================================
[2026-05-13T19:54:48.007+0000] {manager.py:878} INFO - 
================================================================================
DAG File Processing Stats

File Path                                      PID    Runtime      # DAGs    # Errors  Last Runtime    Last Run
---------------------------------------------  -----  ---------  --------  ----------  --------------  -------------------
/opt/airflow/dags/movie_batch_pipeline_dag.py                           1           0  0.52s           2026-05-13T19:54:18
================================================================================
[2026-05-13T19:55:18.609+0000] {manager.py:878} INFO - 
================================================================================
DAG File Processing Stats

File Path                                      PID    Runtime      # DAGs    # Errors  Last Runtime    Last Run
---------------------------------------------  -----  ---------  --------  ----------  --------------  -------------------
/opt/airflow/dags/movie_batch_pipeline_dag.py                           1           0  0.26s           2026-05-13T19:54:48
================================================================================
[2026-05-13T19:55:48.970+0000] {manager.py:878} INFO - 
================================================================================
DAG File Processing Stats

File Path                                      PID    Runtime      # DAGs    # Errors  Last Runtime    Last Run
---------------------------------------------  -----  ---------  --------  ----------  --------------  -------------------
/opt/airflow/dags/movie_batch_pipeline_dag.py                           1           0  0.29s           2026-05-13T19:55:19
================================================================================
[2026-05-13T19:56:19.361+0000] {manager.py:878} INFO - 
================================================================================
DAG File Processing Stats

File Path                                      PID    Runtime      # DAGs    # Errors  Last Runtime    Last Run
---------------------------------------------  -----  ---------  --------  ----------  --------------  -------------------
/opt/airflow/dags/movie_batch_pipeline_dag.py                           1           0  0.27s           2026-05-13T19:55:49
================================================================================
[2026-05-13T19:56:49.816+0000] {manager.py:878} INFO - 
================================================================================
DAG File Processing Stats

File Path                                      PID    Runtime      # DAGs    # Errors  Last Runtime    Last Run
---------------------------------------------  -----  ---------  --------  ----------  --------------  -------------------
/opt/airflow/dags/movie_batch_pipeline_dag.py                           1           0  0.26s           2026-05-13T19:56:19
================================================================================
[2026-05-13T19:57:20.072+0000] {manager.py:878} INFO - 
================================================================================
DAG File Processing Stats

File Path                                      PID    Runtime      # DAGs    # Errors  Last Runtime    Last Run
---------------------------------------------  -----  ---------  --------  ----------  --------------  -------------------
/opt/airflow/dags/movie_batch_pipeline_dag.py                           1           0  0.15s           2026-05-13T19:56:50
================================================================================
[2026-05-13T19:57:50.317+0000] {manager.py:878} INFO - 
================================================================================
DAG File Processing Stats

File Path                                      PID    Runtime      # DAGs    # Errors  Last Runtime    Last Run
---------------------------------------------  -----  ---------  --------  ----------  --------------  -------------------
/opt/airflow/dags/movie_batch_pipeline_dag.py                           1           0  0.15s           2026-05-13T19:57:20
================================================================================
[2026-05-13T19:58:20.555+0000] {manager.py:878} INFO - 
================================================================================
DAG File Processing Stats

File Path                                      PID    Runtime      # DAGs    # Errors  Last Runtime    Last Run
---------------------------------------------  -----  ---------  --------  ----------  --------------  -------------------
/opt/airflow/dags/movie_batch_pipeline_dag.py                           1           0  0.14s           2026-05-13T19:57:50
================================================================================
[2026-05-13T19:58:50.776+0000] {manager.py:878} INFO - 
================================================================================
DAG File Processing Stats

File Path                                      PID    Runtime      # DAGs    # Errors  Last Runtime    Last Run
---------------------------------------------  -----  ---------  --------  ----------  --------------  -------------------
/opt/airflow/dags/movie_batch_pipeline_dag.py                           1           0  0.14s           2026-05-13T19:58:20
================================================================================
[2026-05-13T19:59:18.000+0000] {manager.py:737} INFO - Searching for files in /opt/airflow/dags
[2026-05-13T19:59:18.013+0000] {manager.py:740} INFO - There are 1 files in /opt/airflow/dags
[2026-05-13T19:59:21.034+0000] {manager.py:878} INFO - 
================================================================================
DAG File Processing Stats

File Path                                      PID    Runtime      # DAGs    # Errors  Last Runtime    Last Run
---------------------------------------------  -----  ---------  --------  ----------  --------------  -------------------
/opt/airflow/dags/movie_batch_pipeline_dag.py                           1           0  0.14s           2026-05-13T19:58:51
================================================================================
[2026-05-13T19:59:51.244+0000] {manager.py:878} INFO - 
================================================================================
DAG File Processing Stats

File Path                                      PID    Runtime      # DAGs    # Errors  Last Runtime    Last Run
---------------------------------------------  -----  ---------  --------  ----------  --------------  -------------------
/opt/airflow/dags/movie_batch_pipeline_dag.py                           1           0  0.15s           2026-05-13T19:59:21
================================================================================
[2026-05-13T20:00:21.483+0000] {manager.py:878} INFO - 
================================================================================
DAG File Processing Stats

File Path                                      PID    Runtime      # DAGs    # Errors  Last Runtime    Last Run
---------------------------------------------  -----  ---------  --------  ----------  --------------  -------------------
/opt/airflow/dags/movie_batch_pipeline_dag.py                           1           0  0.16s           2026-05-13T19:59:51
================================================================================
[2026-05-13T20:00:51.729+0000] {manager.py:878} INFO - 
================================================================================
DAG File Processing Stats

File Path                                      PID    Runtime      # DAGs    # Errors  Last Runtime    Last Run
---------------------------------------------  -----  ---------  --------  ----------  --------------  -------------------
/opt/airflow/dags/movie_batch_pipeline_dag.py                           1           0  0.14s           2026-05-13T20:00:21
================================================================================
[2026-05-13T20:01:21.947+0000] {manager.py:878} INFO - 
================================================================================
DAG File Processing Stats

File Path                                      PID    Runtime      # DAGs    # Errors  Last Runtime    Last Run
---------------------------------------------  -----  ---------  --------  ----------  --------------  -------------------
/opt/airflow/dags/movie_batch_pipeline_dag.py                           1           0  0.19s           2026-05-13T20:00:52
================================================================================
[2026-05-13T20:01:52.229+0000] {manager.py:878} INFO - 
================================================================================
DAG File Processing Stats

File Path                                      PID    Runtime      # DAGs    # Errors  Last Runtime    Last Run
---------------------------------------------  -----  ---------  --------  ----------  --------------  -------------------
/opt/airflow/dags/movie_batch_pipeline_dag.py                           1           0  0.15s           2026-05-13T20:01:22
================================================================================
[2026-05-13T20:02:22.468+0000] {manager.py:878} INFO - 
================================================================================
DAG File Processing Stats

File Path                                      PID    Runtime      # DAGs    # Errors  Last Runtime    Last Run
---------------------------------------------  -----  ---------  --------  ----------  --------------  -------------------
/opt/airflow/dags/movie_batch_pipeline_dag.py                           1           0  0.14s           2026-05-13T20:01:52
================================================================================
[2026-05-13T20:02:52.703+0000] {manager.py:878} INFO - 
================================================================================
DAG File Processing Stats

File Path                                      PID    Runtime      # DAGs    # Errors  Last Runtime    Last Run
---------------------------------------------  -----  ---------  --------  ----------  --------------  -------------------
/opt/airflow/dags/movie_batch_pipeline_dag.py                           1           0  0.15s           2026-05-13T20:02:22
================================================================================
[2026-05-13T20:03:22.939+0000] {manager.py:878} INFO - 
================================================================================
DAG File Processing Stats

File Path                                      PID    Runtime      # DAGs    # Errors  Last Runtime    Last Run
---------------------------------------------  -----  ---------  --------  ----------  --------------  -------------------
/opt/airflow/dags/movie_batch_pipeline_dag.py                           1           0  0.14s           2026-05-13T20:02:52
================================================================================
[2026-05-13T20:03:53.161+0000] {manager.py:878} INFO - 
================================================================================
DAG File Processing Stats

File Path                                      PID    Runtime      # DAGs    # Errors  Last Runtime    Last Run
---------------------------------------------  -----  ---------  --------  ----------  --------------  -------------------
/opt/airflow/dags/movie_batch_pipeline_dag.py                           1           0  0.14s           2026-05-13T20:03:23
================================================================================
[2026-05-13T20:04:18.370+0000] {manager.py:737} INFO - Searching for files in /opt/airflow/dags
[2026-05-13T20:04:18.383+0000] {manager.py:740} INFO - There are 1 files in /opt/airflow/dags
[2026-05-13T20:04:23.410+0000] {manager.py:878} INFO - 
================================================================================
DAG File Processing Stats

File Path                                      PID    Runtime      # DAGs    # Errors  Last Runtime    Last Run
---------------------------------------------  -----  ---------  --------  ----------  --------------  -------------------
/opt/airflow/dags/movie_batch_pipeline_dag.py                           1           0  0.14s           2026-05-13T20:03:53
================================================================================
[2026-05-13T20:04:53.618+0000] {manager.py:878} INFO - 
================================================================================
DAG File Processing Stats

File Path                                      PID    Runtime      # DAGs    # Errors  Last Runtime    Last Run
---------------------------------------------  -----  ---------  --------  ----------  --------------  -------------------
/opt/airflow/dags/movie_batch_pipeline_dag.py                           1           0  0.15s           2026-05-13T20:04:23
================================================================================
[2026-05-13T20:04:57.870+0000] {manager.py:452} INFO - Exiting gracefully upon receiving signal 15
[2026-05-13T20:05:26.144+0000] {manager.py:470} INFO - Processing files using up to 2 processes at a time 
[2026-05-13T20:05:26.145+0000] {manager.py:471} INFO - Process each file at most once every 30 seconds
[2026-05-13T20:05:26.145+0000] {manager.py:472} INFO - Checking for new files in /opt/airflow/dags every 300 seconds
[2026-05-13T20:05:26.146+0000] {manager.py:737} INFO - Searching for files in /opt/airflow/dags
[2026-05-13T20:05:26.160+0000] {manager.py:740} INFO - There are 1 files in /opt/airflow/dags
[2026-05-13T20:05:26.222+0000] {manager.py:878} INFO - 
================================================================================
DAG File Processing Stats

File Path                                        PID  Runtime      # DAGs    # Errors  Last Runtime    Last Run
---------------------------------------------  -----  ---------  --------  ----------  --------------  ----------
/opt/airflow/dags/movie_batch_pipeline_dag.py     46  0.03s             0           0
================================================================================
[2026-05-13T20:05:56.330+0000] {manager.py:878} INFO - 
================================================================================
DAG File Processing Stats

File Path                                      PID    Runtime      # DAGs    # Errors  Last Runtime    Last Run
---------------------------------------------  -----  ---------  --------  ----------  --------------  -------------------
/opt/airflow/dags/movie_batch_pipeline_dag.py                           1           0  0.15s           2026-05-13T20:05:26
================================================================================
[2026-05-13T20:06:26.532+0000] {manager.py:878} INFO - 
================================================================================
DAG File Processing Stats

File Path                                      PID    Runtime      # DAGs    # Errors  Last Runtime    Last Run
---------------------------------------------  -----  ---------  --------  ----------  --------------  -------------------
/opt/airflow/dags/movie_batch_pipeline_dag.py                           1           0  0.40s           2026-05-13T20:05:56
================================================================================
[2026-05-13T20:06:57.034+0000] {manager.py:878} INFO - 
================================================================================
DAG File Processing Stats

File Path                                      PID    Runtime      # DAGs    # Errors  Last Runtime    Last Run
---------------------------------------------  -----  ---------  --------  ----------  --------------  -------------------
/opt/airflow/dags/movie_batch_pipeline_dag.py                           1           0  0.25s           2026-05-13T20:06:27
================================================================================
[2026-05-13T20:07:27.376+0000] {manager.py:878} INFO - 
================================================================================
DAG File Processing Stats

File Path                                      PID    Runtime      # DAGs    # Errors  Last Runtime    Last Run
---------------------------------------------  -----  ---------  --------  ----------  --------------  -------------------
/opt/airflow/dags/movie_batch_pipeline_dag.py                           1           0  0.26s           2026-05-13T20:06:57
================================================================================
[2026-05-13T20:07:57.821+0000] {manager.py:878} INFO - 
================================================================================
DAG File Processing Stats

File Path                                      PID    Runtime      # DAGs    # Errors  Last Runtime    Last Run
---------------------------------------------  -----  ---------  --------  ----------  --------------  -------------------
/opt/airflow/dags/movie_batch_pipeline_dag.py                           1           0  0.25s           2026-05-13T20:07:27
================================================================================
[2026-05-13T20:08:28.081+0000] {manager.py:878} INFO - 
================================================================================
DAG File Processing Stats

File Path                                      PID    Runtime      # DAGs    # Errors  Last Runtime    Last Run
---------------------------------------------  -----  ---------  --------  ----------  --------------  -------------------
/opt/airflow/dags/movie_batch_pipeline_dag.py                           1           0  0.16s           2026-05-13T20:07:58
================================================================================
[2026-05-13T20:08:58.325+0000] {manager.py:878} INFO - 
================================================================================
DAG File Processing Stats

File Path                                      PID    Runtime      # DAGs    # Errors  Last Runtime    Last Run
---------------------------------------------  -----  ---------  --------  ----------  --------------  -------------------
/opt/airflow/dags/movie_batch_pipeline_dag.py                           1           0  0.14s           2026-05-13T20:08:28
================================================================================
[2026-05-13T20:09:28.550+0000] {manager.py:878} INFO - 
================================================================================
DAG File Processing Stats

File Path                                      PID    Runtime      # DAGs    # Errors  Last Runtime    Last Run
---------------------------------------------  -----  ---------  --------  ----------  --------------  -------------------
/opt/airflow/dags/movie_batch_pipeline_dag.py                           1           0  0.14s           2026-05-13T20:08:58
================================================================================
[2026-05-13T20:09:58.778+0000] {manager.py:878} INFO - 
================================================================================
DAG File Processing Stats

File Path                                      PID    Runtime      # DAGs    # Errors  Last Runtime    Last Run
---------------------------------------------  -----  ---------  --------  ----------  --------------  -------------------
/opt/airflow/dags/movie_batch_pipeline_dag.py                           1           0  0.14s           2026-05-13T20:09:28
================================================================================
[2026-05-13T20:10:26.987+0000] {manager.py:737} INFO - Searching for files in /opt/airflow/dags
[2026-05-13T20:10:27.000+0000] {manager.py:740} INFO - There are 1 files in /opt/airflow/dags
[2026-05-13T20:10:29.016+0000] {manager.py:878} INFO - 
================================================================================
DAG File Processing Stats

File Path                                      PID    Runtime      # DAGs    # Errors  Last Runtime    Last Run
---------------------------------------------  -----  ---------  --------  ----------  --------------  -------------------
/opt/airflow/dags/movie_batch_pipeline_dag.py                           1           0  0.14s           2026-05-13T20:09:59
================================================================================
[2026-05-13T20:10:59.217+0000] {manager.py:878} INFO - 
================================================================================
DAG File Processing Stats

File Path                                      PID    Runtime      # DAGs    # Errors  Last Runtime    Last Run
---------------------------------------------  -----  ---------  --------  ----------  --------------  -------------------
/opt/airflow/dags/movie_batch_pipeline_dag.py                           1           0  0.14s           2026-05-13T20:10:29
================================================================================
[2026-05-13T20:11:29.444+0000] {manager.py:878} INFO - 
================================================================================
DAG File Processing Stats

File Path                                      PID    Runtime      # DAGs    # Errors  Last Runtime    Last Run
---------------------------------------------  -----  ---------  --------  ----------  --------------  -------------------
/opt/airflow/dags/movie_batch_pipeline_dag.py                           1           0  0.14s           2026-05-13T20:10:59
================================================================================
[2026-05-13T20:11:59.670+0000] {manager.py:878} INFO - 
================================================================================
DAG File Processing Stats

File Path                                      PID    Runtime      # DAGs    # Errors  Last Runtime    Last Run
---------------------------------------------  -----  ---------  --------  ----------  --------------  -------------------
/opt/airflow/dags/movie_batch_pipeline_dag.py                           1           0  0.15s           2026-05-13T20:11:29
================================================================================
[2026-05-13T20:12:29.920+0000] {manager.py:878} INFO - 
================================================================================
DAG File Processing Stats

File Path                                      PID    Runtime      # DAGs    # Errors  Last Runtime    Last Run
---------------------------------------------  -----  ---------  --------  ----------  --------------  -------------------
/opt/airflow/dags/movie_batch_pipeline_dag.py                           1           0  0.15s           2026-05-13T20:11:59
================================================================================
[2026-05-13T20:13:00.158+0000] {manager.py:878} INFO - 
================================================================================
DAG File Processing Stats

File Path                                      PID    Runtime      # DAGs    # Errors  Last Runtime    Last Run
---------------------------------------------  -----  ---------  --------  ----------  --------------  -------------------
/opt/airflow/dags/movie_batch_pipeline_dag.py                           1           0  0.15s           2026-05-13T20:12:30
================================================================================
[2026-05-13T20:13:30.393+0000] {manager.py:878} INFO - 
================================================================================
DAG File Processing Stats

File Path                                      PID    Runtime      # DAGs    # Errors  Last Runtime    Last Run
---------------------------------------------  -----  ---------  --------  ----------  --------------  -------------------
/opt/airflow/dags/movie_batch_pipeline_dag.py                           1           0  0.14s           2026-05-13T20:13:00
================================================================================
[2026-05-13T20:14:00.613+0000] {manager.py:878} INFO - 
================================================================================
DAG File Processing Stats

File Path                                      PID    Runtime      # DAGs    # Errors  Last Runtime    Last Run
---------------------------------------------  -----  ---------  --------  ----------  --------------  -------------------
/opt/airflow/dags/movie_batch_pipeline_dag.py                           1           0  0.14s           2026-05-13T20:13:30
================================================================================
[2026-05-13T20:14:30.839+0000] {manager.py:878} INFO - 
================================================================================
DAG File Processing Stats

File Path                                      PID    Runtime      # DAGs    # Errors  Last Runtime    Last Run
---------------------------------------------  -----  ---------  --------  ----------  --------------  -------------------
/opt/airflow/dags/movie_batch_pipeline_dag.py                           1           0  0.14s           2026-05-13T20:14:00
================================================================================
[2026-05-13T20:15:01.058+0000] {manager.py:878} INFO - 
================================================================================
DAG File Processing Stats

File Path                                      PID    Runtime      # DAGs    # Errors  Last Runtime    Last Run
---------------------------------------------  -----  ---------  --------  ----------  --------------  -------------------
/opt/airflow/dags/movie_batch_pipeline_dag.py                           1           0  0.14s           2026-05-13T20:14:31
================================================================================
[2026-05-13T20:15:27.273+0000] {manager.py:737} INFO - Searching for files in /opt/airflow/dags
[2026-05-13T20:15:27.287+0000] {manager.py:740} INFO - There are 1 files in /opt/airflow/dags
[2026-05-13T20:15:31.311+0000] {manager.py:878} INFO - 
================================================================================
DAG File Processing Stats

File Path                                      PID    Runtime      # DAGs    # Errors  Last Runtime    Last Run
---------------------------------------------  -----  ---------  --------  ----------  --------------  -------------------
/opt/airflow/dags/movie_batch_pipeline_dag.py                           1           0  0.15s           2026-05-13T20:15:01
================================================================================
[2026-05-13T20:16:01.530+0000] {manager.py:878} INFO - 
================================================================================
DAG File Processing Stats

File Path                                      PID    Runtime      # DAGs    # Errors  Last Runtime    Last Run
---------------------------------------------  -----  ---------  --------  ----------  --------------  -------------------
/opt/airflow/dags/movie_batch_pipeline_dag.py                           1           0  0.15s           2026-05-13T20:15:31
================================================================================
[2026-05-13T20:16:31.770+0000] {manager.py:878} INFO - 
================================================================================
DAG File Processing Stats

File Path                                      PID    Runtime      # DAGs    # Errors  Last Runtime    Last Run
---------------------------------------------  -----  ---------  --------  ----------  --------------  -------------------
/opt/airflow/dags/movie_batch_pipeline_dag.py                           1           0  0.15s           2026-05-13T20:16:01
================================================================================
[2026-05-13T20:17:02.007+0000] {manager.py:878} INFO - 
================================================================================
DAG File Processing Stats

File Path                                      PID    Runtime      # DAGs    # Errors  Last Runtime    Last Run
---------------------------------------------  -----  ---------  --------  ----------  --------------  -------------------
/opt/airflow/dags/movie_batch_pipeline_dag.py                           1           0  0.15s           2026-05-13T20:16:32
================================================================================
[2026-05-13T20:17:32.241+0000] {manager.py:878} INFO - 
================================================================================
DAG File Processing Stats

File Path                                      PID    Runtime      # DAGs    # Errors  Last Runtime    Last Run
---------------------------------------------  -----  ---------  --------  ----------  --------------  -------------------
/opt/airflow/dags/movie_batch_pipeline_dag.py                           1           0  0.14s           2026-05-13T20:17:02
================================================================================
[2026-05-13T20:18:02.466+0000] {manager.py:878} INFO - 
================================================================================
DAG File Processing Stats

File Path                                      PID    Runtime      # DAGs    # Errors  Last Runtime    Last Run
---------------------------------------------  -----  ---------  --------  ----------  --------------  -------------------
/opt/airflow/dags/movie_batch_pipeline_dag.py                           1           0  0.15s           2026-05-13T20:17:32
================================================================================
[2026-05-13T20:18:32.701+0000] {manager.py:878} INFO - 
================================================================================
DAG File Processing Stats

File Path                                      PID    Runtime      # DAGs    # Errors  Last Runtime    Last Run
---------------------------------------------  -----  ---------  --------  ----------  --------------  -------------------
/opt/airflow/dags/movie_batch_pipeline_dag.py                           1           0  0.14s           2026-05-13T20:18:02
================================================================================
[2026-05-13T20:19:02.928+0000] {manager.py:878} INFO - 
================================================================================
DAG File Processing Stats

File Path                                      PID    Runtime      # DAGs    # Errors  Last Runtime    Last Run
---------------------------------------------  -----  ---------  --------  ----------  --------------  -------------------
/opt/airflow/dags/movie_batch_pipeline_dag.py                           1           0  0.16s           2026-05-13T20:18:32
================================================================================
[2026-05-13T20:19:33.176+0000] {manager.py:878} INFO - 
================================================================================
DAG File Processing Stats

File Path                                      PID    Runtime      # DAGs    # Errors  Last Runtime    Last Run
---------------------------------------------  -----  ---------  --------  ----------  --------------  -------------------
/opt/airflow/dags/movie_batch_pipeline_dag.py                           1           0  0.13s           2026-05-13T20:19:03
================================================================================
[2026-05-13T20:20:03.401+0000] {manager.py:878} INFO - 
================================================================================
DAG File Processing Stats

File Path                                      PID    Runtime      # DAGs    # Errors  Last Runtime    Last Run
---------------------------------------------  -----  ---------  --------  ----------  --------------  -------------------
/opt/airflow/dags/movie_batch_pipeline_dag.py                           1           0  0.14s           2026-05-13T20:19:33
================================================================================
[2026-05-13T20:20:27.606+0000] {manager.py:737} INFO - Searching for files in /opt/airflow/dags
[2026-05-13T20:20:27.618+0000] {manager.py:740} INFO - There are 1 files in /opt/airflow/dags
[2026-05-13T20:20:33.646+0000] {manager.py:878} INFO - 
================================================================================
DAG File Processing Stats

File Path                                      PID    Runtime      # DAGs    # Errors  Last Runtime    Last Run
---------------------------------------------  -----  ---------  --------  ----------  --------------  -------------------
/opt/airflow/dags/movie_batch_pipeline_dag.py                           1           0  0.15s           2026-05-13T20:20:03
================================================================================
[2026-05-13T20:21:03.873+0000] {manager.py:878} INFO - 
================================================================================
DAG File Processing Stats

File Path                                      PID    Runtime      # DAGs    # Errors  Last Runtime    Last Run
---------------------------------------------  -----  ---------  --------  ----------  --------------  -------------------
/opt/airflow/dags/movie_batch_pipeline_dag.py                           1           0  0.15s           2026-05-13T20:20:33
================================================================================
[2026-05-13T20:21:34.120+0000] {manager.py:878} INFO - 
================================================================================
DAG File Processing Stats

File Path                                      PID    Runtime      # DAGs    # Errors  Last Runtime    Last Run
---------------------------------------------  -----  ---------  --------  ----------  --------------  -------------------
/opt/airflow/dags/movie_batch_pipeline_dag.py                           1           0  0.14s           2026-05-13T20:21:04
================================================================================
[2026-05-13T20:22:04.346+0000] {manager.py:878} INFO - 
================================================================================
DAG File Processing Stats

File Path                                      PID    Runtime      # DAGs    # Errors  Last Runtime    Last Run
---------------------------------------------  -----  ---------  --------  ----------  --------------  -------------------
/opt/airflow/dags/movie_batch_pipeline_dag.py                           1           0  0.14s           2026-05-13T20:21:34
================================================================================
[2026-05-13T20:22:34.587+0000] {manager.py:878} INFO - 
================================================================================
DAG File Processing Stats

File Path                                      PID    Runtime      # DAGs    # Errors  Last Runtime    Last Run
---------------------------------------------  -----  ---------  --------  ----------  --------------  -------------------
/opt/airflow/dags/movie_batch_pipeline_dag.py                           1           0  0.14s           2026-05-13T20:22:04
================================================================================
[2026-05-13T20:23:04.811+0000] {manager.py:878} INFO - 
================================================================================
DAG File Processing Stats

File Path                                      PID    Runtime      # DAGs    # Errors  Last Runtime    Last Run
---------------------------------------------  -----  ---------  --------  ----------  --------------  -------------------
/opt/airflow/dags/movie_batch_pipeline_dag.py                           1           0  0.16s           2026-05-13T20:22:34
================================================================================
[2026-05-13T20:23:35.070+0000] {manager.py:878} INFO - 
================================================================================
DAG File Processing Stats

File Path                                      PID    Runtime      # DAGs    # Errors  Last Runtime    Last Run
---------------------------------------------  -----  ---------  --------  ----------  --------------  -------------------
/opt/airflow/dags/movie_batch_pipeline_dag.py                           1           0  0.15s           2026-05-13T20:23:05
================================================================================
[2026-05-13T20:24:05.304+0000] {manager.py:878} INFO - 
================================================================================
DAG File Processing Stats

File Path                                      PID    Runtime      # DAGs    # Errors  Last Runtime    Last Run
---------------------------------------------  -----  ---------  --------  ----------  --------------  -------------------
/opt/airflow/dags/movie_batch_pipeline_dag.py                           1           0  0.15s           2026-05-13T20:23:35
================================================================================
[2026-05-13T20:24:35.540+0000] {manager.py:878} INFO - 
================================================================================
DAG File Processing Stats

File Path                                      PID    Runtime      # DAGs    # Errors  Last Runtime    Last Run
---------------------------------------------  -----  ---------  --------  ----------  --------------  -------------------
/opt/airflow/dags/movie_batch_pipeline_dag.py                           1           0  0.14s           2026-05-13T20:24:05
================================================================================
[2026-05-13T20:25:05.769+0000] {manager.py:878} INFO - 
================================================================================
DAG File Processing Stats

File Path                                      PID    Runtime      # DAGs    # Errors  Last Runtime    Last Run
---------------------------------------------  -----  ---------  --------  ----------  --------------  -------------------
/opt/airflow/dags/movie_batch_pipeline_dag.py                           1           0  0.14s           2026-05-13T20:24:35
================================================================================
[2026-05-13T20:25:27.968+0000] {manager.py:737} INFO - Searching for files in /opt/airflow/dags
[2026-05-13T20:25:27.983+0000] {manager.py:740} INFO - There are 1 files in /opt/airflow/dags
[2026-05-13T20:25:36.020+0000] {manager.py:878} INFO - 
================================================================================
DAG File Processing Stats

File Path                                      PID    Runtime      # DAGs    # Errors  Last Runtime    Last Run
---------------------------------------------  -----  ---------  --------  ----------  --------------  -------------------
/opt/airflow/dags/movie_batch_pipeline_dag.py                           1           0  0.15s           2026-05-13T20:25:06
================================================================================
[2026-05-13T20:26:06.234+0000] {manager.py:878} INFO - 
================================================================================
DAG File Processing Stats

File Path                                      PID    Runtime      # DAGs    # Errors  Last Runtime    Last Run
---------------------------------------------  -----  ---------  --------  ----------  --------------  -------------------
/opt/airflow/dags/movie_batch_pipeline_dag.py                           1           0  0.15s           2026-05-13T20:25:36
================================================================================
[2026-05-13T20:26:36.481+0000] {manager.py:878} INFO - 
================================================================================
DAG File Processing Stats

File Path                                      PID    Runtime      # DAGs    # Errors  Last Runtime    Last Run
---------------------------------------------  -----  ---------  --------  ----------  --------------  -------------------
/opt/airflow/dags/movie_batch_pipeline_dag.py                           1           0  0.19s           2026-05-13T20:26:06
================================================================================
[2026-05-13T20:27:06.761+0000] {manager.py:878} INFO - 
================================================================================
DAG File Processing Stats

File Path                                      PID    Runtime      # DAGs    # Errors  Last Runtime    Last Run
---------------------------------------------  -----  ---------  --------  ----------  --------------  -------------------
/opt/airflow/dags/movie_batch_pipeline_dag.py                           1           0  0.18s           2026-05-13T20:26:36
================================================================================
[2026-05-13T20:27:37.037+0000] {manager.py:878} INFO - 
================================================================================
DAG File Processing Stats

File Path                                      PID    Runtime      # DAGs    # Errors  Last Runtime    Last Run
---------------------------------------------  -----  ---------  --------  ----------  --------------  -------------------
/opt/airflow/dags/movie_batch_pipeline_dag.py                           1           0  0.18s           2026-05-13T20:27:07
================================================================================
[2026-05-13T20:28:07.302+0000] {manager.py:878} INFO - 
================================================================================
DAG File Processing Stats

File Path                                      PID    Runtime      # DAGs    # Errors  Last Runtime    Last Run
---------------------------------------------  -----  ---------  --------  ----------  --------------  -------------------
/opt/airflow/dags/movie_batch_pipeline_dag.py                           1           0  0.45s           2026-05-13T20:27:37
================================================================================
[2026-05-13T20:28:37.870+0000] {manager.py:878} INFO - 
================================================================================
DAG File Processing Stats

File Path                                      PID    Runtime      # DAGs    # Errors  Last Runtime    Last Run
---------------------------------------------  -----  ---------  --------  ----------  --------------  -------------------
/opt/airflow/dags/movie_batch_pipeline_dag.py                           1           0  0.21s           2026-05-13T20:28:07
================================================================================
[2026-05-13T20:29:08.184+0000] {manager.py:878} INFO - 
================================================================================
DAG File Processing Stats

File Path                                      PID    Runtime      # DAGs    # Errors  Last Runtime    Last Run
---------------------------------------------  -----  ---------  --------  ----------  --------------  -------------------
/opt/airflow/dags/movie_batch_pipeline_dag.py                           1           0  0.23s           2026-05-13T20:28:38
================================================================================
[2026-05-13T20:29:38.510+0000] {manager.py:878} INFO - 
================================================================================
DAG File Processing Stats

File Path                                      PID    Runtime      # DAGs    # Errors  Last Runtime    Last Run
---------------------------------------------  -----  ---------  --------  ----------  --------------  -------------------
/opt/airflow/dags/movie_batch_pipeline_dag.py                           1           0  0.22s           2026-05-13T20:29:08
================================================================================
[2026-05-13T20:30:08.829+0000] {manager.py:878} INFO - 
================================================================================
DAG File Processing Stats

File Path                                      PID    Runtime      # DAGs    # Errors  Last Runtime    Last Run
---------------------------------------------  -----  ---------  --------  ----------  --------------  -------------------
/opt/airflow/dags/movie_batch_pipeline_dag.py                           1           0  0.22s           2026-05-13T20:29:38
================================================================================
[2026-05-13T20:30:28.098+0000] {manager.py:737} INFO - Searching for files in /opt/airflow/dags
[2026-05-13T20:30:28.116+0000] {manager.py:740} INFO - There are 1 files in /opt/airflow/dags
[2026-05-13T20:30:39.170+0000] {manager.py:878} INFO - 
================================================================================
DAG File Processing Stats

File Path                                      PID    Runtime      # DAGs    # Errors  Last Runtime    Last Run
---------------------------------------------  -----  ---------  --------  ----------  --------------  -------------------
/opt/airflow/dags/movie_batch_pipeline_dag.py                           1           0  0.22s           2026-05-13T20:30:09
================================================================================
[2026-05-13T20:31:09.457+0000] {manager.py:878} INFO - 
================================================================================
DAG File Processing Stats

File Path                                      PID    Runtime      # DAGs    # Errors  Last Runtime    Last Run
---------------------------------------------  -----  ---------  --------  ----------  --------------  -------------------
/opt/airflow/dags/movie_batch_pipeline_dag.py                           1           0  0.23s           2026-05-13T20:30:39
================================================================================
[2026-05-13T20:31:39.786+0000] {manager.py:878} INFO - 
================================================================================
DAG File Processing Stats

File Path                                      PID    Runtime      # DAGs    # Errors  Last Runtime    Last Run
---------------------------------------------  -----  ---------  --------  ----------  --------------  -------------------
/opt/airflow/dags/movie_batch_pipeline_dag.py                           1           0  0.23s           2026-05-13T20:31:09
================================================================================
[2026-05-13T20:32:10.110+0000] {manager.py:878} INFO - 
================================================================================
DAG File Processing Stats

File Path                                      PID    Runtime      # DAGs    # Errors  Last Runtime    Last Run
---------------------------------------------  -----  ---------  --------  ----------  --------------  -------------------
/opt/airflow/dags/movie_batch_pipeline_dag.py                           1           0  0.21s           2026-05-13T20:31:40
================================================================================
[2026-05-13T20:32:40.411+0000] {manager.py:878} INFO - 
================================================================================
DAG File Processing Stats

File Path                                      PID    Runtime      # DAGs    # Errors  Last Runtime    Last Run
---------------------------------------------  -----  ---------  --------  ----------  --------------  -------------------
/opt/airflow/dags/movie_batch_pipeline_dag.py                           1           0  0.22s           2026-05-13T20:32:10
================================================================================
[2026-05-13T20:33:10.726+0000] {manager.py:878} INFO - 
================================================================================
DAG File Processing Stats

File Path                                      PID    Runtime      # DAGs    # Errors  Last Runtime    Last Run
---------------------------------------------  -----  ---------  --------  ----------  --------------  -------------------
/opt/airflow/dags/movie_batch_pipeline_dag.py                           0           1  2.00s           2026-05-13T20:32:55
================================================================================
[2026-05-13T20:33:41.028+0000] {manager.py:878} INFO - 
================================================================================
DAG File Processing Stats

File Path                                      PID    Runtime      # DAGs    # Errors  Last Runtime    Last Run
---------------------------------------------  -----  ---------  --------  ----------  --------------  -------------------
/opt/airflow/dags/movie_batch_pipeline_dag.py                           0           1  0.73s           2026-05-13T20:33:26
================================================================================
[2026-05-13T20:34:11.141+0000] {manager.py:878} INFO - 
================================================================================
DAG File Processing Stats

File Path                                      PID    Runtime      # DAGs    # Errors  Last Runtime    Last Run
---------------------------------------------  -----  ---------  --------  ----------  --------------  -------------------
/opt/airflow/dags/movie_batch_pipeline_dag.py                           0           1  0.55s           2026-05-13T20:33:57
================================================================================
[2026-05-13T20:34:41.325+0000] {manager.py:878} INFO - 
================================================================================
DAG File Processing Stats

File Path                                      PID    Runtime      # DAGs    # Errors  Last Runtime    Last Run
---------------------------------------------  -----  ---------  --------  ----------  --------------  -------------------
/opt/airflow/dags/movie_batch_pipeline_dag.py                           0           1  0.57s           2026-05-13T20:34:27
================================================================================
[2026-05-13T20:35:11.437+0000] {manager.py:878} INFO - 
================================================================================
DAG File Processing Stats

File Path                                      PID    Runtime      # DAGs    # Errors  Last Runtime    Last Run
---------------------------------------------  -----  ---------  --------  ----------  --------------  -------------------
/opt/airflow/dags/movie_batch_pipeline_dag.py                           0           1  0.61s           2026-05-13T20:34:58
================================================================================
[2026-05-13T20:35:28.505+0000] {manager.py:737} INFO - Searching for files in /opt/airflow/dags
[2026-05-13T20:35:28.527+0000] {manager.py:740} INFO - There are 3 files in /opt/airflow/dags
[2026-05-13T20:35:41.867+0000] {manager.py:878} INFO - 
================================================================================
DAG File Processing Stats

File Path                                         PID    Runtime      # DAGs    # Errors  Last Runtime    Last Run
------------------------------------------------  -----  ---------  --------  ----------  --------------  -------------------
/opt/airflow/dags/movie_batch_pipeline_dag.py                              0           1  0.67s           2026-05-13T20:35:29
/opt/airflow/dags/movie_airbyte_sync_dag.py                                1           0  0.26s           2026-05-13T20:35:28
/opt/airflow/dags/movie_realtime_pipeline_dag.py                           0           1  0.07s           2026-05-13T20:35:28
================================================================================
[2026-05-13T20:36:12.140+0000] {manager.py:878} INFO - 
================================================================================
DAG File Processing Stats

File Path                                         PID    Runtime      # DAGs    # Errors  Last Runtime    Last Run
------------------------------------------------  -----  ---------  --------  ----------  --------------  -------------------
/opt/airflow/dags/movie_batch_pipeline_dag.py                              0           1  0.69s           2026-05-13T20:36:00
/opt/airflow/dags/movie_airbyte_sync_dag.py                                1           0  0.13s           2026-05-13T20:35:59
/opt/airflow/dags/movie_realtime_pipeline_dag.py                           0           1  0.06s           2026-05-13T20:35:59
================================================================================
[2026-05-13T20:36:42.400+0000] {manager.py:878} INFO - 
================================================================================
DAG File Processing Stats

File Path                                         PID    Runtime      # DAGs    # Errors  Last Runtime    Last Run
------------------------------------------------  -----  ---------  --------  ----------  --------------  -------------------
/opt/airflow/dags/movie_batch_pipeline_dag.py                              0           1  0.52s           2026-05-13T20:36:31
/opt/airflow/dags/movie_airbyte_sync_dag.py                                1           0  0.12s           2026-05-13T20:36:29
/opt/airflow/dags/movie_realtime_pipeline_dag.py                           0           1  0.05s           2026-05-13T20:36:29
================================================================================
[2026-05-13T20:37:12.669+0000] {manager.py:878} INFO - 
================================================================================
DAG File Processing Stats

File Path                                         PID    Runtime      # DAGs    # Errors  Last Runtime    Last Run
------------------------------------------------  -----  ---------  --------  ----------  --------------  -------------------
/opt/airflow/dags/movie_batch_pipeline_dag.py                              0           1  0.55s           2026-05-13T20:37:03
/opt/airflow/dags/movie_airbyte_sync_dag.py                                1           0  0.13s           2026-05-13T20:36:59
/opt/airflow/dags/movie_realtime_pipeline_dag.py                           0           1  0.05s           2026-05-13T20:36:59
================================================================================
[2026-05-13T20:37:42.949+0000] {manager.py:878} INFO - 
================================================================================
DAG File Processing Stats

File Path                                         PID    Runtime      # DAGs    # Errors  Last Runtime    Last Run
------------------------------------------------  -----  ---------  --------  ----------  --------------  -------------------
/opt/airflow/dags/movie_batch_pipeline_dag.py                              0           1  0.53s           2026-05-13T20:37:34
/opt/airflow/dags/movie_airbyte_sync_dag.py                                1           0  0.13s           2026-05-13T20:37:29
/opt/airflow/dags/movie_realtime_pipeline_dag.py                           0           1  0.06s           2026-05-13T20:37:29
================================================================================
[2026-05-13T20:38:13.224+0000] {manager.py:878} INFO - 
================================================================================
DAG File Processing Stats

File Path                                         PID    Runtime      # DAGs    # Errors  Last Runtime    Last Run
------------------------------------------------  -----  ---------  --------  ----------  --------------  -------------------
/opt/airflow/dags/movie_batch_pipeline_dag.py                              0           1  0.68s           2026-05-13T20:38:05
/opt/airflow/dags/movie_airbyte_sync_dag.py                                1           0  0.13s           2026-05-13T20:38:00
/opt/airflow/dags/movie_realtime_pipeline_dag.py                           0           1  0.06s           2026-05-13T20:38:00
================================================================================
[2026-05-13T20:38:43.506+0000] {manager.py:878} INFO - 
================================================================================
DAG File Processing Stats

File Path                                         PID    Runtime      # DAGs    # Errors  Last Runtime    Last Run
------------------------------------------------  -----  ---------  --------  ----------  --------------  -------------------
/opt/airflow/dags/movie_batch_pipeline_dag.py                              0           1  0.53s           2026-05-13T20:38:36
/opt/airflow/dags/movie_airbyte_sync_dag.py                                1           0  0.14s           2026-05-13T20:38:30
/opt/airflow/dags/movie_realtime_pipeline_dag.py                           0           1  0.06s           2026-05-13T20:38:30
================================================================================
[2026-05-13T20:39:13.778+0000] {manager.py:878} INFO - 
================================================================================
DAG File Processing Stats

File Path                                         PID    Runtime      # DAGs    # Errors  Last Runtime    Last Run
------------------------------------------------  -----  ---------  --------  ----------  --------------  -------------------
/opt/airflow/dags/movie_batch_pipeline_dag.py                              0           1  0.53s           2026-05-13T20:39:08
/opt/airflow/dags/movie_airbyte_sync_dag.py                                1           0  0.13s           2026-05-13T20:39:00
/opt/airflow/dags/movie_realtime_pipeline_dag.py                           0           1  0.06s           2026-05-13T20:39:00
================================================================================
[2026-05-13T20:39:44.046+0000] {manager.py:878} INFO - 
================================================================================
DAG File Processing Stats

File Path                                         PID    Runtime      # DAGs    # Errors  Last Runtime    Last Run
------------------------------------------------  -----  ---------  --------  ----------  --------------  -------------------
/opt/airflow/dags/movie_batch_pipeline_dag.py                              0           1  0.53s           2026-05-13T20:39:39
/opt/airflow/dags/movie_airbyte_sync_dag.py                                1           0  0.13s           2026-05-13T20:39:30
/opt/airflow/dags/movie_realtime_pipeline_dag.py                           0           1  0.06s           2026-05-13T20:39:30
================================================================================
[2026-05-13T20:40:14.314+0000] {manager.py:878} INFO - 
================================================================================
DAG File Processing Stats

File Path                                         PID    Runtime      # DAGs    # Errors  Last Runtime    Last Run
------------------------------------------------  -----  ---------  --------  ----------  --------------  -------------------
/opt/airflow/dags/movie_batch_pipeline_dag.py                              0           1  0.53s           2026-05-13T20:40:10
/opt/airflow/dags/movie_airbyte_sync_dag.py                                1           0  0.13s           2026-05-13T20:40:01
/opt/airflow/dags/movie_realtime_pipeline_dag.py                           0           1  0.06s           2026-05-13T20:40:01
================================================================================
[2026-05-13T20:40:28.865+0000] {manager.py:737} INFO - Searching for files in /opt/airflow/dags
[2026-05-13T20:40:28.893+0000] {manager.py:740} INFO - There are 3 files in /opt/airflow/dags
[2026-05-13T20:40:44.588+0000] {manager.py:878} INFO - 
================================================================================
DAG File Processing Stats

File Path                                         PID    Runtime      # DAGs    # Errors  Last Runtime    Last Run
------------------------------------------------  -----  ---------  --------  ----------  --------------  -------------------
/opt/airflow/dags/movie_batch_pipeline_dag.py                              0           1  0.69s           2026-05-13T20:40:42
/opt/airflow/dags/movie_airbyte_sync_dag.py                                1           0  0.13s           2026-05-13T20:40:31
/opt/airflow/dags/movie_realtime_pipeline_dag.py                           0           1  0.06s           2026-05-13T20:40:31
================================================================================
[2026-05-13T20:41:14.852+0000] {manager.py:878} INFO - 
================================================================================
DAG File Processing Stats

File Path                                         PID    Runtime      # DAGs    # Errors  Last Runtime    Last Run
------------------------------------------------  -----  ---------  --------  ----------  --------------  -------------------
/opt/airflow/dags/movie_batch_pipeline_dag.py                              0           1  0.67s           2026-05-13T20:41:13
/opt/airflow/dags/movie_airbyte_sync_dag.py                                1           0  0.13s           2026-05-13T20:41:01
/opt/airflow/dags/movie_realtime_pipeline_dag.py                           0           1  0.05s           2026-05-13T20:41:01
================================================================================
[2026-05-13T20:41:45.132+0000] {manager.py:878} INFO - 
================================================================================
DAG File Processing Stats

File Path                                         PID    Runtime      # DAGs    # Errors  Last Runtime    Last Run
------------------------------------------------  -----  ---------  --------  ----------  --------------  -------------------
/opt/airflow/dags/movie_batch_pipeline_dag.py                              0           1  0.55s           2026-05-13T20:41:44
/opt/airflow/dags/movie_airbyte_sync_dag.py                                1           0  0.14s           2026-05-13T20:41:32
/opt/airflow/dags/movie_realtime_pipeline_dag.py                           0           1  0.06s           2026-05-13T20:41:32
================================================================================
[2026-05-13T20:42:15.400+0000] {manager.py:878} INFO - 
================================================================================
DAG File Processing Stats

File Path                                           PID  Runtime      # DAGs    # Errors  Last Runtime    Last Run
------------------------------------------------  -----  ---------  --------  ----------  --------------  -------------------
/opt/airflow/dags/movie_batch_pipeline_dag.py       185  0.00s             0           1  0.55s           2026-05-13T20:41:44
/opt/airflow/dags/movie_airbyte_sync_dag.py                                1           0  0.16s           2026-05-13T20:42:02
/opt/airflow/dags/movie_realtime_pipeline_dag.py                           0           1  0.07s           2026-05-13T20:42:02
================================================================================
[2026-05-13T20:42:45.691+0000] {manager.py:878} INFO - 
================================================================================
DAG File Processing Stats

File Path                                         PID    Runtime      # DAGs    # Errors  Last Runtime    Last Run
------------------------------------------------  -----  ---------  --------  ----------  --------------  -------------------
/opt/airflow/dags/movie_batch_pipeline_dag.py                              0           1  0.56s           2026-05-13T20:42:15
/opt/airflow/dags/movie_airbyte_sync_dag.py                                1           0  0.15s           2026-05-13T20:42:32
/opt/airflow/dags/movie_realtime_pipeline_dag.py                           0           1  0.07s           2026-05-13T20:42:32
================================================================================
[2026-05-13T20:43:15.971+0000] {manager.py:878} INFO - 
================================================================================
DAG File Processing Stats

File Path                                         PID    Runtime      # DAGs    # Errors  Last Runtime    Last Run
------------------------------------------------  -----  ---------  --------  ----------  --------------  -------------------
/opt/airflow/dags/movie_batch_pipeline_dag.py                              0           1  0.73s           2026-05-13T20:42:47
/opt/airflow/dags/movie_airbyte_sync_dag.py                                1           0  0.14s           2026-05-13T20:43:02
/opt/airflow/dags/movie_realtime_pipeline_dag.py                           0           1  0.06s           2026-05-13T20:43:02
================================================================================
[2026-05-13T20:43:46.265+0000] {manager.py:878} INFO - 
================================================================================
DAG File Processing Stats

File Path                                         PID    Runtime      # DAGs    # Errors  Last Runtime    Last Run
------------------------------------------------  -----  ---------  --------  ----------  --------------  -------------------
/opt/airflow/dags/movie_batch_pipeline_dag.py                              0           1  0.72s           2026-05-13T20:43:18
/opt/airflow/dags/movie_airbyte_sync_dag.py                                1           0  0.16s           2026-05-13T20:43:33
/opt/airflow/dags/movie_realtime_pipeline_dag.py                           0           1  0.07s           2026-05-13T20:43:33
================================================================================
[2026-05-13T20:44:16.546+0000] {manager.py:878} INFO - 
================================================================================
DAG File Processing Stats

File Path                                         PID    Runtime      # DAGs    # Errors  Last Runtime    Last Run
------------------------------------------------  -----  ---------  --------  ----------  --------------  -------------------
/opt/airflow/dags/movie_batch_pipeline_dag.py                              0           1  0.54s           2026-05-13T20:43:49
/opt/airflow/dags/movie_airbyte_sync_dag.py                                1           0  0.13s           2026-05-13T20:44:03
/opt/airflow/dags/movie_realtime_pipeline_dag.py                           0           1  0.06s           2026-05-13T20:44:03
================================================================================
[2026-05-13T20:44:46.842+0000] {manager.py:878} INFO - 
================================================================================
DAG File Processing Stats

File Path                                         PID    Runtime      # DAGs    # Errors  Last Runtime    Last Run
------------------------------------------------  -----  ---------  --------  ----------  --------------  -------------------
/opt/airflow/dags/movie_batch_pipeline_dag.py                              0           1  0.55s           2026-05-13T20:44:21
/opt/airflow/dags/movie_airbyte_sync_dag.py                                1           0  0.17s           2026-05-13T20:44:33
/opt/airflow/dags/movie_realtime_pipeline_dag.py                           0           1  0.08s           2026-05-13T20:44:33
================================================================================
[2026-05-13T20:45:17.151+0000] {manager.py:878} INFO - 
================================================================================
DAG File Processing Stats

File Path                                         PID    Runtime      # DAGs    # Errors  Last Runtime    Last Run
------------------------------------------------  -----  ---------  --------  ----------  --------------  -------------------
/opt/airflow/dags/movie_batch_pipeline_dag.py                              0           1  0.63s           2026-05-13T20:44:52
/opt/airflow/dags/movie_airbyte_sync_dag.py                                1           0  0.15s           2026-05-13T20:45:04
/opt/airflow/dags/movie_realtime_pipeline_dag.py                           0           1  0.07s           2026-05-13T20:45:04
================================================================================
[2026-05-13T20:45:28.937+0000] {manager.py:737} INFO - Searching for files in /opt/airflow/dags
[2026-05-13T20:45:28.967+0000] {manager.py:740} INFO - There are 3 files in /opt/airflow/dags
[2026-05-13T20:45:47.450+0000] {manager.py:878} INFO - 
================================================================================
DAG File Processing Stats

File Path                                         PID    Runtime      # DAGs    # Errors  Last Runtime    Last Run
------------------------------------------------  -----  ---------  --------  ----------  --------------  -------------------
/opt/airflow/dags/movie_batch_pipeline_dag.py                              0           1  0.72s           2026-05-13T20:45:23
/opt/airflow/dags/movie_airbyte_sync_dag.py                                1           0  0.16s           2026-05-13T20:45:34
/opt/airflow/dags/movie_realtime_pipeline_dag.py                           0           1  0.08s           2026-05-13T20:45:34
================================================================================
[2026-05-13T20:46:17.744+0000] {manager.py:878} INFO - 
================================================================================
DAG File Processing Stats

File Path                                         PID    Runtime      # DAGs    # Errors  Last Runtime    Last Run
------------------------------------------------  -----  ---------  --------  ----------  --------------  -------------------
/opt/airflow/dags/movie_batch_pipeline_dag.py                              0           1  0.73s           2026-05-13T20:45:55
/opt/airflow/dags/movie_airbyte_sync_dag.py                                1           0  0.16s           2026-05-13T20:46:04
/opt/airflow/dags/movie_realtime_pipeline_dag.py                           0           1  0.07s           2026-05-13T20:46:04
================================================================================
[2026-05-13T20:46:48.020+0000] {manager.py:878} INFO - 
================================================================================
DAG File Processing Stats

File Path                                         PID    Runtime      # DAGs    # Errors  Last Runtime    Last Run
------------------------------------------------  -----  ---------  --------  ----------  --------------  -------------------
/opt/airflow/dags/movie_batch_pipeline_dag.py                              0           1  0.55s           2026-05-13T20:46:26
/opt/airflow/dags/movie_airbyte_sync_dag.py                                1           0  0.14s           2026-05-13T20:46:35
/opt/airflow/dags/movie_realtime_pipeline_dag.py                           0           1  0.06s           2026-05-13T20:46:34
================================================================================
[2026-05-13T20:47:18.276+0000] {manager.py:878} INFO - 
================================================================================
DAG File Processing Stats

File Path                                         PID    Runtime      # DAGs    # Errors  Last Runtime    Last Run
------------------------------------------------  -----  ---------  --------  ----------  --------------  -------------------
/opt/airflow/dags/movie_batch_pipeline_dag.py                              0           1  0.48s           2026-05-13T20:46:57
/opt/airflow/dags/movie_airbyte_sync_dag.py                                1           0  0.12s           2026-05-13T20:47:05
/opt/airflow/dags/movie_realtime_pipeline_dag.py                           0           1  0.05s           2026-05-13T20:47:05
================================================================================
[2026-05-13T20:47:48.523+0000] {manager.py:878} INFO - 
================================================================================
DAG File Processing Stats

File Path                                         PID    Runtime      # DAGs    # Errors  Last Runtime    Last Run
------------------------------------------------  -----  ---------  --------  ----------  --------------  -------------------
/opt/airflow/dags/movie_batch_pipeline_dag.py                              0           1  0.50s           2026-05-13T20:47:28
/opt/airflow/dags/movie_airbyte_sync_dag.py                                1           0  0.14s           2026-05-13T20:47:35
/opt/airflow/dags/movie_realtime_pipeline_dag.py                           0           1  0.06s           2026-05-13T20:47:35
================================================================================
[2026-05-13T20:48:18.767+0000] {manager.py:878} INFO - 
================================================================================
DAG File Processing Stats

File Path                                         PID    Runtime      # DAGs    # Errors  Last Runtime    Last Run
------------------------------------------------  -----  ---------  --------  ----------  --------------  -------------------
/opt/airflow/dags/movie_batch_pipeline_dag.py                              0           1  0.65s           2026-05-13T20:48:00
/opt/airflow/dags/movie_airbyte_sync_dag.py                                1           0  0.13s           2026-05-13T20:48:05
/opt/airflow/dags/movie_realtime_pipeline_dag.py                           0           1  0.06s           2026-05-13T20:48:05
================================================================================
[2026-05-13T20:48:49.018+0000] {manager.py:878} INFO - 
================================================================================
DAG File Processing Stats

File Path                                         PID    Runtime      # DAGs    # Errors  Last Runtime    Last Run
------------------------------------------------  -----  ---------  --------  ----------  --------------  -------------------
/opt/airflow/dags/movie_batch_pipeline_dag.py                              0           1  0.67s           2026-05-13T20:48:31
/opt/airflow/dags/movie_airbyte_sync_dag.py                                1           0  0.13s           2026-05-13T20:48:36
/opt/airflow/dags/movie_realtime_pipeline_dag.py                           0           1  0.06s           2026-05-13T20:48:35
================================================================================
[2026-05-13T20:49:19.282+0000] {manager.py:878} INFO - 
================================================================================
DAG File Processing Stats

File Path                                         PID    Runtime      # DAGs    # Errors  Last Runtime    Last Run
------------------------------------------------  -----  ---------  --------  ----------  --------------  -------------------
/opt/airflow/dags/movie_batch_pipeline_dag.py                              0           1  0.52s           2026-05-13T20:49:02
/opt/airflow/dags/movie_airbyte_sync_dag.py                                1           0  0.14s           2026-05-13T20:49:06
/opt/airflow/dags/movie_realtime_pipeline_dag.py                           0           1  0.06s           2026-05-13T20:49:06
================================================================================
[2026-05-13T20:49:49.550+0000] {manager.py:878} INFO - 
================================================================================
DAG File Processing Stats

File Path                                         PID    Runtime      # DAGs    # Errors  Last Runtime    Last Run
------------------------------------------------  -----  ---------  --------  ----------  --------------  -------------------
/opt/airflow/dags/movie_batch_pipeline_dag.py                              0           1  0.51s           2026-05-13T20:49:33
/opt/airflow/dags/movie_airbyte_sync_dag.py                                1           0  0.13s           2026-05-13T20:49:36
/opt/airflow/dags/movie_realtime_pipeline_dag.py                           0           1  0.06s           2026-05-13T20:49:36
================================================================================
[2026-05-13T20:50:19.795+0000] {manager.py:878} INFO - 
================================================================================
DAG File Processing Stats

File Path                                         PID    Runtime      # DAGs    # Errors  Last Runtime    Last Run
------------------------------------------------  -----  ---------  --------  ----------  --------------  -------------------
/opt/airflow/dags/movie_batch_pipeline_dag.py                              0           1  0.52s           2026-05-13T20:50:05
/opt/airflow/dags/movie_airbyte_sync_dag.py                                1           0  0.12s           2026-05-13T20:50:06
/opt/airflow/dags/movie_realtime_pipeline_dag.py                           0           1  0.05s           2026-05-13T20:50:06
================================================================================
[2026-05-13T20:50:29.842+0000] {manager.py:737} INFO - Searching for files in /opt/airflow/dags
[2026-05-13T20:50:29.869+0000] {manager.py:740} INFO - There are 3 files in /opt/airflow/dags
[2026-05-13T20:50:50.064+0000] {manager.py:878} INFO - 
================================================================================
DAG File Processing Stats

File Path                                         PID    Runtime      # DAGs    # Errors  Last Runtime    Last Run
------------------------------------------------  -----  ---------  --------  ----------  --------------  -------------------
/opt/airflow/dags/movie_batch_pipeline_dag.py                              0           1  0.64s           2026-05-13T20:50:36
/opt/airflow/dags/movie_airbyte_sync_dag.py                                1           0  0.13s           2026-05-13T20:50:37
/opt/airflow/dags/movie_realtime_pipeline_dag.py                           0           1  0.05s           2026-05-13T20:50:36
================================================================================
[2026-05-13T20:51:20.346+0000] {manager.py:878} INFO - 
================================================================================
DAG File Processing Stats

File Path                                         PID    Runtime      # DAGs    # Errors  Last Runtime    Last Run
------------------------------------------------  -----  ---------  --------  ----------  --------------  -------------------
/opt/airflow/dags/movie_batch_pipeline_dag.py                              0           1  0.65s           2026-05-13T20:51:07
/opt/airflow/dags/movie_airbyte_sync_dag.py                                1           0  0.13s           2026-05-13T20:51:07
/opt/airflow/dags/movie_realtime_pipeline_dag.py                           0           1  0.06s           2026-05-13T20:51:07
================================================================================
[2026-05-13T20:51:50.613+0000] {manager.py:878} INFO - 
================================================================================
DAG File Processing Stats

File Path                                         PID    Runtime      # DAGs    # Errors  Last Runtime    Last Run
------------------------------------------------  -----  ---------  --------  ----------  --------------  -------------------
/opt/airflow/dags/movie_batch_pipeline_dag.py                              0           1  0.51s           2026-05-13T20:51:39
/opt/airflow/dags/movie_airbyte_sync_dag.py                                1           0  0.12s           2026-05-13T20:51:37
/opt/airflow/dags/movie_realtime_pipeline_dag.py                           0           1  0.05s           2026-05-13T20:51:37
================================================================================
[2026-05-13T20:52:20.878+0000] {manager.py:878} INFO - 
================================================================================
DAG File Processing Stats

File Path                                         PID    Runtime      # DAGs    # Errors  Last Runtime    Last Run
------------------------------------------------  -----  ---------  --------  ----------  --------------  -------------------
/opt/airflow/dags/movie_batch_pipeline_dag.py                              0           1  0.51s           2026-05-13T20:52:10
/opt/airflow/dags/movie_airbyte_sync_dag.py                                1           0  0.12s           2026-05-13T20:52:07
/opt/airflow/dags/movie_realtime_pipeline_dag.py                           0           1  0.05s           2026-05-13T20:52:07
================================================================================
[2026-05-13T20:52:51.142+0000] {manager.py:878} INFO - 
================================================================================
DAG File Processing Stats

File Path                                         PID    Runtime      # DAGs    # Errors  Last Runtime    Last Run
------------------------------------------------  -----  ---------  --------  ----------  --------------  -------------------
/opt/airflow/dags/movie_batch_pipeline_dag.py                              0           1  0.62s           2026-05-13T20:52:41
/opt/airflow/dags/movie_airbyte_sync_dag.py                                1           0  0.12s           2026-05-13T20:52:38
/opt/airflow/dags/movie_realtime_pipeline_dag.py                           0           1  0.05s           2026-05-13T20:52:38
================================================================================
[2026-05-13T20:53:21.401+0000] {manager.py:878} INFO - 
================================================================================
DAG File Processing Stats

File Path                                         PID    Runtime      # DAGs    # Errors  Last Runtime    Last Run
------------------------------------------------  -----  ---------  --------  ----------  --------------  -------------------
/opt/airflow/dags/movie_batch_pipeline_dag.py                              0           1  0.66s           2026-05-13T20:53:12
/opt/airflow/dags/movie_airbyte_sync_dag.py                                1           0  0.12s           2026-05-13T20:53:08
/opt/airflow/dags/movie_realtime_pipeline_dag.py                           0           1  0.05s           2026-05-13T20:53:08
================================================================================
[2026-05-13T20:53:51.656+0000] {manager.py:878} INFO - 
================================================================================
DAG File Processing Stats

File Path                                         PID    Runtime      # DAGs    # Errors  Last Runtime    Last Run
------------------------------------------------  -----  ---------  --------  ----------  --------------  -------------------
/opt/airflow/dags/movie_batch_pipeline_dag.py                              0           1  0.51s           2026-05-13T20:53:44
/opt/airflow/dags/movie_airbyte_sync_dag.py                                1           0  0.12s           2026-05-13T20:53:38
/opt/airflow/dags/movie_realtime_pipeline_dag.py                           0           1  0.05s           2026-05-13T20:53:38
================================================================================
[2026-05-13T20:54:21.918+0000] {manager.py:878} INFO - 
================================================================================
DAG File Processing Stats

File Path                                         PID    Runtime      # DAGs    # Errors  Last Runtime    Last Run
------------------------------------------------  -----  ---------  --------  ----------  --------------  -------------------
/opt/airflow/dags/movie_batch_pipeline_dag.py                              0           1  0.51s           2026-05-13T20:54:15
/opt/airflow/dags/movie_airbyte_sync_dag.py                                1           0  0.12s           2026-05-13T20:54:08
/opt/airflow/dags/movie_realtime_pipeline_dag.py                           0           1  0.06s           2026-05-13T20:54:08
================================================================================
[2026-05-13T20:54:52.173+0000] {manager.py:878} INFO - 
================================================================================
DAG File Processing Stats

File Path                                         PID    Runtime      # DAGs    # Errors  Last Runtime    Last Run
------------------------------------------------  -----  ---------  --------  ----------  --------------  -------------------
/opt/airflow/dags/movie_batch_pipeline_dag.py                              0           1  0.52s           2026-05-13T20:54:46
/opt/airflow/dags/movie_airbyte_sync_dag.py                                1           0  0.12s           2026-05-13T20:54:39
/opt/airflow/dags/movie_realtime_pipeline_dag.py                           0           1  0.06s           2026-05-13T20:54:39
================================================================================
[2026-05-13T20:55:22.436+0000] {manager.py:878} INFO - 
================================================================================
DAG File Processing Stats

File Path                                         PID    Runtime      # DAGs    # Errors  Last Runtime    Last Run
------------------------------------------------  -----  ---------  --------  ----------  --------------  -------------------
/opt/airflow/dags/movie_batch_pipeline_dag.py                              0           1  0.68s           2026-05-13T20:55:18
/opt/airflow/dags/movie_airbyte_sync_dag.py                                1           0  0.13s           2026-05-13T20:55:09
/opt/airflow/dags/movie_realtime_pipeline_dag.py                           0           1  0.06s           2026-05-13T20:55:09
================================================================================
[2026-05-13T20:55:30.110+0000] {manager.py:737} INFO - Searching for files in /opt/airflow/dags
[2026-05-13T20:55:30.139+0000] {manager.py:740} INFO - There are 3 files in /opt/airflow/dags
[2026-05-13T20:55:52.559+0000] {manager.py:878} INFO - 
================================================================================
DAG File Processing Stats

File Path                                         PID    Runtime      # DAGs    # Errors  Last Runtime    Last Run
------------------------------------------------  -----  ---------  --------  ----------  --------------  -------------------
/opt/airflow/dags/movie_batch_pipeline_dag.py                              0           1  0.89s           2026-05-13T20:55:49
/opt/airflow/dags/movie_airbyte_sync_dag.py                                1           0  0.15s           2026-05-13T20:55:39
/opt/airflow/dags/movie_realtime_pipeline_dag.py                           0           1  0.06s           2026-05-13T20:55:39
================================================================================
[2026-05-13T20:56:23.248+0000] {manager.py:878} INFO - 
================================================================================
DAG File Processing Stats

File Path                                         PID    Runtime      # DAGs    # Errors  Last Runtime    Last Run
------------------------------------------------  -----  ---------  --------  ----------  --------------  -------------------
/opt/airflow/dags/movie_batch_pipeline_dag.py                              0           1  0.55s           2026-05-13T20:56:20
/opt/airflow/dags/movie_airbyte_sync_dag.py                                1           0  0.42s           2026-05-13T20:56:10
/opt/airflow/dags/movie_realtime_pipeline_dag.py                           0           1  0.11s           2026-05-13T20:56:09
================================================================================
[2026-05-13T20:56:53.524+0000] {manager.py:878} INFO - 
================================================================================
DAG File Processing Stats

File Path                                         PID    Runtime      # DAGs    # Errors  Last Runtime    Last Run
------------------------------------------------  -----  ---------  --------  ----------  --------------  -------------------
/opt/airflow/dags/movie_batch_pipeline_dag.py                              0           1  0.64s           2026-05-13T20:56:51
/opt/airflow/dags/movie_airbyte_sync_dag.py                                1           0  0.14s           2026-05-13T20:56:40
/opt/airflow/dags/movie_realtime_pipeline_dag.py                           0           1  0.06s           2026-05-13T20:56:40
================================================================================
[2026-05-13T20:57:23.789+0000] {manager.py:878} INFO - 
================================================================================
DAG File Processing Stats

File Path                                         PID    Runtime      # DAGs    # Errors  Last Runtime    Last Run
------------------------------------------------  -----  ---------  --------  ----------  --------------  -------------------
/opt/airflow/dags/movie_batch_pipeline_dag.py                              0           1  0.51s           2026-05-13T20:57:22
/opt/airflow/dags/movie_airbyte_sync_dag.py                                1           0  0.13s           2026-05-13T20:57:10
/opt/airflow/dags/movie_realtime_pipeline_dag.py                           0           1  0.06s           2026-05-13T20:57:10
================================================================================
[2026-05-13T20:57:54.039+0000] {manager.py:878} INFO - 
================================================================================
DAG File Processing Stats

File Path                                         PID    Runtime      # DAGs    # Errors  Last Runtime    Last Run
------------------------------------------------  -----  ---------  --------  ----------  --------------  -------------------
/opt/airflow/dags/movie_batch_pipeline_dag.py                              0           1  0.62s           2026-05-13T20:57:53
/opt/airflow/dags/movie_airbyte_sync_dag.py                                1           0  0.12s           2026-05-13T20:57:40
/opt/airflow/dags/movie_realtime_pipeline_dag.py                           0           1  0.05s           2026-05-13T20:57:40
================================================================================
[2026-05-13T20:58:24.259+0000] {manager.py:878} INFO - 
================================================================================
DAG File Processing Stats

File Path                                           PID  Runtime      # DAGs    # Errors  Last Runtime    Last Run
------------------------------------------------  -----  ---------  --------  ----------  --------------  -------------------
/opt/airflow/dags/movie_batch_pipeline_dag.py       311  0.00s             0           1  0.62s           2026-05-13T20:57:53
/opt/airflow/dags/movie_airbyte_sync_dag.py                                1           0  0.12s           2026-05-13T20:58:11
/opt/airflow/dags/movie_realtime_pipeline_dag.py                           0           1  0.05s           2026-05-13T20:58:11
================================================================================
[2026-05-13T20:58:54.508+0000] {manager.py:878} INFO - 
================================================================================
DAG File Processing Stats

File Path                                         PID    Runtime      # DAGs    # Errors  Last Runtime    Last Run
------------------------------------------------  -----  ---------  --------  ----------  --------------  -------------------
/opt/airflow/dags/movie_batch_pipeline_dag.py                              0           1  0.65s           2026-05-13T20:58:24
/opt/airflow/dags/movie_airbyte_sync_dag.py                                1           0  0.13s           2026-05-13T20:58:41
/opt/airflow/dags/movie_realtime_pipeline_dag.py                           0           1  0.05s           2026-05-13T20:58:41
================================================================================
[2026-05-13T20:59:24.772+0000] {manager.py:878} INFO - 
================================================================================
DAG File Processing Stats

File Path                                         PID    Runtime      # DAGs    # Errors  Last Runtime    Last Run
------------------------------------------------  -----  ---------  --------  ----------  --------------  -------------------
/opt/airflow/dags/movie_batch_pipeline_dag.py                              0           1  0.50s           2026-05-13T20:58:56
/opt/airflow/dags/movie_airbyte_sync_dag.py                                1           0  0.12s           2026-05-13T20:59:11
/opt/airflow/dags/movie_realtime_pipeline_dag.py                           0           1  0.06s           2026-05-13T20:59:11
================================================================================
[2026-05-13T20:59:55.028+0000] {manager.py:878} INFO - 
================================================================================
DAG File Processing Stats

File Path                                         PID    Runtime      # DAGs    # Errors  Last Runtime    Last Run
------------------------------------------------  -----  ---------  --------  ----------  --------------  -------------------
/opt/airflow/dags/movie_batch_pipeline_dag.py                              0           1  0.61s           2026-05-13T20:59:27
/opt/airflow/dags/movie_airbyte_sync_dag.py                                1           0  0.13s           2026-05-13T20:59:42
/opt/airflow/dags/movie_realtime_pipeline_dag.py                           0           1  0.06s           2026-05-13T20:59:41
================================================================================
[2026-05-13T21:00:25.308+0000] {manager.py:878} INFO - 
================================================================================
DAG File Processing Stats

File Path                                         PID    Runtime      # DAGs    # Errors  Last Runtime    Last Run
------------------------------------------------  -----  ---------  --------  ----------  --------------  -------------------
/opt/airflow/dags/movie_batch_pipeline_dag.py                              0           1  0.54s           2026-05-13T20:59:58
/opt/airflow/dags/movie_airbyte_sync_dag.py                                1           0  0.14s           2026-05-13T21:00:12
/opt/airflow/dags/movie_realtime_pipeline_dag.py                           0           1  0.06s           2026-05-13T21:00:12
================================================================================
[2026-05-13T21:00:30.396+0000] {manager.py:737} INFO - Searching for files in /opt/airflow/dags
[2026-05-13T21:00:30.425+0000] {manager.py:740} INFO - There are 3 files in /opt/airflow/dags
[2026-05-13T21:00:55.622+0000] {manager.py:878} INFO - 
================================================================================
DAG File Processing Stats

File Path                                         PID    Runtime      # DAGs    # Errors  Last Runtime    Last Run
------------------------------------------------  -----  ---------  --------  ----------  --------------  -------------------
/opt/airflow/dags/movie_batch_pipeline_dag.py                              0           1  0.70s           2026-05-13T21:00:30
/opt/airflow/dags/movie_airbyte_sync_dag.py                                1           0  0.13s           2026-05-13T21:00:42
/opt/airflow/dags/movie_realtime_pipeline_dag.py                           0           1  0.06s           2026-05-13T21:00:42
================================================================================
[2026-05-13T21:01:25.878+0000] {manager.py:878} INFO - 
================================================================================
DAG File Processing Stats

File Path                                         PID    Runtime      # DAGs    # Errors  Last Runtime    Last Run
------------------------------------------------  -----  ---------  --------  ----------  --------------  -------------------
/opt/airflow/dags/movie_batch_pipeline_dag.py                              0           1  0.62s           2026-05-13T21:01:01
/opt/airflow/dags/movie_airbyte_sync_dag.py                                1           0  0.13s           2026-05-13T21:01:12
/opt/airflow/dags/movie_realtime_pipeline_dag.py                           0           1  0.06s           2026-05-13T21:01:12
================================================================================
[2026-05-13T21:01:56.138+0000] {manager.py:878} INFO - 
================================================================================
DAG File Processing Stats

File Path                                         PID    Runtime      # DAGs    # Errors  Last Runtime    Last Run
------------------------------------------------  -----  ---------  --------  ----------  --------------  -------------------
/opt/airflow/dags/movie_batch_pipeline_dag.py                              0           1  0.61s           2026-05-13T21:01:32
/opt/airflow/dags/movie_airbyte_sync_dag.py                                1           0  0.14s           2026-05-13T21:01:43
/opt/airflow/dags/movie_realtime_pipeline_dag.py                           0           1  0.06s           2026-05-13T21:01:43
================================================================================
[2026-05-13T21:02:26.389+0000] {manager.py:878} INFO - 
================================================================================
DAG File Processing Stats

File Path                                         PID    Runtime      # DAGs    # Errors  Last Runtime    Last Run
------------------------------------------------  -----  ---------  --------  ----------  --------------  -------------------
/opt/airflow/dags/movie_batch_pipeline_dag.py                              0           1  0.51s           2026-05-13T21:02:03
/opt/airflow/dags/movie_airbyte_sync_dag.py                                1           0  0.12s           2026-05-13T21:02:13
/opt/airflow/dags/movie_realtime_pipeline_dag.py                           0           1  0.05s           2026-05-13T21:02:13
================================================================================
[2026-05-13T21:02:56.634+0000] {manager.py:878} INFO - 
================================================================================
DAG File Processing Stats

File Path                                         PID    Runtime      # DAGs    # Errors  Last Runtime    Last Run
------------------------------------------------  -----  ---------  --------  ----------  --------------  -------------------
/opt/airflow/dags/movie_batch_pipeline_dag.py                              0           1  0.51s           2026-05-13T21:02:34
/opt/airflow/dags/movie_airbyte_sync_dag.py                                1           0  0.13s           2026-05-13T21:02:43
/opt/airflow/dags/movie_realtime_pipeline_dag.py                           0           1  0.05s           2026-05-13T21:02:43
================================================================================
[2026-05-13T21:03:26.885+0000] {manager.py:878} INFO - 
================================================================================
DAG File Processing Stats

File Path                                         PID    Runtime      # DAGs    # Errors  Last Runtime    Last Run
------------------------------------------------  -----  ---------  --------  ----------  --------------  -------------------
/opt/airflow/dags/movie_batch_pipeline_dag.py                              0           1  0.64s           2026-05-13T21:03:06
/opt/airflow/dags/movie_airbyte_sync_dag.py                                1           0  0.13s           2026-05-13T21:03:13
/opt/airflow/dags/movie_realtime_pipeline_dag.py                           0           1  0.06s           2026-05-13T21:03:13
================================================================================
[2026-05-13T21:03:57.144+0000] {manager.py:878} INFO - 
================================================================================
DAG File Processing Stats

File Path                                         PID    Runtime      # DAGs    # Errors  Last Runtime    Last Run
------------------------------------------------  -----  ---------  --------  ----------  --------------  -------------------
/opt/airflow/dags/movie_batch_pipeline_dag.py                              0           1  0.67s           2026-05-13T21:03:37
/opt/airflow/dags/movie_airbyte_sync_dag.py                                1           0  0.13s           2026-05-13T21:03:44
/opt/airflow/dags/movie_realtime_pipeline_dag.py                           0           1  0.06s           2026-05-13T21:03:44
================================================================================
[2026-05-13T21:04:27.392+0000] {manager.py:878} INFO - 
================================================================================
DAG File Processing Stats

File Path                                         PID    Runtime      # DAGs    # Errors  Last Runtime    Last Run
------------------------------------------------  -----  ---------  --------  ----------  --------------  -------------------
/opt/airflow/dags/movie_batch_pipeline_dag.py                              0           1  0.60s           2026-05-13T21:04:08
/opt/airflow/dags/movie_airbyte_sync_dag.py                                1           0  0.13s           2026-05-13T21:04:14
/opt/airflow/dags/movie_realtime_pipeline_dag.py                           0           1  0.06s           2026-05-13T21:04:14
================================================================================
[2026-05-13T21:04:57.632+0000] {manager.py:878} INFO - 
================================================================================
DAG File Processing Stats

File Path                                         PID    Runtime      # DAGs    # Errors  Last Runtime    Last Run
------------------------------------------------  -----  ---------  --------  ----------  --------------  -------------------
/opt/airflow/dags/movie_batch_pipeline_dag.py                              0           1  0.51s           2026-05-13T21:04:39
/opt/airflow/dags/movie_airbyte_sync_dag.py                                1           0  0.12s           2026-05-13T21:04:44
/opt/airflow/dags/movie_realtime_pipeline_dag.py                           0           1  0.05s           2026-05-13T21:04:44
================================================================================
[2026-05-13T21:05:27.871+0000] {manager.py:878} INFO - 
================================================================================
DAG File Processing Stats

File Path                                         PID    Runtime      # DAGs    # Errors  Last Runtime    Last Run
------------------------------------------------  -----  ---------  --------  ----------  --------------  -------------------
/opt/airflow/dags/movie_batch_pipeline_dag.py                              0           1  0.50s           2026-05-13T21:05:11
/opt/airflow/dags/movie_airbyte_sync_dag.py                                1           0  0.12s           2026-05-13T21:05:14
/opt/airflow/dags/movie_realtime_pipeline_dag.py                           0           1  0.05s           2026-05-13T21:05:14
================================================================================
[2026-05-13T21:05:30.886+0000] {manager.py:737} INFO - Searching for files in /opt/airflow/dags
[2026-05-13T21:05:30.941+0000] {manager.py:740} INFO - There are 3 files in /opt/airflow/dags
[2026-05-13T21:05:58.177+0000] {manager.py:878} INFO - 
================================================================================
DAG File Processing Stats

File Path                                         PID    Runtime      # DAGs    # Errors  Last Runtime    Last Run
------------------------------------------------  -----  ---------  --------  ----------  --------------  -------------------
/opt/airflow/dags/movie_batch_pipeline_dag.py                              0           1  0.64s           2026-05-13T21:05:42
/opt/airflow/dags/movie_airbyte_sync_dag.py                                1           0  0.12s           2026-05-13T21:05:45
/opt/airflow/dags/movie_realtime_pipeline_dag.py                           0           1  0.05s           2026-05-13T21:05:45
================================================================================
[2026-05-13T21:06:28.414+0000] {manager.py:878} INFO - 
================================================================================
DAG File Processing Stats

File Path                                         PID    Runtime      # DAGs    # Errors  Last Runtime    Last Run
------------------------------------------------  -----  ---------  --------  ----------  --------------  -------------------
/opt/airflow/dags/movie_batch_pipeline_dag.py                              0           1  0.63s           2026-05-13T21:06:13
/opt/airflow/dags/movie_airbyte_sync_dag.py                                1           0  0.14s           2026-05-13T21:06:15
/opt/airflow/dags/movie_realtime_pipeline_dag.py                           0           1  0.06s           2026-05-13T21:06:15
================================================================================
[2026-05-13T21:06:58.669+0000] {manager.py:878} INFO - 
================================================================================
DAG File Processing Stats

File Path                                         PID    Runtime      # DAGs    # Errors  Last Runtime    Last Run
------------------------------------------------  -----  ---------  --------  ----------  --------------  -------------------
/opt/airflow/dags/movie_batch_pipeline_dag.py                              0           1  0.64s           2026-05-13T21:06:45
/opt/airflow/dags/movie_airbyte_sync_dag.py                                1           0  0.12s           2026-05-13T21:06:45
/opt/airflow/dags/movie_realtime_pipeline_dag.py                           0           1  0.05s           2026-05-13T21:06:45
================================================================================
[2026-05-13T21:07:28.983+0000] {manager.py:878} INFO - 
================================================================================
DAG File Processing Stats

File Path                                         PID    Runtime      # DAGs    # Errors  Last Runtime    Last Run
------------------------------------------------  -----  ---------  --------  ----------  --------------  -------------------
/opt/airflow/dags/movie_batch_pipeline_dag.py                              0           1  0.53s           2026-05-13T21:07:16
/opt/airflow/dags/movie_airbyte_sync_dag.py                                1           0  0.16s           2026-05-13T21:07:15
/opt/airflow/dags/movie_realtime_pipeline_dag.py                           0           1  0.07s           2026-05-13T21:07:15
================================================================================
[2026-05-13T21:07:59.251+0000] {manager.py:878} INFO - 
================================================================================
DAG File Processing Stats

File Path                                         PID    Runtime      # DAGs    # Errors  Last Runtime    Last Run
------------------------------------------------  -----  ---------  --------  ----------  --------------  -------------------
/opt/airflow/dags/movie_batch_pipeline_dag.py                              0           1  0.64s           2026-05-13T21:07:47
/opt/airflow/dags/movie_airbyte_sync_dag.py                                1           0  0.12s           2026-05-13T21:07:46
/opt/airflow/dags/movie_realtime_pipeline_dag.py                           0           1  0.05s           2026-05-13T21:07:46
================================================================================
[2026-05-13T21:08:29.511+0000] {manager.py:878} INFO - 
================================================================================
DAG File Processing Stats

File Path                                         PID    Runtime      # DAGs    # Errors  Last Runtime    Last Run
------------------------------------------------  -----  ---------  --------  ----------  --------------  -------------------
/opt/airflow/dags/movie_batch_pipeline_dag.py                              0           1  0.64s           2026-05-13T21:08:19
/opt/airflow/dags/movie_airbyte_sync_dag.py                                1           0  0.12s           2026-05-13T21:08:16
/opt/airflow/dags/movie_realtime_pipeline_dag.py                           0           1  0.05s           2026-05-13T21:08:16
================================================================================
[2026-05-13T21:08:59.777+0000] {manager.py:878} INFO - 
================================================================================
DAG File Processing Stats

File Path                                         PID    Runtime      # DAGs    # Errors  Last Runtime    Last Run
------------------------------------------------  -----  ---------  --------  ----------  --------------  -------------------
/opt/airflow/dags/movie_batch_pipeline_dag.py                              0           1  0.67s           2026-05-13T21:08:50
/opt/airflow/dags/movie_airbyte_sync_dag.py                                1           0  0.13s           2026-05-13T21:08:46
/opt/airflow/dags/movie_realtime_pipeline_dag.py                           0           1  0.06s           2026-05-13T21:08:46
================================================================================
[2026-05-13T21:09:30.040+0000] {manager.py:878} INFO - 
================================================================================
DAG File Processing Stats

File Path                                         PID    Runtime      # DAGs    # Errors  Last Runtime    Last Run
------------------------------------------------  -----  ---------  --------  ----------  --------------  -------------------
/opt/airflow/dags/movie_batch_pipeline_dag.py                              0           1  0.62s           2026-05-13T21:09:21
/opt/airflow/dags/movie_airbyte_sync_dag.py                                1           0  0.13s           2026-05-13T21:09:16
/opt/airflow/dags/movie_realtime_pipeline_dag.py                           0           1  0.05s           2026-05-13T21:09:16
================================================================================
[2026-05-13T21:10:00.301+0000] {manager.py:878} INFO - 
================================================================================
DAG File Processing Stats

File Path                                         PID    Runtime      # DAGs    # Errors  Last Runtime    Last Run
------------------------------------------------  -----  ---------  --------  ----------  --------------  -------------------
/opt/airflow/dags/movie_batch_pipeline_dag.py                              0           1  0.50s           2026-05-13T21:09:52
/opt/airflow/dags/movie_airbyte_sync_dag.py                                1           0  0.12s           2026-05-13T21:09:47
/opt/airflow/dags/movie_realtime_pipeline_dag.py                           0           1  0.05s           2026-05-13T21:09:47
================================================================================
[2026-05-13T21:10:30.583+0000] {manager.py:878} INFO - 
================================================================================
DAG File Processing Stats

File Path                                         PID    Runtime      # DAGs    # Errors  Last Runtime    Last Run
------------------------------------------------  -----  ---------  --------  ----------  --------------  -------------------
/opt/airflow/dags/movie_batch_pipeline_dag.py                              0           1  0.66s           2026-05-13T21:10:24
/opt/airflow/dags/movie_airbyte_sync_dag.py                                1           0  0.14s           2026-05-13T21:10:17
/opt/airflow/dags/movie_realtime_pipeline_dag.py                           0           1  0.06s           2026-05-13T21:10:17
================================================================================
[2026-05-13T21:10:31.200+0000] {manager.py:737} INFO - Searching for files in /opt/airflow/dags
[2026-05-13T21:10:31.231+0000] {manager.py:740} INFO - There are 3 files in /opt/airflow/dags
[2026-05-13T21:11:00.854+0000] {manager.py:878} INFO - 
================================================================================
DAG File Processing Stats

File Path                                         PID    Runtime      # DAGs    # Errors  Last Runtime    Last Run
------------------------------------------------  -----  ---------  --------  ----------  --------------  -------------------
/opt/airflow/dags/movie_batch_pipeline_dag.py                              0           1  0.64s           2026-05-13T21:10:55
/opt/airflow/dags/movie_airbyte_sync_dag.py                                1           0  0.13s           2026-05-13T21:10:47
/opt/airflow/dags/movie_realtime_pipeline_dag.py                           0           1  0.06s           2026-05-13T21:10:47
================================================================================
[2026-05-13T21:11:31.126+0000] {manager.py:878} INFO - 
================================================================================
DAG File Processing Stats

File Path                                         PID    Runtime      # DAGs    # Errors  Last Runtime    Last Run
------------------------------------------------  -----  ---------  --------  ----------  --------------  -------------------
/opt/airflow/dags/movie_batch_pipeline_dag.py                              0           1  0.75s           2026-05-13T21:11:26
/opt/airflow/dags/movie_airbyte_sync_dag.py                                1           0  0.13s           2026-05-13T21:11:18
/opt/airflow/dags/movie_realtime_pipeline_dag.py                           0           1  0.06s           2026-05-13T21:11:18
================================================================================
[2026-05-13T21:12:01.384+0000] {manager.py:878} INFO - 
================================================================================
DAG File Processing Stats

File Path                                         PID    Runtime      # DAGs    # Errors  Last Runtime    Last Run
------------------------------------------------  -----  ---------  --------  ----------  --------------  -------------------
/opt/airflow/dags/movie_batch_pipeline_dag.py                              0           1  0.65s           2026-05-13T21:11:57
/opt/airflow/dags/movie_airbyte_sync_dag.py                                1           0  0.13s           2026-05-13T21:11:48
/opt/airflow/dags/movie_realtime_pipeline_dag.py                           0           1  0.06s           2026-05-13T21:11:48
================================================================================
[2026-05-13T21:12:31.664+0000] {manager.py:878} INFO - 
================================================================================
DAG File Processing Stats

File Path                                         PID    Runtime      # DAGs    # Errors  Last Runtime    Last Run
------------------------------------------------  -----  ---------  --------  ----------  --------------  -------------------
/opt/airflow/dags/movie_batch_pipeline_dag.py                              0           1  0.67s           2026-05-13T21:12:29
/opt/airflow/dags/movie_airbyte_sync_dag.py                                1           0  0.13s           2026-05-13T21:12:18
/opt/airflow/dags/movie_realtime_pipeline_dag.py                           0           1  0.06s           2026-05-13T21:12:18
================================================================================
[2026-05-13T21:13:01.669+0000] {manager.py:878} INFO - 
================================================================================
DAG File Processing Stats

File Path                                         PID    Runtime      # DAGs    # Errors  Last Runtime    Last Run
------------------------------------------------  -----  ---------  --------  ----------  --------------  -------------------
/opt/airflow/dags/movie_batch_pipeline_dag.py                              0           1  0.74s           2026-05-13T21:13:00
/opt/airflow/dags/movie_airbyte_sync_dag.py                                1           0  0.17s           2026-05-13T21:12:48
/opt/airflow/dags/movie_realtime_pipeline_dag.py                           0           1  0.07s           2026-05-13T21:12:48
================================================================================
[2026-05-13T21:13:12.588+0000] {manager.py:452} INFO - Exiting gracefully upon receiving signal 15
[2026-05-13T21:13:41.615+0000] {manager.py:470} INFO - Processing files using up to 2 processes at a time 
[2026-05-13T21:13:41.616+0000] {manager.py:471} INFO - Process each file at most once every 30 seconds
[2026-05-13T21:13:41.617+0000] {manager.py:472} INFO - Checking for new files in /opt/airflow/dags every 300 seconds
[2026-05-13T21:13:41.618+0000] {manager.py:737} INFO - Searching for files in /opt/airflow/dags
[2026-05-13T21:13:41.649+0000] {manager.py:740} INFO - There are 3 files in /opt/airflow/dags
[2026-05-13T21:13:41.736+0000] {manager.py:878} INFO - 
================================================================================
DAG File Processing Stats

File Path                                           PID  Runtime      # DAGs    # Errors  Last Runtime    Last Run
------------------------------------------------  -----  ---------  --------  ----------  --------------  ----------
/opt/airflow/dags/movie_airbyte_sync_dag.py          45  0.05s             0           0
/opt/airflow/dags/movie_batch_pipeline_dag.py                              0           0
/opt/airflow/dags/movie_realtime_pipeline_dag.py     46  0.04s             0           0
================================================================================
[2026-05-13T21:14:12.251+0000] {manager.py:878} INFO - 
================================================================================
DAG File Processing Stats

File Path                                           PID  Runtime      # DAGs    # Errors  Last Runtime    Last Run
------------------------------------------------  -----  ---------  --------  ----------  --------------  -------------------
/opt/airflow/dags/movie_batch_pipeline_dag.py                              1           0  2.01s           2026-05-13T21:13:44
/opt/airflow/dags/movie_realtime_pipeline_dag.py                           1           0  1.65s           2026-05-13T21:13:43
/opt/airflow/dags/movie_airbyte_sync_dag.py          74  0.00s             1           0  0.30s           2026-05-13T21:13:41
================================================================================
[2026-05-13T21:14:42.664+0000] {manager.py:878} INFO - 
================================================================================
DAG File Processing Stats

File Path                                           PID  Runtime      # DAGs    # Errors  Last Runtime    Last Run
------------------------------------------------  -----  ---------  --------  ----------  --------------  -------------------
/opt/airflow/dags/movie_batch_pipeline_dag.py                              1           0  1.40s           2026-05-13T21:14:15
/opt/airflow/dags/movie_realtime_pipeline_dag.py                           1           0  0.84s           2026-05-13T21:14:14
/opt/airflow/dags/movie_airbyte_sync_dag.py         103  0.00s             1           0  0.26s           2026-05-13T21:14:12
================================================================================
[2026-05-13T21:15:12.967+0000] {manager.py:878} INFO - 
================================================================================
DAG File Processing Stats

File Path                                           PID  Runtime      # DAGs    # Errors  Last Runtime    Last Run
------------------------------------------------  -----  ---------  --------  ----------  --------------  -------------------
/opt/airflow/dags/movie_batch_pipeline_dag.py                              1           0  1.34s           2026-05-13T21:14:47
/opt/airflow/dags/movie_realtime_pipeline_dag.py                           1           0  0.83s           2026-05-13T21:14:45
/opt/airflow/dags/movie_airbyte_sync_dag.py         132  0.00s             1           0  0.15s           2026-05-13T21:14:42
================================================================================
[2026-05-13T21:15:43.190+0000] {manager.py:878} INFO - 
================================================================================
DAG File Processing Stats

File Path                                           PID  Runtime      # DAGs    # Errors  Last Runtime    Last Run
------------------------------------------------  -----  ---------  --------  ----------  --------------  -------------------
/opt/airflow/dags/movie_batch_pipeline_dag.py                              1           0  1.29s           2026-05-13T21:15:19
/opt/airflow/dags/movie_realtime_pipeline_dag.py                           1           0  0.78s           2026-05-13T21:15:16
/opt/airflow/dags/movie_airbyte_sync_dag.py         161  0.00s             1           0  0.14s           2026-05-13T21:15:13
================================================================================
[2026-05-13T21:16:13.489+0000] {manager.py:878} INFO - 
================================================================================
DAG File Processing Stats

File Path                                           PID  Runtime      # DAGs    # Errors  Last Runtime    Last Run
------------------------------------------------  -----  ---------  --------  ----------  --------------  -------------------
/opt/airflow/dags/movie_batch_pipeline_dag.py                              1           0  1.32s           2026-05-13T21:15:50
/opt/airflow/dags/movie_realtime_pipeline_dag.py                           1           0  0.96s           2026-05-13T21:15:48
/opt/airflow/dags/movie_airbyte_sync_dag.py         190  0.00s             1           0  0.15s           2026-05-13T21:15:43
================================================================================
[2026-05-13T21:16:43.779+0000] {manager.py:878} INFO - 
================================================================================
DAG File Processing Stats

File Path                                           PID  Runtime      # DAGs    # Errors  Last Runtime    Last Run
------------------------------------------------  -----  ---------  --------  ----------  --------------  -------------------
/opt/airflow/dags/movie_batch_pipeline_dag.py                              1           0  1.28s           2026-05-13T21:16:21
/opt/airflow/dags/movie_realtime_pipeline_dag.py                           1           0  0.77s           2026-05-13T21:16:19
/opt/airflow/dags/movie_airbyte_sync_dag.py         219  0.00s             1           0  0.14s           2026-05-13T21:16:13
================================================================================
[2026-05-13T21:17:14.060+0000] {manager.py:878} INFO - 
================================================================================
DAG File Processing Stats

File Path                                           PID  Runtime      # DAGs    # Errors  Last Runtime    Last Run
------------------------------------------------  -----  ---------  --------  ----------  --------------  -------------------
/opt/airflow/dags/movie_batch_pipeline_dag.py                              1           0  1.34s           2026-05-13T21:16:53
/opt/airflow/dags/movie_realtime_pipeline_dag.py                           1           0  0.81s           2026-05-13T21:16:50
/opt/airflow/dags/movie_airbyte_sync_dag.py         248  0.00s             1           0  0.13s           2026-05-13T21:16:43
================================================================================
[2026-05-13T21:17:44.280+0000] {manager.py:878} INFO - 
================================================================================
DAG File Processing Stats

File Path                                           PID  Runtime      # DAGs    # Errors  Last Runtime    Last Run
------------------------------------------------  -----  ---------  --------  ----------  --------------  -------------------
/opt/airflow/dags/movie_batch_pipeline_dag.py                              1           0  1.32s           2026-05-13T21:17:25
/opt/airflow/dags/movie_realtime_pipeline_dag.py                           1           0  0.76s           2026-05-13T21:17:21
/opt/airflow/dags/movie_airbyte_sync_dag.py         277  0.00s             1           0  0.13s           2026-05-13T21:17:14
================================================================================
[2026-05-13T21:18:14.551+0000] {manager.py:878} INFO - 
================================================================================
DAG File Processing Stats

File Path                                           PID  Runtime      # DAGs    # Errors  Last Runtime    Last Run
------------------------------------------------  -----  ---------  --------  ----------  --------------  -------------------
/opt/airflow/dags/movie_batch_pipeline_dag.py                              1           0  1.32s           2026-05-13T21:17:56
/opt/airflow/dags/movie_realtime_pipeline_dag.py                           1           0  0.77s           2026-05-13T21:17:53
/opt/airflow/dags/movie_airbyte_sync_dag.py         306  0.00s             1           0  0.12s           2026-05-13T21:17:44
================================================================================
[2026-05-13T21:18:41.791+0000] {manager.py:737} INFO - Searching for files in /opt/airflow/dags
[2026-05-13T21:18:41.818+0000] {manager.py:740} INFO - There are 3 files in /opt/airflow/dags
[2026-05-13T21:18:44.854+0000] {manager.py:878} INFO - 
================================================================================
DAG File Processing Stats

File Path                                           PID  Runtime      # DAGs    # Errors  Last Runtime    Last Run
------------------------------------------------  -----  ---------  --------  ----------  --------------  -------------------
/opt/airflow/dags/movie_batch_pipeline_dag.py                              1           0  1.34s           2026-05-13T21:18:28
/opt/airflow/dags/movie_realtime_pipeline_dag.py                           1           0  0.77s           2026-05-13T21:18:24
/opt/airflow/dags/movie_airbyte_sync_dag.py         335  0.00s             1           0  0.12s           2026-05-13T21:18:14
================================================================================
[2026-05-13T21:19:15.123+0000] {manager.py:878} INFO - 
================================================================================
DAG File Processing Stats

File Path                                           PID  Runtime      # DAGs    # Errors  Last Runtime    Last Run
------------------------------------------------  -----  ---------  --------  ----------  --------------  -------------------
/opt/airflow/dags/movie_batch_pipeline_dag.py                              1           0  1.36s           2026-05-13T21:19:00
/opt/airflow/dags/movie_realtime_pipeline_dag.py                           1           0  0.86s           2026-05-13T21:18:55
/opt/airflow/dags/movie_airbyte_sync_dag.py         364  0.00s             1           0  0.13s           2026-05-13T21:18:44
================================================================================
[2026-05-13T21:19:45.422+0000] {manager.py:878} INFO - 
================================================================================
DAG File Processing Stats

File Path                                           PID  Runtime      # DAGs    # Errors  Last Runtime    Last Run
------------------------------------------------  -----  ---------  --------  ----------  --------------  -------------------
/opt/airflow/dags/movie_batch_pipeline_dag.py                              1           0  1.38s           2026-05-13T21:19:31
/opt/airflow/dags/movie_realtime_pipeline_dag.py                           1           0  0.80s           2026-05-13T21:19:27
/opt/airflow/dags/movie_airbyte_sync_dag.py         393  0.00s             1           0  0.15s           2026-05-13T21:19:15
================================================================================
[2026-05-13T21:20:15.709+0000] {manager.py:878} INFO - 
================================================================================
DAG File Processing Stats

File Path                                           PID  Runtime      # DAGs    # Errors  Last Runtime    Last Run
------------------------------------------------  -----  ---------  --------  ----------  --------------  -------------------
/opt/airflow/dags/movie_batch_pipeline_dag.py                              1           0  1.34s           2026-05-13T21:20:03
/opt/airflow/dags/movie_realtime_pipeline_dag.py                           1           0  0.79s           2026-05-13T21:19:58
/opt/airflow/dags/movie_airbyte_sync_dag.py         422  0.01s             1           0  0.17s           2026-05-13T21:19:45
================================================================================
[2026-05-13T21:20:17.421+0000] {manager.py:452} INFO - Exiting gracefully upon receiving signal 15
[2026-05-13T21:20:43.566+0000] {manager.py:470} INFO - Processing files using up to 2 processes at a time 
[2026-05-13T21:20:43.567+0000] {manager.py:471} INFO - Process each file at most once every 30 seconds
[2026-05-13T21:20:43.568+0000] {manager.py:472} INFO - Checking for new files in /opt/airflow/dags every 300 seconds
[2026-05-13T21:20:43.569+0000] {manager.py:737} INFO - Searching for files in /opt/airflow/dags
[2026-05-13T21:20:43.605+0000] {manager.py:740} INFO - There are 3 files in /opt/airflow/dags
[2026-05-13T21:20:43.717+0000] {manager.py:878} INFO - 
================================================================================
DAG File Processing Stats

File Path                                           PID  Runtime      # DAGs    # Errors  Last Runtime    Last Run
------------------------------------------------  -----  ---------  --------  ----------  --------------  ----------
/opt/airflow/dags/movie_airbyte_sync_dag.py          45  0.06s             0           0
/opt/airflow/dags/movie_batch_pipeline_dag.py                              0           0
/opt/airflow/dags/movie_realtime_pipeline_dag.py     46  0.05s             0           0
================================================================================
[2026-05-13T21:21:14.304+0000] {manager.py:878} INFO - 
================================================================================
DAG File Processing Stats

File Path                                           PID  Runtime      # DAGs    # Errors  Last Runtime    Last Run
------------------------------------------------  -----  ---------  --------  ----------  --------------  -------------------
/opt/airflow/dags/movie_batch_pipeline_dag.py                              1           0  2.27s           2026-05-13T21:20:46
/opt/airflow/dags/movie_realtime_pipeline_dag.py                           1           0  1.95s           2026-05-13T21:20:45
/opt/airflow/dags/movie_airbyte_sync_dag.py          74  0.00s             1           0  0.36s           2026-05-13T21:20:44
================================================================================
[2026-05-13T21:21:44.734+0000] {manager.py:878} INFO - 
================================================================================
DAG File Processing Stats

File Path                                           PID  Runtime      # DAGs    # Errors  Last Runtime    Last Run
------------------------------------------------  -----  ---------  --------  ----------  --------------  -------------------
/opt/airflow/dags/movie_batch_pipeline_dag.py                              1           0  1.46s           2026-05-13T21:21:18
/opt/airflow/dags/movie_realtime_pipeline_dag.py                           1           0  0.95s           2026-05-13T21:21:17
/opt/airflow/dags/movie_airbyte_sync_dag.py         103  0.01s             1           0  0.28s           2026-05-13T21:21:14
================================================================================
[2026-05-13T21:22:15.027+0000] {manager.py:878} INFO - 
================================================================================
DAG File Processing Stats

File Path                                           PID  Runtime      # DAGs    # Errors  Last Runtime    Last Run
------------------------------------------------  -----  ---------  --------  ----------  --------------  -------------------
/opt/airflow/dags/movie_batch_pipeline_dag.py                              1           0  1.35s           2026-05-13T21:21:49
/opt/airflow/dags/movie_realtime_pipeline_dag.py                           1           0  0.80s           2026-05-13T21:21:48
/opt/airflow/dags/movie_airbyte_sync_dag.py         132  0.00s             1           0  0.14s           2026-05-13T21:21:44
================================================================================
[2026-05-13T21:22:45.335+0000] {manager.py:878} INFO - 
================================================================================
DAG File Processing Stats

File Path                                           PID  Runtime      # DAGs    # Errors  Last Runtime    Last Run
------------------------------------------------  -----  ---------  --------  ----------  --------------  -------------------
/opt/airflow/dags/movie_batch_pipeline_dag.py                              1           0  1.27s           2026-05-13T21:22:21
/opt/airflow/dags/movie_realtime_pipeline_dag.py                           1           0  0.79s           2026-05-13T21:22:19
/opt/airflow/dags/movie_airbyte_sync_dag.py         161  0.00s             1           0  0.14s           2026-05-13T21:22:15
================================================================================
[2026-05-13T21:23:15.674+0000] {manager.py:878} INFO - 
================================================================================
DAG File Processing Stats

File Path                                           PID  Runtime      # DAGs    # Errors  Last Runtime    Last Run
------------------------------------------------  -----  ---------  --------  ----------  --------------  -------------------
/opt/airflow/dags/movie_batch_pipeline_dag.py                              1           0  1.45s           2026-05-13T21:22:53
/opt/airflow/dags/movie_realtime_pipeline_dag.py                           1           0  0.86s           2026-05-13T21:22:51
/opt/airflow/dags/movie_airbyte_sync_dag.py         190  0.00s             1           0  0.18s           2026-05-13T21:22:45
================================================================================
[2026-05-13T21:23:45.894+0000] {manager.py:878} INFO - 
================================================================================
DAG File Processing Stats

File Path                                           PID  Runtime      # DAGs    # Errors  Last Runtime    Last Run
------------------------------------------------  -----  ---------  --------  ----------  --------------  -------------------
/opt/airflow/dags/movie_batch_pipeline_dag.py                              1           0  1.30s           2026-05-13T21:23:24
/opt/airflow/dags/movie_realtime_pipeline_dag.py                           1           0  0.77s           2026-05-13T21:23:22
/opt/airflow/dags/movie_airbyte_sync_dag.py         219  0.00s             1           0  0.15s           2026-05-13T21:23:15
================================================================================
[2026-05-13T21:24:16.177+0000] {manager.py:878} INFO - 
================================================================================
DAG File Processing Stats

File Path                                           PID  Runtime      # DAGs    # Errors  Last Runtime    Last Run
------------------------------------------------  -----  ---------  --------  ----------  --------------  -------------------
/opt/airflow/dags/movie_batch_pipeline_dag.py                              1           0  1.53s           2026-05-13T21:23:56
/opt/airflow/dags/movie_realtime_pipeline_dag.py                           1           0  0.77s           2026-05-13T21:23:53
/opt/airflow/dags/movie_airbyte_sync_dag.py         248  0.00s             1           0  0.13s           2026-05-13T21:23:46
================================================================================
[2026-05-13T21:24:46.475+0000] {manager.py:878} INFO - 
================================================================================
DAG File Processing Stats

File Path                                           PID  Runtime      # DAGs    # Errors  Last Runtime    Last Run
------------------------------------------------  -----  ---------  --------  ----------  --------------  -------------------
/opt/airflow/dags/movie_batch_pipeline_dag.py                              1           0  1.37s           2026-05-13T21:24:28
/opt/airflow/dags/movie_realtime_pipeline_dag.py                           1           0  0.77s           2026-05-13T21:24:24
/opt/airflow/dags/movie_airbyte_sync_dag.py         277  0.00s             1           0  0.15s           2026-05-13T21:24:16
================================================================================
[2026-05-13T21:25:16.752+0000] {manager.py:878} INFO - 
================================================================================
DAG File Processing Stats

File Path                                           PID  Runtime      # DAGs    # Errors  Last Runtime    Last Run
------------------------------------------------  -----  ---------  --------  ----------  --------------  -------------------
/opt/airflow/dags/movie_batch_pipeline_dag.py                              1           0  1.35s           2026-05-13T21:25:00
/opt/airflow/dags/movie_realtime_pipeline_dag.py                           1           0  0.83s           2026-05-13T21:24:56
/opt/airflow/dags/movie_airbyte_sync_dag.py         306  0.01s             1           0  0.13s           2026-05-13T21:24:46
================================================================================
[2026-05-13T21:25:43.666+0000] {manager.py:737} INFO - Searching for files in /opt/airflow/dags
[2026-05-13T21:25:43.695+0000] {manager.py:740} INFO - There are 3 files in /opt/airflow/dags
[2026-05-13T21:25:46.967+0000] {manager.py:878} INFO - 
================================================================================
DAG File Processing Stats

File Path                                           PID  Runtime      # DAGs    # Errors  Last Runtime    Last Run
------------------------------------------------  -----  ---------  --------  ----------  --------------  -------------------
/opt/airflow/dags/movie_batch_pipeline_dag.py                              1           0  1.29s           2026-05-13T21:25:31
/opt/airflow/dags/movie_realtime_pipeline_dag.py                           1           0  0.78s           2026-05-13T21:25:27
/opt/airflow/dags/movie_airbyte_sync_dag.py         335  0.00s             1           0  0.12s           2026-05-13T21:25:16
================================================================================
[2026-05-13T21:26:17.258+0000] {manager.py:878} INFO - 
================================================================================
DAG File Processing Stats

File Path                                           PID  Runtime      # DAGs    # Errors  Last Runtime    Last Run
------------------------------------------------  -----  ---------  --------  ----------  --------------  -------------------
/opt/airflow/dags/movie_batch_pipeline_dag.py                              1           0  1.30s           2026-05-13T21:26:03
/opt/airflow/dags/movie_realtime_pipeline_dag.py                           1           0  0.81s           2026-05-13T21:25:58
/opt/airflow/dags/movie_airbyte_sync_dag.py         364  0.00s             1           0  0.14s           2026-05-13T21:25:47
================================================================================
[2026-05-13T21:26:47.526+0000] {manager.py:878} INFO - 
================================================================================
DAG File Processing Stats

File Path                                           PID  Runtime      # DAGs    # Errors  Last Runtime    Last Run
------------------------------------------------  -----  ---------  --------  ----------  --------------  -------------------
/opt/airflow/dags/movie_batch_pipeline_dag.py                              1           0  1.33s           2026-05-13T21:26:35
/opt/airflow/dags/movie_realtime_pipeline_dag.py                           1           0  0.79s           2026-05-13T21:26:30
/opt/airflow/dags/movie_airbyte_sync_dag.py         393  0.00s             1           0  0.14s           2026-05-13T21:26:17
================================================================================
[2026-05-13T21:27:17.801+0000] {manager.py:878} INFO - 
================================================================================
DAG File Processing Stats

File Path                                           PID  Runtime      # DAGs    # Errors  Last Runtime    Last Run
------------------------------------------------  -----  ---------  --------  ----------  --------------  -------------------
/opt/airflow/dags/movie_batch_pipeline_dag.py                              1           0  1.49s           2026-05-13T21:27:07
/opt/airflow/dags/movie_realtime_pipeline_dag.py                           1           0  0.79s           2026-05-13T21:27:01
/opt/airflow/dags/movie_airbyte_sync_dag.py         422  0.01s             1           0  0.13s           2026-05-13T21:26:47
================================================================================
[2026-05-13T21:27:48.081+0000] {manager.py:878} INFO - 
================================================================================
DAG File Processing Stats

File Path                                           PID  Runtime      # DAGs    # Errors  Last Runtime    Last Run
------------------------------------------------  -----  ---------  --------  ----------  --------------  -------------------
/opt/airflow/dags/movie_batch_pipeline_dag.py                              1           0  1.38s           2026-05-13T21:27:39
/opt/airflow/dags/movie_realtime_pipeline_dag.py                           1           0  0.75s           2026-05-13T21:27:32
/opt/airflow/dags/movie_airbyte_sync_dag.py         451  0.00s             1           0  0.14s           2026-05-13T21:27:17
================================================================================
[2026-05-13T21:28:18.352+0000] {manager.py:878} INFO - 
================================================================================
DAG File Processing Stats

File Path                                           PID  Runtime      # DAGs    # Errors  Last Runtime    Last Run
------------------------------------------------  -----  ---------  --------  ----------  --------------  -------------------
/opt/airflow/dags/movie_batch_pipeline_dag.py                              1           0  1.30s           2026-05-13T21:28:10
/opt/airflow/dags/movie_realtime_pipeline_dag.py                           1           0  0.75s           2026-05-13T21:28:03
/opt/airflow/dags/movie_airbyte_sync_dag.py         480  0.00s             1           0  0.12s           2026-05-13T21:27:48
================================================================================
[2026-05-13T21:28:48.545+0000] {manager.py:878} INFO - 
================================================================================
DAG File Processing Stats

File Path                                           PID  Runtime      # DAGs    # Errors  Last Runtime    Last Run
------------------------------------------------  -----  ---------  --------  ----------  --------------  -------------------
/opt/airflow/dags/movie_batch_pipeline_dag.py                              1           0  1.26s           2026-05-13T21:28:42
/opt/airflow/dags/movie_realtime_pipeline_dag.py                           1           0  0.78s           2026-05-13T21:28:35
/opt/airflow/dags/movie_airbyte_sync_dag.py         509  0.00s             1           0  0.13s           2026-05-13T21:28:18
================================================================================
[2026-05-13T21:29:18.815+0000] {manager.py:878} INFO - 
================================================================================
DAG File Processing Stats

File Path                                           PID  Runtime      # DAGs    # Errors  Last Runtime    Last Run
------------------------------------------------  -----  ---------  --------  ----------  --------------  -------------------
/opt/airflow/dags/movie_batch_pipeline_dag.py                              1           0  1.33s           2026-05-13T21:29:14
/opt/airflow/dags/movie_realtime_pipeline_dag.py                           1           0  0.77s           2026-05-13T21:29:06
/opt/airflow/dags/movie_airbyte_sync_dag.py         538  0.01s             1           0  0.13s           2026-05-13T21:28:48
================================================================================
[2026-05-13T21:29:49.105+0000] {manager.py:878} INFO - 
================================================================================
DAG File Processing Stats

File Path                                           PID  Runtime      # DAGs    # Errors  Last Runtime    Last Run
------------------------------------------------  -----  ---------  --------  ----------  --------------  -------------------
/opt/airflow/dags/movie_batch_pipeline_dag.py                              1           0  1.43s           2026-05-13T21:29:46
/opt/airflow/dags/movie_realtime_pipeline_dag.py                           1           0  0.81s           2026-05-13T21:29:37
/opt/airflow/dags/movie_airbyte_sync_dag.py         567  0.00s             1           0  0.14s           2026-05-13T21:29:18
================================================================================
[2026-05-13T21:30:19.386+0000] {manager.py:878} INFO - 
================================================================================
DAG File Processing Stats

File Path                                           PID  Runtime      # DAGs    # Errors  Last Runtime    Last Run
------------------------------------------------  -----  ---------  --------  ----------  --------------  -------------------
/opt/airflow/dags/movie_batch_pipeline_dag.py                              1           0  1.32s           2026-05-13T21:30:17
/opt/airflow/dags/movie_realtime_pipeline_dag.py                           1           0  0.75s           2026-05-13T21:30:09
/opt/airflow/dags/movie_airbyte_sync_dag.py         596  0.00s             1           0  0.14s           2026-05-13T21:29:49
================================================================================
[2026-05-13T21:30:44.280+0000] {manager.py:737} INFO - Searching for files in /opt/airflow/dags
[2026-05-13T21:30:44.314+0000] {manager.py:740} INFO - There are 3 files in /opt/airflow/dags
[2026-05-13T21:30:49.643+0000] {manager.py:878} INFO - 
================================================================================
DAG File Processing Stats

File Path                                           PID  Runtime      # DAGs    # Errors  Last Runtime    Last Run
------------------------------------------------  -----  ---------  --------  ----------  --------------  -------------------
/opt/airflow/dags/movie_batch_pipeline_dag.py       599  1.29s             1           0  1.32s           2026-05-13T21:30:17
/opt/airflow/dags/movie_realtime_pipeline_dag.py                           1           0  0.77s           2026-05-13T21:30:40
/opt/airflow/dags/movie_airbyte_sync_dag.py         625  0.00s             1           0  0.13s           2026-05-13T21:30:19
================================================================================
[2026-05-13T21:31:19.695+0000] {manager.py:878} INFO - 
================================================================================
DAG File Processing Stats

File Path                                           PID  Runtime      # DAGs    # Errors  Last Runtime    Last Run
------------------------------------------------  -----  ---------  --------  ----------  --------------  -------------------
/opt/airflow/dags/movie_batch_pipeline_dag.py       628  0.00s             1           0  1.32s           2026-05-13T21:30:49
/opt/airflow/dags/movie_realtime_pipeline_dag.py                           1           0  0.85s           2026-05-13T21:31:11
/opt/airflow/dags/movie_airbyte_sync_dag.py                                1           0  0.13s           2026-05-13T21:30:49
================================================================================
[2026-05-13T21:31:50.022+0000] {manager.py:878} INFO - 
================================================================================
DAG File Processing Stats

File Path                                         PID    Runtime      # DAGs    # Errors  Last Runtime    Last Run
------------------------------------------------  -----  ---------  --------  ----------  --------------  -------------------
/opt/airflow/dags/movie_batch_pipeline_dag.py                              1           0  1.40s           2026-05-13T21:31:21
/opt/airflow/dags/movie_realtime_pipeline_dag.py                           1           0  0.80s           2026-05-13T21:31:42
/opt/airflow/dags/movie_airbyte_sync_dag.py                                1           0  0.16s           2026-05-13T21:31:20
================================================================================
[2026-05-13T21:32:20.315+0000] {manager.py:878} INFO - 
================================================================================
DAG File Processing Stats

File Path                                         PID    Runtime      # DAGs    # Errors  Last Runtime    Last Run
------------------------------------------------  -----  ---------  --------  ----------  --------------  -------------------
/opt/airflow/dags/movie_batch_pipeline_dag.py                              1           0  1.35s           2026-05-13T21:31:52
/opt/airflow/dags/movie_realtime_pipeline_dag.py                           1           0  0.80s           2026-05-13T21:32:14
/opt/airflow/dags/movie_airbyte_sync_dag.py                                1           0  0.13s           2026-05-13T21:31:50
================================================================================
[2026-05-13T21:32:43.225+0000] {manager.py:452} INFO - Exiting gracefully upon receiving signal 15
[2026-05-13T21:33:06.729+0000] {manager.py:470} INFO - Processing files using up to 2 processes at a time 
[2026-05-13T21:33:06.730+0000] {manager.py:471} INFO - Process each file at most once every 30 seconds
[2026-05-13T21:33:06.731+0000] {manager.py:472} INFO - Checking for new files in /opt/airflow/dags every 300 seconds
[2026-05-13T21:33:06.731+0000] {manager.py:737} INFO - Searching for files in /opt/airflow/dags
[2026-05-13T21:33:06.763+0000] {manager.py:740} INFO - There are 3 files in /opt/airflow/dags
[2026-05-13T21:33:06.848+0000] {manager.py:878} INFO - 
================================================================================
DAG File Processing Stats

File Path                                           PID  Runtime      # DAGs    # Errors  Last Runtime    Last Run
------------------------------------------------  -----  ---------  --------  ----------  --------------  ----------
/opt/airflow/dags/movie_airbyte_sync_dag.py          46  0.03s             0           0
/opt/airflow/dags/movie_batch_pipeline_dag.py        45  0.05s             0           0
/opt/airflow/dags/movie_realtime_pipeline_dag.py                           0           0
================================================================================
[2026-05-13T21:33:37.348+0000] {manager.py:878} INFO - 
================================================================================
DAG File Processing Stats

File Path                                           PID  Runtime      # DAGs    # Errors  Last Runtime    Last Run
------------------------------------------------  -----  ---------  --------  ----------  --------------  -------------------
/opt/airflow/dags/movie_batch_pipeline_dag.py                              1           0  2.40s           2026-05-13T21:33:09
/opt/airflow/dags/movie_realtime_pipeline_dag.py                           1           0  1.32s           2026-05-13T21:33:08
/opt/airflow/dags/movie_airbyte_sync_dag.py          74  0.00s             1           0  0.29s           2026-05-13T21:33:07
================================================================================
[2026-05-13T21:34:07.683+0000] {manager.py:878} INFO - 
================================================================================
DAG File Processing Stats

File Path                                           PID  Runtime      # DAGs    # Errors  Last Runtime    Last Run
------------------------------------------------  -----  ---------  --------  ----------  --------------  -------------------
/opt/airflow/dags/movie_batch_pipeline_dag.py                              1           0  1.39s           2026-05-13T21:33:40
/opt/airflow/dags/movie_realtime_pipeline_dag.py                           1           0  0.86s           2026-05-13T21:33:39
/opt/airflow/dags/movie_airbyte_sync_dag.py         103  0.01s             1           0  0.31s           2026-05-13T21:33:37
================================================================================
[2026-05-13T21:34:37.999+0000] {manager.py:878} INFO - 
================================================================================
DAG File Processing Stats

File Path                                           PID  Runtime      # DAGs    # Errors  Last Runtime    Last Run
------------------------------------------------  -----  ---------  --------  ----------  --------------  -------------------
/opt/airflow/dags/movie_batch_pipeline_dag.py                              1           0  1.33s           2026-05-13T21:34:12
/opt/airflow/dags/movie_realtime_pipeline_dag.py                           1           0  0.81s           2026-05-13T21:34:10
/opt/airflow/dags/movie_airbyte_sync_dag.py         132  0.00s             1           0  0.16s           2026-05-13T21:34:07
================================================================================
[2026-05-13T21:35:08.240+0000] {manager.py:878} INFO - 
================================================================================
DAG File Processing Stats

File Path                                           PID  Runtime      # DAGs    # Errors  Last Runtime    Last Run
------------------------------------------------  -----  ---------  --------  ----------  --------------  -------------------
/opt/airflow/dags/movie_batch_pipeline_dag.py                              1           0  1.31s           2026-05-13T21:34:44
/opt/airflow/dags/movie_realtime_pipeline_dag.py                           1           0  0.78s           2026-05-13T21:34:41
/opt/airflow/dags/movie_airbyte_sync_dag.py         161  0.00s             1           0  0.13s           2026-05-13T21:34:38
================================================================================
[2026-05-13T21:35:38.521+0000] {manager.py:878} INFO - 
================================================================================
DAG File Processing Stats

File Path                                           PID  Runtime      # DAGs    # Errors  Last Runtime    Last Run
------------------------------------------------  -----  ---------  --------  ----------  --------------  -------------------
/opt/airflow/dags/movie_batch_pipeline_dag.py                              1           0  1.32s           2026-05-13T21:35:15
/opt/airflow/dags/movie_realtime_pipeline_dag.py                           1           0  0.73s           2026-05-13T21:35:12
/opt/airflow/dags/movie_airbyte_sync_dag.py         190  0.00s             1           0  0.13s           2026-05-13T21:35:08
================================================================================
[2026-05-13T21:36:08.726+0000] {manager.py:878} INFO - 
================================================================================
DAG File Processing Stats

File Path                                           PID  Runtime      # DAGs    # Errors  Last Runtime    Last Run
------------------------------------------------  -----  ---------  --------  ----------  --------------  -------------------
/opt/airflow/dags/movie_batch_pipeline_dag.py                              1           0  1.32s           2026-05-13T21:35:47
/opt/airflow/dags/movie_realtime_pipeline_dag.py                           1           0  0.74s           2026-05-13T21:35:44
/opt/airflow/dags/movie_airbyte_sync_dag.py         219  0.00s             1           0  0.13s           2026-05-13T21:35:38
================================================================================
[2026-05-13T21:36:39.008+0000] {manager.py:878} INFO - 
================================================================================
DAG File Processing Stats

File Path                                           PID  Runtime      # DAGs    # Errors  Last Runtime    Last Run
------------------------------------------------  -----  ---------  --------  ----------  --------------  -------------------
/opt/airflow/dags/movie_batch_pipeline_dag.py                              1           0  1.31s           2026-05-13T21:36:19
/opt/airflow/dags/movie_realtime_pipeline_dag.py                           1           0  0.76s           2026-05-13T21:36:15
/opt/airflow/dags/movie_airbyte_sync_dag.py         248  0.00s             1           0  0.13s           2026-05-13T21:36:08
================================================================================
[2026-05-13T21:37:09.278+0000] {manager.py:878} INFO - 
================================================================================
DAG File Processing Stats

File Path                                           PID  Runtime      # DAGs    # Errors  Last Runtime    Last Run
------------------------------------------------  -----  ---------  --------  ----------  --------------  -------------------
/opt/airflow/dags/movie_batch_pipeline_dag.py                              1           0  1.40s           2026-05-13T21:36:51
/opt/airflow/dags/movie_realtime_pipeline_dag.py                           1           0  0.77s           2026-05-13T21:36:46
/opt/airflow/dags/movie_airbyte_sync_dag.py         277  0.00s             1           0  0.13s           2026-05-13T21:36:39
================================================================================
[2026-05-13T21:37:39.550+0000] {manager.py:878} INFO - 
================================================================================
DAG File Processing Stats

File Path                                           PID  Runtime      # DAGs    # Errors  Last Runtime    Last Run
------------------------------------------------  -----  ---------  --------  ----------  --------------  -------------------
/opt/airflow/dags/movie_batch_pipeline_dag.py                              1           0  1.32s           2026-05-13T21:37:22
/opt/airflow/dags/movie_realtime_pipeline_dag.py                           1           0  0.87s           2026-05-13T21:37:18
/opt/airflow/dags/movie_airbyte_sync_dag.py         306  0.00s             1           0  0.13s           2026-05-13T21:37:09
================================================================================
[2026-05-13T21:38:06.768+0000] {manager.py:737} INFO - Searching for files in /opt/airflow/dags
[2026-05-13T21:38:06.800+0000] {manager.py:740} INFO - There are 3 files in /opt/airflow/dags
[2026-05-13T21:38:09.833+0000] {manager.py:878} INFO - 
================================================================================
DAG File Processing Stats

File Path                                           PID  Runtime      # DAGs    # Errors  Last Runtime    Last Run
------------------------------------------------  -----  ---------  --------  ----------  --------------  -------------------
/opt/airflow/dags/movie_batch_pipeline_dag.py                              1           0  1.32s           2026-05-13T21:37:54
/opt/airflow/dags/movie_realtime_pipeline_dag.py                           1           0  0.77s           2026-05-13T21:37:49
/opt/airflow/dags/movie_airbyte_sync_dag.py         335  0.00s             1           0  0.12s           2026-05-13T21:37:39
================================================================================
[2026-05-13T21:38:40.114+0000] {manager.py:878} INFO - 
================================================================================
DAG File Processing Stats

File Path                                           PID  Runtime      # DAGs    # Errors  Last Runtime    Last Run
------------------------------------------------  -----  ---------  --------  ----------  --------------  -------------------
/opt/airflow/dags/movie_batch_pipeline_dag.py                              1           0  1.31s           2026-05-13T21:38:26
/opt/airflow/dags/movie_realtime_pipeline_dag.py                           1           0  0.77s           2026-05-13T21:38:20
/opt/airflow/dags/movie_airbyte_sync_dag.py         364  0.00s             1           0  0.13s           2026-05-13T21:38:09
================================================================================
[2026-05-13T21:39:10.386+0000] {manager.py:878} INFO - 
================================================================================
DAG File Processing Stats

File Path                                           PID  Runtime      # DAGs    # Errors  Last Runtime    Last Run
------------------------------------------------  -----  ---------  --------  ----------  --------------  -------------------
/opt/airflow/dags/movie_batch_pipeline_dag.py                              1           0  1.44s           2026-05-13T21:38:58
/opt/airflow/dags/movie_realtime_pipeline_dag.py                           1           0  0.80s           2026-05-13T21:38:51
/opt/airflow/dags/movie_airbyte_sync_dag.py         393  0.00s             1           0  0.12s           2026-05-13T21:38:40
================================================================================
[2026-05-13T21:39:40.683+0000] {manager.py:878} INFO - 
================================================================================
DAG File Processing Stats

File Path                                           PID  Runtime      # DAGs    # Errors  Last Runtime    Last Run
------------------------------------------------  -----  ---------  --------  ----------  --------------  -------------------
/opt/airflow/dags/movie_batch_pipeline_dag.py                              1           0  1.36s           2026-05-13T21:39:29
/opt/airflow/dags/movie_realtime_pipeline_dag.py                           1           0  0.81s           2026-05-13T21:39:23
/opt/airflow/dags/movie_airbyte_sync_dag.py         422  0.01s             1           0  0.13s           2026-05-13T21:39:10
================================================================================
[2026-05-13T21:40:10.976+0000] {manager.py:878} INFO - 
================================================================================
DAG File Processing Stats

File Path                                           PID  Runtime      # DAGs    # Errors  Last Runtime    Last Run
------------------------------------------------  -----  ---------  --------  ----------  --------------  -------------------
/opt/airflow/dags/movie_batch_pipeline_dag.py                              1           0  1.41s           2026-05-13T21:40:01
/opt/airflow/dags/movie_realtime_pipeline_dag.py                           1           0  0.76s           2026-05-13T21:39:54
/opt/airflow/dags/movie_airbyte_sync_dag.py         451  0.00s             1           0  0.14s           2026-05-13T21:39:40
================================================================================
[2026-05-13T21:40:41.285+0000] {manager.py:878} INFO - 
================================================================================
DAG File Processing Stats

File Path                                           PID  Runtime      # DAGs    # Errors  Last Runtime    Last Run
------------------------------------------------  -----  ---------  --------  ----------  --------------  -------------------
/opt/airflow/dags/movie_batch_pipeline_dag.py                              1           0  1.52s           2026-05-13T21:40:33
/opt/airflow/dags/movie_realtime_pipeline_dag.py                           1           0  0.83s           2026-05-13T21:40:25
/opt/airflow/dags/movie_airbyte_sync_dag.py         480  0.01s             1           0  0.13s           2026-05-13T21:40:11
================================================================================
[2026-05-13T21:41:11.581+0000] {manager.py:878} INFO - 
================================================================================
DAG File Processing Stats

File Path                                           PID  Runtime      # DAGs    # Errors  Last Runtime    Last Run
------------------------------------------------  -----  ---------  --------  ----------  --------------  -------------------
/opt/airflow/dags/movie_batch_pipeline_dag.py                              1           0  1.37s           2026-05-13T21:41:05
/opt/airflow/dags/movie_realtime_pipeline_dag.py                           1           0  0.96s           2026-05-13T21:40:57
/opt/airflow/dags/movie_airbyte_sync_dag.py         509  0.00s             1           0  0.15s           2026-05-13T21:40:41
================================================================================
[2026-05-13T21:41:41.852+0000] {manager.py:878} INFO - 
================================================================================
DAG File Processing Stats

File Path                                           PID  Runtime      # DAGs    # Errors  Last Runtime    Last Run
------------------------------------------------  -----  ---------  --------  ----------  --------------  -------------------
/opt/airflow/dags/movie_batch_pipeline_dag.py                              1           0  1.41s           2026-05-13T21:41:37
/opt/airflow/dags/movie_realtime_pipeline_dag.py                           1           0  0.77s           2026-05-13T21:41:28
/opt/airflow/dags/movie_airbyte_sync_dag.py         538  0.00s             1           0  0.12s           2026-05-13T21:41:11
================================================================================
[2026-05-13T21:42:12.108+0000] {manager.py:878} INFO - 
================================================================================
DAG File Processing Stats

File Path                                           PID  Runtime      # DAGs    # Errors  Last Runtime    Last Run
------------------------------------------------  -----  ---------  --------  ----------  --------------  -------------------
/opt/airflow/dags/movie_batch_pipeline_dag.py                              1           0  1.33s           2026-05-13T21:42:09
/opt/airflow/dags/movie_realtime_pipeline_dag.py                           1           0  0.77s           2026-05-13T21:41:59
/opt/airflow/dags/movie_airbyte_sync_dag.py         567  0.00s             1           0  0.12s           2026-05-13T21:41:41
================================================================================
[2026-05-13T21:42:42.365+0000] {manager.py:878} INFO - 
================================================================================
DAG File Processing Stats

File Path                                           PID  Runtime      # DAGs    # Errors  Last Runtime    Last Run
------------------------------------------------  -----  ---------  --------  ----------  --------------  -------------------
/opt/airflow/dags/movie_batch_pipeline_dag.py                              1           0  1.33s           2026-05-13T21:42:40
/opt/airflow/dags/movie_realtime_pipeline_dag.py                           1           0  0.82s           2026-05-13T21:42:31
/opt/airflow/dags/movie_airbyte_sync_dag.py         596  0.00s             1           0  0.12s           2026-05-13T21:42:12
================================================================================
[2026-05-13T21:43:07.281+0000] {manager.py:737} INFO - Searching for files in /opt/airflow/dags
[2026-05-13T21:43:07.315+0000] {manager.py:740} INFO - There are 3 files in /opt/airflow/dags
[2026-05-13T21:43:12.629+0000] {manager.py:878} INFO - 
================================================================================
DAG File Processing Stats

File Path                                           PID  Runtime      # DAGs    # Errors  Last Runtime    Last Run
------------------------------------------------  -----  ---------  --------  ----------  --------------  -------------------
/opt/airflow/dags/movie_batch_pipeline_dag.py       599  1.28s             1           0  1.33s           2026-05-13T21:42:40
/opt/airflow/dags/movie_realtime_pipeline_dag.py                           1           0  0.80s           2026-05-13T21:43:02
/opt/airflow/dags/movie_airbyte_sync_dag.py         625  0.00s             1           0  0.13s           2026-05-13T21:42:42
================================================================================
[2026-05-13T21:43:42.686+0000] {manager.py:878} INFO - 
================================================================================
DAG File Processing Stats

File Path                                         PID    Runtime      # DAGs    # Errors  Last Runtime    Last Run
------------------------------------------------  -----  ---------  --------  ----------  --------------  -------------------
/opt/airflow/dags/movie_batch_pipeline_dag.py                              1           0  1.40s           2026-05-13T21:43:12
/opt/airflow/dags/movie_realtime_pipeline_dag.py                           1           0  0.78s           2026-05-13T21:43:33
/opt/airflow/dags/movie_airbyte_sync_dag.py                                1           0  0.14s           2026-05-13T21:43:12
================================================================================
[2026-05-13T21:44:13.065+0000] {manager.py:878} INFO - 
================================================================================
DAG File Processing Stats

File Path                                         PID    Runtime      # DAGs    # Errors  Last Runtime    Last Run
------------------------------------------------  -----  ---------  --------  ----------  --------------  -------------------
/opt/airflow/dags/movie_batch_pipeline_dag.py                              1           0  1.41s           2026-05-13T21:43:44
/opt/airflow/dags/movie_realtime_pipeline_dag.py                           1           0  0.82s           2026-05-13T21:44:05
/opt/airflow/dags/movie_airbyte_sync_dag.py                                1           0  0.13s           2026-05-13T21:43:43
================================================================================
[2026-05-13T21:44:43.779+0000] {manager.py:878} INFO - 
================================================================================
DAG File Processing Stats

File Path                                           PID  Runtime      # DAGs    # Errors  Last Runtime    Last Run
------------------------------------------------  -----  ---------  --------  ----------  --------------  -------------------
/opt/airflow/dags/movie_batch_pipeline_dag.py                              1           0  1.53s           2026-05-13T21:44:16
/opt/airflow/dags/movie_realtime_pipeline_dag.py                           1           0  0.81s           2026-05-13T21:44:35
/opt/airflow/dags/movie_airbyte_sync_dag.py         686  0.00s             1           0  0.13s           2026-05-13T21:44:13
================================================================================
[2026-05-13T21:45:13.803+0000] {manager.py:878} INFO - 
================================================================================
DAG File Processing Stats

File Path                                         PID    Runtime      # DAGs    # Errors  Last Runtime    Last Run
------------------------------------------------  -----  ---------  --------  ----------  --------------  -------------------
/opt/airflow/dags/movie_batch_pipeline_dag.py                              1           0  1.32s           2026-05-13T21:44:48
/opt/airflow/dags/movie_realtime_pipeline_dag.py                           1           0  0.76s           2026-05-13T21:45:06
/opt/airflow/dags/movie_airbyte_sync_dag.py                                1           0  0.13s           2026-05-13T21:44:43
================================================================================
[2026-05-13T21:45:44.260+0000] {manager.py:878} INFO - 
================================================================================
DAG File Processing Stats

File Path                                         PID    Runtime      # DAGs    # Errors  Last Runtime    Last Run
------------------------------------------------  -----  ---------  --------  ----------  --------------  -------------------
/opt/airflow/dags/movie_batch_pipeline_dag.py                              1           0  1.29s           2026-05-13T21:45:19
/opt/airflow/dags/movie_realtime_pipeline_dag.py                           1           0  0.77s           2026-05-13T21:45:38
/opt/airflow/dags/movie_airbyte_sync_dag.py                                1           0  0.13s           2026-05-13T21:45:14
================================================================================
[2026-05-13T21:46:14.687+0000] {manager.py:878} INFO - 
================================================================================
DAG File Processing Stats

File Path                                         PID    Runtime      # DAGs    # Errors  Last Runtime    Last Run
------------------------------------------------  -----  ---------  --------  ----------  --------------  -------------------
/opt/airflow/dags/movie_batch_pipeline_dag.py                              1           0  1.34s           2026-05-13T21:45:51
/opt/airflow/dags/movie_realtime_pipeline_dag.py                           1           0  0.75s           2026-05-13T21:46:09
/opt/airflow/dags/movie_airbyte_sync_dag.py                                1           0  0.15s           2026-05-13T21:45:44
================================================================================
[2026-05-13T21:46:45.206+0000] {manager.py:878} INFO - 
================================================================================
DAG File Processing Stats

File Path                                         PID    Runtime      # DAGs    # Errors  Last Runtime    Last Run
------------------------------------------------  -----  ---------  --------  ----------  --------------  -------------------
/opt/airflow/dags/movie_batch_pipeline_dag.py                              1           0  1.29s           2026-05-13T21:46:22
/opt/airflow/dags/movie_realtime_pipeline_dag.py                           1           0  0.78s           2026-05-13T21:46:41
/opt/airflow/dags/movie_airbyte_sync_dag.py                                1           0  0.14s           2026-05-13T21:46:15
================================================================================
[2026-05-13T21:47:15.608+0000] {manager.py:878} INFO - 
================================================================================
DAG File Processing Stats

File Path                                         PID    Runtime      # DAGs    # Errors  Last Runtime    Last Run
------------------------------------------------  -----  ---------  --------  ----------  --------------  -------------------
/opt/airflow/dags/movie_batch_pipeline_dag.py                              1           0  1.32s           2026-05-13T21:46:53
/opt/airflow/dags/movie_realtime_pipeline_dag.py                           1           0  0.77s           2026-05-13T21:47:12
/opt/airflow/dags/movie_airbyte_sync_dag.py                                1           0  0.13s           2026-05-13T21:46:45
================================================================================
[2026-05-13T21:47:46.089+0000] {manager.py:878} INFO - 
================================================================================
DAG File Processing Stats

File Path                                         PID    Runtime      # DAGs    # Errors  Last Runtime    Last Run
------------------------------------------------  -----  ---------  --------  ----------  --------------  -------------------
/opt/airflow/dags/movie_batch_pipeline_dag.py                              1           0  1.32s           2026-05-13T21:47:25
/opt/airflow/dags/movie_realtime_pipeline_dag.py                           1           0  0.79s           2026-05-13T21:47:44
/opt/airflow/dags/movie_airbyte_sync_dag.py                                1           0  0.13s           2026-05-13T21:47:16
================================================================================
[2026-05-13T21:48:07.725+0000] {manager.py:737} INFO - Searching for files in /opt/airflow/dags
[2026-05-13T21:48:07.755+0000] {manager.py:740} INFO - There are 3 files in /opt/airflow/dags
[2026-05-13T21:48:16.671+0000] {manager.py:878} INFO - 
================================================================================
DAG File Processing Stats

File Path                                           PID  Runtime      # DAGs    # Errors  Last Runtime    Last Run
------------------------------------------------  -----  ---------  --------  ----------  --------------  -------------------
/opt/airflow/dags/movie_batch_pipeline_dag.py                              1           0  1.36s           2026-05-13T21:47:56
/opt/airflow/dags/movie_realtime_pipeline_dag.py                           1           0  0.85s           2026-05-13T21:48:15
/opt/airflow/dags/movie_airbyte_sync_dag.py         889  0.00s             1           0  0.14s           2026-05-13T21:47:46
================================================================================
[2026-05-13T21:48:46.738+0000] {manager.py:878} INFO - 
================================================================================
DAG File Processing Stats

File Path                                         PID    Runtime      # DAGs    # Errors  Last Runtime    Last Run
------------------------------------------------  -----  ---------  --------  ----------  --------------  -------------------
/opt/airflow/dags/movie_batch_pipeline_dag.py                              1           0  1.34s           2026-05-13T21:48:29
/opt/airflow/dags/movie_realtime_pipeline_dag.py                           1           0  0.78s           2026-05-13T21:48:46
/opt/airflow/dags/movie_airbyte_sync_dag.py                                1           0  0.13s           2026-05-13T21:48:16
================================================================================
[2026-05-13T21:49:16.756+0000] {manager.py:878} INFO - 
================================================================================
DAG File Processing Stats

File Path                                           PID  Runtime      # DAGs    # Errors  Last Runtime    Last Run
------------------------------------------------  -----  ---------  --------  ----------  --------------  -------------------
/opt/airflow/dags/movie_batch_pipeline_dag.py                              1           0  1.44s           2026-05-13T21:49:00
/opt/airflow/dags/movie_realtime_pipeline_dag.py    945  0.00s             1           0  0.78s           2026-05-13T21:48:46
/opt/airflow/dags/movie_airbyte_sync_dag.py                                1           0  0.14s           2026-05-13T21:48:47
================================================================================
[2026-05-13T21:49:46.952+0000] {manager.py:878} INFO - 
================================================================================
DAG File Processing Stats

File Path                                         PID    Runtime      # DAGs    # Errors  Last Runtime    Last Run
------------------------------------------------  -----  ---------  --------  ----------  --------------  -------------------
/opt/airflow/dags/movie_batch_pipeline_dag.py                              1           0  1.26s           2026-05-13T21:49:32
/opt/airflow/dags/movie_realtime_pipeline_dag.py                           1           0  0.79s           2026-05-13T21:49:17
/opt/airflow/dags/movie_airbyte_sync_dag.py                                1           0  0.13s           2026-05-13T21:49:17
================================================================================
[2026-05-13T21:50:17.007+0000] {manager.py:878} INFO - 
================================================================================
DAG File Processing Stats

File Path                                         PID    Runtime      # DAGs    # Errors  Last Runtime    Last Run
------------------------------------------------  -----  ---------  --------  ----------  --------------  -------------------
/opt/airflow/dags/movie_batch_pipeline_dag.py                              1           0  1.33s           2026-05-13T21:50:04
/opt/airflow/dags/movie_realtime_pipeline_dag.py                           1           0  0.77s           2026-05-13T21:49:48
/opt/airflow/dags/movie_airbyte_sync_dag.py                                1           0  0.14s           2026-05-13T21:49:47
================================================================================
[2026-05-13T21:50:47.208+0000] {manager.py:878} INFO - 
================================================================================
DAG File Processing Stats

File Path                                         PID    Runtime      # DAGs    # Errors  Last Runtime    Last Run
------------------------------------------------  -----  ---------  --------  ----------  --------------  -------------------
/opt/airflow/dags/movie_batch_pipeline_dag.py                              1           0  1.26s           2026-05-13T21:50:36
/opt/airflow/dags/movie_realtime_pipeline_dag.py                           1           0  0.78s           2026-05-13T21:50:19
/opt/airflow/dags/movie_airbyte_sync_dag.py                                1           0  0.14s           2026-05-13T21:50:18
================================================================================
[2026-05-13T21:51:17.502+0000] {manager.py:878} INFO - 
================================================================================
DAG File Processing Stats

File Path                                         PID    Runtime      # DAGs    # Errors  Last Runtime    Last Run
------------------------------------------------  -----  ---------  --------  ----------  --------------  -------------------
/opt/airflow/dags/movie_batch_pipeline_dag.py                              1           0  1.34s           2026-05-13T21:51:07
/opt/airflow/dags/movie_realtime_pipeline_dag.py                           1           0  0.77s           2026-05-13T21:50:51
/opt/airflow/dags/movie_airbyte_sync_dag.py                                1           0  0.13s           2026-05-13T21:50:48
================================================================================
[2026-05-13T21:51:47.676+0000] {manager.py:878} INFO - 
================================================================================
DAG File Processing Stats

File Path                                         PID    Runtime      # DAGs    # Errors  Last Runtime    Last Run
------------------------------------------------  -----  ---------  --------  ----------  --------------  -------------------
/opt/airflow/dags/movie_batch_pipeline_dag.py                              1           0  1.26s           2026-05-13T21:51:39
/opt/airflow/dags/movie_realtime_pipeline_dag.py                           1           0  0.76s           2026-05-13T21:51:22
/opt/airflow/dags/movie_airbyte_sync_dag.py                                1           0  0.13s           2026-05-13T21:51:18
================================================================================
[2026-05-13T21:52:17.959+0000] {manager.py:878} INFO - 
================================================================================
DAG File Processing Stats

File Path                                         PID    Runtime      # DAGs    # Errors  Last Runtime    Last Run
------------------------------------------------  -----  ---------  --------  ----------  --------------  -------------------
/opt/airflow/dags/movie_batch_pipeline_dag.py                              1           0  1.37s           2026-05-13T21:52:11
/opt/airflow/dags/movie_realtime_pipeline_dag.py                           1           0  0.73s           2026-05-13T21:51:53
/opt/airflow/dags/movie_airbyte_sync_dag.py                                1           0  0.13s           2026-05-13T21:51:48
================================================================================
[2026-05-13T21:52:48.247+0000] {manager.py:878} INFO - 
================================================================================
DAG File Processing Stats

File Path                                         PID    Runtime      # DAGs    # Errors  Last Runtime    Last Run
------------------------------------------------  -----  ---------  --------  ----------  --------------  -------------------
/opt/airflow/dags/movie_batch_pipeline_dag.py                              1           0  1.42s           2026-05-13T21:52:43
/opt/airflow/dags/movie_realtime_pipeline_dag.py                           1           0  0.80s           2026-05-13T21:52:24
/opt/airflow/dags/movie_airbyte_sync_dag.py                                1           0  0.14s           2026-05-13T21:52:19
================================================================================
[2026-05-13T21:53:08.221+0000] {manager.py:737} INFO - Searching for files in /opt/airflow/dags
[2026-05-13T21:53:08.252+0000] {manager.py:740} INFO - There are 3 files in /opt/airflow/dags
[2026-05-13T21:53:18.509+0000] {manager.py:878} INFO - 
================================================================================
DAG File Processing Stats

File Path                                         PID    Runtime      # DAGs    # Errors  Last Runtime    Last Run
------------------------------------------------  -----  ---------  --------  ----------  --------------  -------------------
/opt/airflow/dags/movie_batch_pipeline_dag.py                              1           0  1.35s           2026-05-13T21:53:14
/opt/airflow/dags/movie_realtime_pipeline_dag.py                           1           0  0.79s           2026-05-13T21:52:56
/opt/airflow/dags/movie_airbyte_sync_dag.py                                1           0  0.12s           2026-05-13T21:52:49
================================================================================
[2026-05-13T21:53:48.796+0000] {manager.py:878} INFO - 
================================================================================
DAG File Processing Stats

File Path                                         PID    Runtime      # DAGs    # Errors  Last Runtime    Last Run
------------------------------------------------  -----  ---------  --------  ----------  --------------  -------------------
/opt/airflow/dags/movie_batch_pipeline_dag.py                              1           0  1.36s           2026-05-13T21:53:46
/opt/airflow/dags/movie_realtime_pipeline_dag.py                           1           0  0.78s           2026-05-13T21:53:27
/opt/airflow/dags/movie_airbyte_sync_dag.py                                1           0  0.13s           2026-05-13T21:53:19
================================================================================
[2026-05-13T21:54:19.126+0000] {manager.py:878} INFO - 
================================================================================
DAG File Processing Stats

File Path                                         PID    Runtime      # DAGs    # Errors  Last Runtime    Last Run
------------------------------------------------  -----  ---------  --------  ----------  --------------  -------------------
/opt/airflow/dags/movie_batch_pipeline_dag.py                              1           0  1.51s           2026-05-13T21:54:18
/opt/airflow/dags/movie_realtime_pipeline_dag.py                           1           0  0.74s           2026-05-13T21:53:58
/opt/airflow/dags/movie_airbyte_sync_dag.py                                1           0  0.15s           2026-05-13T21:53:49
================================================================================
[2026-05-13T21:54:49.129+0000] {manager.py:878} INFO - 
================================================================================
DAG File Processing Stats

File Path                                           PID  Runtime      # DAGs    # Errors  Last Runtime    Last Run
------------------------------------------------  -----  ---------  --------  ----------  --------------  -------------------
/opt/airflow/dags/movie_batch_pipeline_dag.py      1238  0.00s             1           0  1.51s           2026-05-13T21:54:18
/opt/airflow/dags/movie_realtime_pipeline_dag.py                           1           0  0.83s           2026-05-13T21:54:30
/opt/airflow/dags/movie_airbyte_sync_dag.py                                1           0  0.17s           2026-05-13T21:54:20
================================================================================
[2026-05-13T21:55:19.513+0000] {manager.py:878} INFO - 
================================================================================
DAG File Processing Stats

File Path                                         PID    Runtime      # DAGs    # Errors  Last Runtime    Last Run
------------------------------------------------  -----  ---------  --------  ----------  --------------  -------------------
/opt/airflow/dags/movie_batch_pipeline_dag.py                              1           0  1.74s           2026-05-13T21:54:50
/opt/airflow/dags/movie_realtime_pipeline_dag.py                           1           0  0.72s           2026-05-13T21:55:01
/opt/airflow/dags/movie_airbyte_sync_dag.py                                1           0  0.18s           2026-05-13T21:54:50
================================================================================
[2026-05-13T21:55:50.005+0000] {manager.py:878} INFO - 
================================================================================
DAG File Processing Stats

File Path                                         PID    Runtime      # DAGs    # Errors  Last Runtime    Last Run
------------------------------------------------  -----  ---------  --------  ----------  --------------  -------------------
/opt/airflow/dags/movie_batch_pipeline_dag.py                              1           0  1.31s           2026-05-13T21:55:22
/opt/airflow/dags/movie_realtime_pipeline_dag.py                           1           0  0.74s           2026-05-13T21:55:32
/opt/airflow/dags/movie_airbyte_sync_dag.py                                1           0  0.12s           2026-05-13T21:55:21
================================================================================
[2026-05-13T21:56:20.442+0000] {manager.py:878} INFO - 
================================================================================
DAG File Processing Stats

File Path                                         PID    Runtime      # DAGs    # Errors  Last Runtime    Last Run
------------------------------------------------  -----  ---------  --------  ----------  --------------  -------------------
/opt/airflow/dags/movie_batch_pipeline_dag.py                              1           0  1.29s           2026-05-13T21:55:53
/opt/airflow/dags/movie_realtime_pipeline_dag.py                           1           0  0.74s           2026-05-13T21:56:04
/opt/airflow/dags/movie_airbyte_sync_dag.py                                1           0  0.13s           2026-05-13T21:55:51
================================================================================
[2026-05-13T21:56:50.869+0000] {manager.py:878} INFO - 
================================================================================
DAG File Processing Stats

File Path                                         PID    Runtime      # DAGs    # Errors  Last Runtime    Last Run
------------------------------------------------  -----  ---------  --------  ----------  --------------  -------------------
/opt/airflow/dags/movie_batch_pipeline_dag.py                              1           0  1.28s           2026-05-13T21:56:25
/opt/airflow/dags/movie_realtime_pipeline_dag.py                           1           0  0.73s           2026-05-13T21:56:35
/opt/airflow/dags/movie_airbyte_sync_dag.py                                1           0  0.13s           2026-05-13T21:56:21
================================================================================
[2026-05-13T21:57:21.306+0000] {manager.py:878} INFO - 
================================================================================
DAG File Processing Stats

File Path                                         PID    Runtime      # DAGs    # Errors  Last Runtime    Last Run
------------------------------------------------  -----  ---------  --------  ----------  --------------  -------------------
/opt/airflow/dags/movie_batch_pipeline_dag.py                              1           0  1.37s           2026-05-13T21:56:56
/opt/airflow/dags/movie_realtime_pipeline_dag.py                           1           0  0.74s           2026-05-13T21:57:07
/opt/airflow/dags/movie_airbyte_sync_dag.py                                1           0  0.13s           2026-05-13T21:56:52
================================================================================
[2026-05-13T21:57:51.993+0000] {manager.py:878} INFO - 
================================================================================
DAG File Processing Stats

File Path                                         PID    Runtime      # DAGs    # Errors  Last Runtime    Last Run
------------------------------------------------  -----  ---------  --------  ----------  --------------  -------------------
/opt/airflow/dags/movie_batch_pipeline_dag.py                              1           0  1.33s           2026-05-13T21:57:28
/opt/airflow/dags/movie_realtime_pipeline_dag.py                           1           0  0.90s           2026-05-13T21:57:38
/opt/airflow/dags/movie_airbyte_sync_dag.py                                1           0  0.14s           2026-05-13T21:57:22
================================================================================
[2026-05-13T21:58:08.222+0000] {manager.py:737} INFO - Searching for files in /opt/airflow/dags
[2026-05-13T21:58:08.251+0000] {manager.py:740} INFO - There are 3 files in /opt/airflow/dags
[2026-05-13T21:58:22.130+0000] {manager.py:878} INFO - 
================================================================================
DAG File Processing Stats

File Path                                         PID    Runtime      # DAGs    # Errors  Last Runtime    Last Run
------------------------------------------------  -----  ---------  --------  ----------  --------------  -------------------
/opt/airflow/dags/movie_batch_pipeline_dag.py                              1           0  1.39s           2026-05-13T21:57:59
/opt/airflow/dags/movie_realtime_pipeline_dag.py                           1           0  0.80s           2026-05-13T21:58:10
/opt/airflow/dags/movie_airbyte_sync_dag.py                                1           0  0.14s           2026-05-13T21:57:53
================================================================================
[2026-05-13T21:58:52.767+0000] {manager.py:878} INFO - 
================================================================================
DAG File Processing Stats

File Path                                         PID    Runtime      # DAGs    # Errors  Last Runtime    Last Run
------------------------------------------------  -----  ---------  --------  ----------  --------------  -------------------
/opt/airflow/dags/movie_batch_pipeline_dag.py                              1           0  1.31s           2026-05-13T21:58:31
/opt/airflow/dags/movie_realtime_pipeline_dag.py                           1           0  0.82s           2026-05-13T21:58:41
/opt/airflow/dags/movie_airbyte_sync_dag.py                                1           0  0.13s           2026-05-13T21:58:23
================================================================================
[2026-05-13T21:59:23.224+0000] {manager.py:878} INFO - 
================================================================================
DAG File Processing Stats

File Path                                         PID    Runtime      # DAGs    # Errors  Last Runtime    Last Run
------------------------------------------------  -----  ---------  --------  ----------  --------------  -------------------
/opt/airflow/dags/movie_batch_pipeline_dag.py                              1           0  1.34s           2026-05-13T21:59:02
/opt/airflow/dags/movie_realtime_pipeline_dag.py                           1           0  0.81s           2026-05-13T21:59:13
/opt/airflow/dags/movie_airbyte_sync_dag.py                                1           0  0.13s           2026-05-13T21:58:54
================================================================================
[2026-05-13T21:59:53.629+0000] {manager.py:878} INFO - 
================================================================================
DAG File Processing Stats

File Path                                         PID    Runtime      # DAGs    # Errors  Last Runtime    Last Run
------------------------------------------------  -----  ---------  --------  ----------  --------------  -------------------
/opt/airflow/dags/movie_batch_pipeline_dag.py                              1           0  1.34s           2026-05-13T21:59:34
/opt/airflow/dags/movie_realtime_pipeline_dag.py                           1           0  0.72s           2026-05-13T21:59:44
/opt/airflow/dags/movie_airbyte_sync_dag.py                                1           0  0.14s           2026-05-13T21:59:24
================================================================================
[2026-05-13T22:00:23.634+0000] {manager.py:878} INFO - 
================================================================================
DAG File Processing Stats

File Path                                         PID    Runtime      # DAGs    # Errors  Last Runtime    Last Run
------------------------------------------------  -----  ---------  --------  ----------  --------------  -------------------
/opt/airflow/dags/movie_batch_pipeline_dag.py                              1           0  1.36s           2026-05-13T22:00:05
/opt/airflow/dags/movie_realtime_pipeline_dag.py                           1           0  0.75s           2026-05-13T22:00:15
/opt/airflow/dags/movie_airbyte_sync_dag.py                                1           0  0.13s           2026-05-13T21:59:55
================================================================================
[2026-05-13T22:00:53.953+0000] {manager.py:878} INFO - 
================================================================================
DAG File Processing Stats

File Path                                         PID    Runtime      # DAGs    # Errors  Last Runtime    Last Run
------------------------------------------------  -----  ---------  --------  ----------  --------------  -------------------
/opt/airflow/dags/movie_batch_pipeline_dag.py                              1           0  1.29s           2026-05-13T22:00:36
/opt/airflow/dags/movie_realtime_pipeline_dag.py                           1           0  0.76s           2026-05-13T22:00:46
/opt/airflow/dags/movie_airbyte_sync_dag.py                                1           0  0.13s           2026-05-13T22:00:25
================================================================================
[2026-05-13T22:01:23.988+0000] {manager.py:878} INFO - 
================================================================================
DAG File Processing Stats

File Path                                         PID    Runtime      # DAGs    # Errors  Last Runtime    Last Run
------------------------------------------------  -----  ---------  --------  ----------  --------------  -------------------
/opt/airflow/dags/movie_batch_pipeline_dag.py                              1           0  1.26s           2026-05-13T22:01:08
/opt/airflow/dags/movie_realtime_pipeline_dag.py                           1           0  0.76s           2026-05-13T22:01:17
/opt/airflow/dags/movie_airbyte_sync_dag.py                                1           0  0.13s           2026-05-13T22:00:56
================================================================================
[2026-05-13T22:01:54.355+0000] {manager.py:878} INFO - 
================================================================================
DAG File Processing Stats

File Path                                         PID    Runtime      # DAGs    # Errors  Last Runtime    Last Run
------------------------------------------------  -----  ---------  --------  ----------  --------------  -------------------
/opt/airflow/dags/movie_batch_pipeline_dag.py                              1           0  1.29s           2026-05-13T22:01:39
/opt/airflow/dags/movie_realtime_pipeline_dag.py                           1           0  0.74s           2026-05-13T22:01:49
/opt/airflow/dags/movie_airbyte_sync_dag.py                                1           0  0.13s           2026-05-13T22:01:26
================================================================================
[2026-05-13T22:02:24.790+0000] {manager.py:878} INFO - 
================================================================================
DAG File Processing Stats

File Path                                         PID    Runtime      # DAGs    # Errors  Last Runtime    Last Run
------------------------------------------------  -----  ---------  --------  ----------  --------------  -------------------
/opt/airflow/dags/movie_batch_pipeline_dag.py                              1           0  1.29s           2026-05-13T22:02:11
/opt/airflow/dags/movie_realtime_pipeline_dag.py                           1           0  0.74s           2026-05-13T22:02:20
/opt/airflow/dags/movie_airbyte_sync_dag.py                                1           0  0.12s           2026-05-13T22:01:56
================================================================================
[2026-05-13T22:02:55.253+0000] {manager.py:878} INFO - 
================================================================================
DAG File Processing Stats

File Path                                         PID    Runtime      # DAGs    # Errors  Last Runtime    Last Run
------------------------------------------------  -----  ---------  --------  ----------  --------------  -------------------
/opt/airflow/dags/movie_batch_pipeline_dag.py                              1           0  1.28s           2026-05-13T22:02:42
/opt/airflow/dags/movie_realtime_pipeline_dag.py                           1           0  0.76s           2026-05-13T22:02:52
/opt/airflow/dags/movie_airbyte_sync_dag.py                                1           0  0.13s           2026-05-13T22:02:27
================================================================================
[2026-05-13T22:03:08.704+0000] {manager.py:737} INFO - Searching for files in /opt/airflow/dags
[2026-05-13T22:03:08.739+0000] {manager.py:740} INFO - There are 3 files in /opt/airflow/dags
[2026-05-13T22:03:25.686+0000] {manager.py:878} INFO - 
================================================================================
DAG File Processing Stats

File Path                                         PID    Runtime      # DAGs    # Errors  Last Runtime    Last Run
------------------------------------------------  -----  ---------  --------  ----------  --------------  -------------------
/opt/airflow/dags/movie_batch_pipeline_dag.py                              1           0  1.33s           2026-05-13T22:03:14
/opt/airflow/dags/movie_realtime_pipeline_dag.py                           1           0  0.78s           2026-05-13T22:03:23
/opt/airflow/dags/movie_airbyte_sync_dag.py                                1           0  0.13s           2026-05-13T22:02:57
================================================================================
[2026-05-13T22:03:56.220+0000] {manager.py:878} INFO - 
================================================================================
DAG File Processing Stats

File Path                                         PID    Runtime      # DAGs    # Errors  Last Runtime    Last Run
------------------------------------------------  -----  ---------  --------  ----------  --------------  -------------------
/opt/airflow/dags/movie_batch_pipeline_dag.py                              1           0  1.34s           2026-05-13T22:03:45
/opt/airflow/dags/movie_realtime_pipeline_dag.py                           1           0  0.78s           2026-05-13T22:03:55
/opt/airflow/dags/movie_airbyte_sync_dag.py                                1           0  0.13s           2026-05-13T22:03:28
================================================================================
[2026-05-13T22:04:26.727+0000] {manager.py:878} INFO - 
================================================================================
DAG File Processing Stats

File Path                                         PID    Runtime      # DAGs    # Errors  Last Runtime    Last Run
------------------------------------------------  -----  ---------  --------  ----------  --------------  -------------------
/opt/airflow/dags/movie_batch_pipeline_dag.py                              1           0  1.34s           2026-05-13T22:04:17
/opt/airflow/dags/movie_realtime_pipeline_dag.py                           1           0  0.77s           2026-05-13T22:04:26
/opt/airflow/dags/movie_airbyte_sync_dag.py                                1           0  0.15s           2026-05-13T22:03:58
================================================================================
[2026-05-13T22:04:57.445+0000] {manager.py:878} INFO - 
================================================================================
DAG File Processing Stats

File Path                                           PID  Runtime      # DAGs    # Errors  Last Runtime    Last Run
------------------------------------------------  -----  ---------  --------  ----------  --------------  -------------------
/opt/airflow/dags/movie_batch_pipeline_dag.py                              1           0  1.39s           2026-05-13T22:04:48
/opt/airflow/dags/movie_realtime_pipeline_dag.py   1816  0.00s             1           0  0.77s           2026-05-13T22:04:26
/opt/airflow/dags/movie_airbyte_sync_dag.py                                1           0  0.13s           2026-05-13T22:04:29
================================================================================
[2026-05-13T22:05:27.990+0000] {manager.py:878} INFO - 
================================================================================
DAG File Processing Stats

File Path                                         PID    Runtime      # DAGs    # Errors  Last Runtime    Last Run
------------------------------------------------  -----  ---------  --------  ----------  --------------  -------------------
/opt/airflow/dags/movie_batch_pipeline_dag.py                              1           0  1.34s           2026-05-13T22:05:20
/opt/airflow/dags/movie_realtime_pipeline_dag.py                           1           0  0.82s           2026-05-13T22:04:58
/opt/airflow/dags/movie_airbyte_sync_dag.py                                1           0  0.14s           2026-05-13T22:04:59
================================================================================
[2026-05-13T22:05:58.473+0000] {manager.py:878} INFO - 
================================================================================
DAG File Processing Stats

File Path                                         PID    Runtime      # DAGs    # Errors  Last Runtime    Last Run
------------------------------------------------  -----  ---------  --------  ----------  --------------  -------------------
/opt/airflow/dags/movie_batch_pipeline_dag.py                              1           0  1.36s           2026-05-13T22:05:51
/opt/airflow/dags/movie_realtime_pipeline_dag.py                           1           0  0.74s           2026-05-13T22:05:29
/opt/airflow/dags/movie_airbyte_sync_dag.py                                1           0  0.12s           2026-05-13T22:05:30
================================================================================
[2026-05-13T22:06:28.768+0000] {manager.py:878} INFO - 
================================================================================
DAG File Processing Stats

File Path                                         PID    Runtime      # DAGs    # Errors  Last Runtime    Last Run
------------------------------------------------  -----  ---------  --------  ----------  --------------  -------------------
/opt/airflow/dags/movie_batch_pipeline_dag.py                              1           0  1.41s           2026-05-13T22:06:23
/opt/airflow/dags/movie_realtime_pipeline_dag.py                           1           0  0.74s           2026-05-13T22:06:01
/opt/airflow/dags/movie_airbyte_sync_dag.py                                1           0  0.13s           2026-05-13T22:06:00
================================================================================
[2026-05-13T22:06:58.985+0000] {manager.py:878} INFO - 
================================================================================
DAG File Processing Stats

File Path                                         PID    Runtime      # DAGs    # Errors  Last Runtime    Last Run
------------------------------------------------  -----  ---------  --------  ----------  --------------  -------------------
/opt/airflow/dags/movie_batch_pipeline_dag.py                              1           0  1.30s           2026-05-13T22:06:54
/opt/airflow/dags/movie_realtime_pipeline_dag.py                           1           0  0.76s           2026-05-13T22:06:32
/opt/airflow/dags/movie_airbyte_sync_dag.py                                1           0  0.14s           2026-05-13T22:06:30
================================================================================
[2026-05-13T22:07:29.263+0000] {manager.py:878} INFO - 
================================================================================
DAG File Processing Stats

File Path                                         PID    Runtime      # DAGs    # Errors  Last Runtime    Last Run
------------------------------------------------  -----  ---------  --------  ----------  --------------  -------------------
/opt/airflow/dags/movie_batch_pipeline_dag.py                              1           0  1.31s           2026-05-13T22:07:26
/opt/airflow/dags/movie_realtime_pipeline_dag.py                           1           0  0.72s           2026-05-13T22:07:03
/opt/airflow/dags/movie_airbyte_sync_dag.py                                1           0  0.13s           2026-05-13T22:07:01
================================================================================
[2026-05-13T22:07:59.484+0000] {manager.py:878} INFO - 
================================================================================
DAG File Processing Stats

File Path                                         PID    Runtime      # DAGs    # Errors  Last Runtime    Last Run
------------------------------------------------  -----  ---------  --------  ----------  --------------  -------------------
/opt/airflow/dags/movie_batch_pipeline_dag.py                              1           0  1.33s           2026-05-13T22:07:58
/opt/airflow/dags/movie_realtime_pipeline_dag.py                           1           0  0.74s           2026-05-13T22:07:35
/opt/airflow/dags/movie_airbyte_sync_dag.py                                1           0  0.13s           2026-05-13T22:07:31
================================================================================
[2026-05-13T22:08:09.323+0000] {manager.py:737} INFO - Searching for files in /opt/airflow/dags
[2026-05-13T22:08:09.351+0000] {manager.py:740} INFO - There are 3 files in /opt/airflow/dags
[2026-05-13T22:08:29.756+0000] {manager.py:878} INFO - 
================================================================================
DAG File Processing Stats

File Path                                           PID  Runtime      # DAGs    # Errors  Last Runtime    Last Run
------------------------------------------------  -----  ---------  --------  ----------  --------------  -------------------
/opt/airflow/dags/movie_batch_pipeline_dag.py      1993  1.01s             1           0  1.33s           2026-05-13T22:07:58
/opt/airflow/dags/movie_realtime_pipeline_dag.py                           1           0  0.78s           2026-05-13T22:08:06
/opt/airflow/dags/movie_airbyte_sync_dag.py                                1           0  0.13s           2026-05-13T22:08:01
================================================================================
[2026-05-13T22:09:00.018+0000] {manager.py:878} INFO - 
================================================================================
DAG File Processing Stats

File Path                                         PID    Runtime      # DAGs    # Errors  Last Runtime    Last Run
------------------------------------------------  -----  ---------  --------  ----------  --------------  -------------------
/opt/airflow/dags/movie_batch_pipeline_dag.py                              1           0  1.35s           2026-05-13T22:08:30
/opt/airflow/dags/movie_realtime_pipeline_dag.py                           1           0  0.75s           2026-05-13T22:08:37
/opt/airflow/dags/movie_airbyte_sync_dag.py                                1           0  0.12s           2026-05-13T22:08:31
================================================================================
[2026-05-13T22:09:30.207+0000] {manager.py:878} INFO - 
================================================================================
DAG File Processing Stats

File Path                                         PID    Runtime      # DAGs    # Errors  Last Runtime    Last Run
------------------------------------------------  -----  ---------  --------  ----------  --------------  -------------------
/opt/airflow/dags/movie_batch_pipeline_dag.py                              1           0  1.28s           2026-05-13T22:09:01
/opt/airflow/dags/movie_realtime_pipeline_dag.py                           1           0  0.78s           2026-05-13T22:09:08
/opt/airflow/dags/movie_airbyte_sync_dag.py                                1           0  0.12s           2026-05-13T22:09:02
================================================================================
[2026-05-13T22:10:00.287+0000] {manager.py:878} INFO - 
================================================================================
DAG File Processing Stats

File Path                                         PID    Runtime      # DAGs    # Errors  Last Runtime    Last Run
------------------------------------------------  -----  ---------  --------  ----------  --------------  -------------------
/opt/airflow/dags/movie_batch_pipeline_dag.py                              1           0  1.30s           2026-05-13T22:09:33
/opt/airflow/dags/movie_realtime_pipeline_dag.py                           1           0  0.79s           2026-05-13T22:09:40
/opt/airflow/dags/movie_airbyte_sync_dag.py                                1           0  0.13s           2026-05-13T22:09:32
================================================================================
[2026-05-13T22:10:30.701+0000] {manager.py:878} INFO - 
================================================================================
DAG File Processing Stats

File Path                                         PID    Runtime      # DAGs    # Errors  Last Runtime    Last Run
------------------------------------------------  -----  ---------  --------  ----------  --------------  -------------------
/opt/airflow/dags/movie_batch_pipeline_dag.py                              1           0  1.31s           2026-05-13T22:10:04
/opt/airflow/dags/movie_realtime_pipeline_dag.py                           1           0  0.78s           2026-05-13T22:10:11
/opt/airflow/dags/movie_airbyte_sync_dag.py                                1           0  0.13s           2026-05-13T22:10:02
================================================================================
[2026-05-13T22:11:01.124+0000] {manager.py:878} INFO - 
================================================================================
DAG File Processing Stats

File Path                                         PID    Runtime      # DAGs    # Errors  Last Runtime    Last Run
------------------------------------------------  -----  ---------  --------  ----------  --------------  -------------------
/opt/airflow/dags/movie_batch_pipeline_dag.py                              1           0  1.31s           2026-05-13T22:10:36
/opt/airflow/dags/movie_realtime_pipeline_dag.py                           1           0  0.76s           2026-05-13T22:10:43
/opt/airflow/dags/movie_airbyte_sync_dag.py                                1           0  0.13s           2026-05-13T22:10:33
================================================================================
[2026-05-13T22:11:31.585+0000] {manager.py:878} INFO - 
================================================================================
DAG File Processing Stats

File Path                                         PID    Runtime      # DAGs    # Errors  Last Runtime    Last Run
------------------------------------------------  -----  ---------  --------  ----------  --------------  -------------------
/opt/airflow/dags/movie_batch_pipeline_dag.py                              1           0  1.34s           2026-05-13T22:11:07
/opt/airflow/dags/movie_realtime_pipeline_dag.py                           1           0  0.76s           2026-05-13T22:11:14
/opt/airflow/dags/movie_airbyte_sync_dag.py                                1           0  0.13s           2026-05-13T22:11:03
================================================================================
[2026-05-13T22:12:02.112+0000] {manager.py:878} INFO - 
================================================================================
DAG File Processing Stats

File Path                                         PID    Runtime      # DAGs    # Errors  Last Runtime    Last Run
------------------------------------------------  -----  ---------  --------  ----------  --------------  -------------------
/opt/airflow/dags/movie_batch_pipeline_dag.py                              1           0  1.31s           2026-05-13T22:11:39
/opt/airflow/dags/movie_realtime_pipeline_dag.py                           1           0  0.80s           2026-05-13T22:11:46
/opt/airflow/dags/movie_airbyte_sync_dag.py                                1           0  0.13s           2026-05-13T22:11:34
================================================================================
[2026-05-13T22:12:32.550+0000] {manager.py:878} INFO - 
================================================================================
DAG File Processing Stats

File Path                                         PID    Runtime      # DAGs    # Errors  Last Runtime    Last Run
------------------------------------------------  -----  ---------  --------  ----------  --------------  -------------------
/opt/airflow/dags/movie_batch_pipeline_dag.py                              1           0  1.33s           2026-05-13T22:12:10
/opt/airflow/dags/movie_realtime_pipeline_dag.py                           1           0  0.78s           2026-05-13T22:12:17
/opt/airflow/dags/movie_airbyte_sync_dag.py                                1           0  0.13s           2026-05-13T22:12:04
================================================================================
[2026-05-13T22:13:03.059+0000] {manager.py:878} INFO - 
================================================================================
DAG File Processing Stats

File Path                                         PID    Runtime      # DAGs    # Errors  Last Runtime    Last Run
------------------------------------------------  -----  ---------  --------  ----------  --------------  -------------------
/opt/airflow/dags/movie_batch_pipeline_dag.py                              1           0  1.34s           2026-05-13T22:12:42
/opt/airflow/dags/movie_realtime_pipeline_dag.py                           1           0  0.82s           2026-05-13T22:12:48
/opt/airflow/dags/movie_airbyte_sync_dag.py                                1           0  0.12s           2026-05-13T22:12:35
================================================================================
[2026-05-13T22:13:09.492+0000] {manager.py:737} INFO - Searching for files in /opt/airflow/dags
[2026-05-13T22:13:09.522+0000] {manager.py:740} INFO - There are 3 files in /opt/airflow/dags
[2026-05-13T22:13:33.522+0000] {manager.py:878} INFO - 
================================================================================
DAG File Processing Stats

File Path                                         PID    Runtime      # DAGs    # Errors  Last Runtime    Last Run
------------------------------------------------  -----  ---------  --------  ----------  --------------  -------------------
/opt/airflow/dags/movie_batch_pipeline_dag.py                              1           0  1.36s           2026-05-13T22:13:13
/opt/airflow/dags/movie_realtime_pipeline_dag.py                           1           0  0.79s           2026-05-13T22:13:20
/opt/airflow/dags/movie_airbyte_sync_dag.py                                1           0  0.13s           2026-05-13T22:13:05
================================================================================
[2026-05-13T22:14:04.079+0000] {manager.py:878} INFO - 
================================================================================
DAG File Processing Stats

File Path                                         PID    Runtime      # DAGs    # Errors  Last Runtime    Last Run
------------------------------------------------  -----  ---------  --------  ----------  --------------  -------------------
/opt/airflow/dags/movie_batch_pipeline_dag.py                              1           0  1.34s           2026-05-13T22:13:45
/opt/airflow/dags/movie_realtime_pipeline_dag.py                           1           0  0.79s           2026-05-13T22:13:52
/opt/airflow/dags/movie_airbyte_sync_dag.py                                1           0  0.13s           2026-05-13T22:13:36
================================================================================
[2026-05-13T22:14:34.548+0000] {manager.py:878} INFO - 
================================================================================
DAG File Processing Stats

File Path                                         PID    Runtime      # DAGs    # Errors  Last Runtime    Last Run
------------------------------------------------  -----  ---------  --------  ----------  --------------  -------------------
/opt/airflow/dags/movie_batch_pipeline_dag.py                              1           0  1.28s           2026-05-13T22:14:16
/opt/airflow/dags/movie_realtime_pipeline_dag.py                           1           0  0.76s           2026-05-13T22:14:23
/opt/airflow/dags/movie_airbyte_sync_dag.py                                1           0  0.14s           2026-05-13T22:14:06
================================================================================
[2026-05-13T22:15:04.999+0000] {manager.py:878} INFO - 
================================================================================
DAG File Processing Stats

File Path                                         PID    Runtime      # DAGs    # Errors  Last Runtime    Last Run
------------------------------------------------  -----  ---------  --------  ----------  --------------  -------------------
/opt/airflow/dags/movie_batch_pipeline_dag.py                              1           0  1.41s           2026-05-13T22:14:48
/opt/airflow/dags/movie_realtime_pipeline_dag.py                           1           0  0.80s           2026-05-13T22:14:54
/opt/airflow/dags/movie_airbyte_sync_dag.py                                1           0  0.13s           2026-05-13T22:14:37
================================================================================
[2026-05-13T22:15:35.500+0000] {manager.py:878} INFO - 
================================================================================
DAG File Processing Stats

File Path                                         PID    Runtime      # DAGs    # Errors  Last Runtime    Last Run
------------------------------------------------  -----  ---------  --------  ----------  --------------  -------------------
/opt/airflow/dags/movie_batch_pipeline_dag.py                              1           0  1.30s           2026-05-13T22:15:19
/opt/airflow/dags/movie_realtime_pipeline_dag.py                           1           0  0.75s           2026-05-13T22:15:26
/opt/airflow/dags/movie_airbyte_sync_dag.py                                1           0  0.13s           2026-05-13T22:15:07
================================================================================
[2026-05-13T22:16:05.945+0000] {manager.py:878} INFO - 
================================================================================
DAG File Processing Stats

File Path                                         PID    Runtime      # DAGs    # Errors  Last Runtime    Last Run
------------------------------------------------  -----  ---------  --------  ----------  --------------  -------------------
/opt/airflow/dags/movie_batch_pipeline_dag.py                              1           0  1.30s           2026-05-13T22:15:51
/opt/airflow/dags/movie_realtime_pipeline_dag.py                           1           0  0.75s           2026-05-13T22:15:57
/opt/airflow/dags/movie_airbyte_sync_dag.py                                1           0  0.13s           2026-05-13T22:15:38
================================================================================
[2026-05-13T22:16:36.447+0000] {manager.py:878} INFO - 
================================================================================
DAG File Processing Stats

File Path                                         PID    Runtime      # DAGs    # Errors  Last Runtime    Last Run
------------------------------------------------  -----  ---------  --------  ----------  --------------  -------------------
/opt/airflow/dags/movie_batch_pipeline_dag.py                              1           0  1.28s           2026-05-13T22:16:22
/opt/airflow/dags/movie_realtime_pipeline_dag.py                           1           0  0.78s           2026-05-13T22:16:29
/opt/airflow/dags/movie_airbyte_sync_dag.py                                1           0  0.14s           2026-05-13T22:16:08
================================================================================
[2026-05-13T22:17:06.908+0000] {manager.py:878} INFO - 
================================================================================
DAG File Processing Stats

File Path                                         PID    Runtime      # DAGs    # Errors  Last Runtime    Last Run
------------------------------------------------  -----  ---------  --------  ----------  --------------  -------------------
/opt/airflow/dags/movie_batch_pipeline_dag.py                              1           0  1.41s           2026-05-13T22:16:54
/opt/airflow/dags/movie_realtime_pipeline_dag.py                           1           0  0.82s           2026-05-13T22:17:00
/opt/airflow/dags/movie_airbyte_sync_dag.py                                1           0  0.13s           2026-05-13T22:16:38
================================================================================
[2026-05-13T22:17:37.396+0000] {manager.py:878} INFO - 
================================================================================
DAG File Processing Stats

File Path                                         PID    Runtime      # DAGs    # Errors  Last Runtime    Last Run
------------------------------------------------  -----  ---------  --------  ----------  --------------  -------------------
/opt/airflow/dags/movie_batch_pipeline_dag.py                              1           0  1.29s           2026-05-13T22:17:25
/opt/airflow/dags/movie_realtime_pipeline_dag.py                           1           0  0.74s           2026-05-13T22:17:32
/opt/airflow/dags/movie_airbyte_sync_dag.py                                1           0  0.14s           2026-05-13T22:17:09
================================================================================
[2026-05-13T22:18:07.797+0000] {manager.py:878} INFO - 
================================================================================
DAG File Processing Stats

File Path                                         PID    Runtime      # DAGs    # Errors  Last Runtime    Last Run
------------------------------------------------  -----  ---------  --------  ----------  --------------  -------------------
/opt/airflow/dags/movie_batch_pipeline_dag.py                              1           0  1.29s           2026-05-13T22:17:57
/opt/airflow/dags/movie_realtime_pipeline_dag.py                           1           0  0.73s           2026-05-13T22:18:03
/opt/airflow/dags/movie_airbyte_sync_dag.py                                1           0  0.12s           2026-05-13T22:17:39
================================================================================
[2026-05-13T22:18:09.805+0000] {manager.py:737} INFO - Searching for files in /opt/airflow/dags
[2026-05-13T22:18:09.832+0000] {manager.py:740} INFO - There are 3 files in /opt/airflow/dags
[2026-05-13T22:18:38.263+0000] {manager.py:878} INFO - 
================================================================================
DAG File Processing Stats

File Path                                         PID    Runtime      # DAGs    # Errors  Last Runtime    Last Run
------------------------------------------------  -----  ---------  --------  ----------  --------------  -------------------
/opt/airflow/dags/movie_batch_pipeline_dag.py                              1           0  1.33s           2026-05-13T22:18:28
/opt/airflow/dags/movie_realtime_pipeline_dag.py                           1           0  0.75s           2026-05-13T22:18:35
/opt/airflow/dags/movie_airbyte_sync_dag.py                                1           0  0.13s           2026-05-13T22:18:10
================================================================================
[2026-05-13T22:19:08.735+0000] {manager.py:878} INFO - 
================================================================================
DAG File Processing Stats

File Path                                         PID    Runtime      # DAGs    # Errors  Last Runtime    Last Run
------------------------------------------------  -----  ---------  --------  ----------  --------------  -------------------
/opt/airflow/dags/movie_batch_pipeline_dag.py                              1           0  1.31s           2026-05-13T22:19:00
/opt/airflow/dags/movie_realtime_pipeline_dag.py                           1           0  0.75s           2026-05-13T22:19:06
/opt/airflow/dags/movie_airbyte_sync_dag.py                                1           0  0.13s           2026-05-13T22:18:40
================================================================================
[2026-05-13T22:19:39.223+0000] {manager.py:878} INFO - 
================================================================================
DAG File Processing Stats

File Path                                         PID    Runtime      # DAGs    # Errors  Last Runtime    Last Run
------------------------------------------------  -----  ---------  --------  ----------  --------------  -------------------
/opt/airflow/dags/movie_batch_pipeline_dag.py                              1           0  1.39s           2026-05-13T22:19:31
/opt/airflow/dags/movie_realtime_pipeline_dag.py                           1           0  0.77s           2026-05-13T22:19:38
/opt/airflow/dags/movie_airbyte_sync_dag.py                                1           0  0.14s           2026-05-13T22:19:11
================================================================================
[2026-05-13T22:20:09.753+0000] {manager.py:878} INFO - 
================================================================================
DAG File Processing Stats

File Path                                         PID    Runtime      # DAGs    # Errors  Last Runtime    Last Run
------------------------------------------------  -----  ---------  --------  ----------  --------------  -------------------
/opt/airflow/dags/movie_batch_pipeline_dag.py                              1           0  1.32s           2026-05-13T22:20:03
/opt/airflow/dags/movie_realtime_pipeline_dag.py                           1           0  0.77s           2026-05-13T22:20:09
/opt/airflow/dags/movie_airbyte_sync_dag.py                                1           0  0.13s           2026-05-13T22:19:41
================================================================================
[2026-05-13T22:20:39.770+0000] {manager.py:878} INFO - 
================================================================================
DAG File Processing Stats

File Path                                           PID  Runtime      # DAGs    # Errors  Last Runtime    Last Run
------------------------------------------------  -----  ---------  --------  ----------  --------------  -------------------
/opt/airflow/dags/movie_batch_pipeline_dag.py                              1           0  1.42s           2026-05-13T22:20:34
/opt/airflow/dags/movie_realtime_pipeline_dag.py   2687  0.00s             1           0  0.77s           2026-05-13T22:20:09
/opt/airflow/dags/movie_airbyte_sync_dag.py                                1           0  0.14s           2026-05-13T22:20:12
================================================================================
[2026-05-13T22:21:10.174+0000] {manager.py:878} INFO - 
================================================================================
DAG File Processing Stats

File Path                                         PID    Runtime      # DAGs    # Errors  Last Runtime    Last Run
------------------------------------------------  -----  ---------  --------  ----------  --------------  -------------------
/opt/airflow/dags/movie_batch_pipeline_dag.py                              1           0  1.43s           2026-05-13T22:21:07
/opt/airflow/dags/movie_realtime_pipeline_dag.py                           1           0  0.82s           2026-05-13T22:20:40
/opt/airflow/dags/movie_airbyte_sync_dag.py                                1           0  0.14s           2026-05-13T22:20:42
================================================================================
[2026-05-13T22:21:40.450+0000] {manager.py:878} INFO - 
================================================================================
DAG File Processing Stats

File Path                                         PID    Runtime      # DAGs    # Errors  Last Runtime    Last Run
------------------------------------------------  -----  ---------  --------  ----------  --------------  -------------------
/opt/airflow/dags/movie_batch_pipeline_dag.py                              1           0  1.37s           2026-05-13T22:21:38
/opt/airflow/dags/movie_realtime_pipeline_dag.py                           1           0  0.76s           2026-05-13T22:21:11
/opt/airflow/dags/movie_airbyte_sync_dag.py                                1           0  0.14s           2026-05-13T22:21:13
================================================================================
[2026-05-13T22:22:10.692+0000] {manager.py:878} INFO - 
================================================================================
DAG File Processing Stats

File Path                                           PID  Runtime      # DAGs    # Errors  Last Runtime    Last Run
------------------------------------------------  -----  ---------  --------  ----------  --------------  -------------------
/opt/airflow/dags/movie_batch_pipeline_dag.py      2748  1.01s             1           0  1.37s           2026-05-13T22:21:38
/opt/airflow/dags/movie_realtime_pipeline_dag.py                           1           0  0.84s           2026-05-13T22:21:42
/opt/airflow/dags/movie_airbyte_sync_dag.py                                1           0  0.12s           2026-05-13T22:21:43
================================================================================
[2026-05-13T22:22:41.155+0000] {manager.py:878} INFO - 
================================================================================
DAG File Processing Stats

File Path                                           PID  Runtime      # DAGs    # Errors  Last Runtime    Last Run
------------------------------------------------  -----  ---------  --------  ----------  --------------  -------------------
/opt/airflow/dags/movie_batch_pipeline_dag.py      2777  0.00s             1           0  1.31s           2026-05-13T22:22:10
/opt/airflow/dags/movie_realtime_pipeline_dag.py                           1           0  0.75s           2026-05-13T22:22:13
/opt/airflow/dags/movie_airbyte_sync_dag.py                                1           0  0.15s           2026-05-13T22:22:14
================================================================================
[2026-05-13T22:23:10.408+0000] {manager.py:737} INFO - Searching for files in /opt/airflow/dags
[2026-05-13T22:23:10.438+0000] {manager.py:740} INFO - There are 3 files in /opt/airflow/dags
[2026-05-13T22:23:11.453+0000] {manager.py:878} INFO - 
================================================================================
DAG File Processing Stats

File Path                                         PID    Runtime      # DAGs    # Errors  Last Runtime    Last Run
------------------------------------------------  -----  ---------  --------  ----------  --------------  -------------------
/opt/airflow/dags/movie_batch_pipeline_dag.py                              1           0  1.36s           2026-05-13T22:22:42
/opt/airflow/dags/movie_realtime_pipeline_dag.py                           1           0  0.74s           2026-05-13T22:22:44
/opt/airflow/dags/movie_airbyte_sync_dag.py                                1           0  0.13s           2026-05-13T22:22:44
================================================================================
[2026-05-13T22:23:41.660+0000] {manager.py:878} INFO - 
================================================================================
DAG File Processing Stats

File Path                                         PID    Runtime      # DAGs    # Errors  Last Runtime    Last Run
------------------------------------------------  -----  ---------  --------  ----------  --------------  -------------------
/opt/airflow/dags/movie_batch_pipeline_dag.py                              1           0  1.36s           2026-05-13T22:23:13
/opt/airflow/dags/movie_realtime_pipeline_dag.py                           1           0  0.97s           2026-05-13T22:23:15
/opt/airflow/dags/movie_airbyte_sync_dag.py                                1           0  0.16s           2026-05-13T22:23:14
================================================================================
[2026-05-18T18:33:35.284+0000] {manager.py:470} INFO - Processing files using up to 2 processes at a time 
[2026-05-18T18:33:35.284+0000] {manager.py:471} INFO - Process each file at most once every 30 seconds
[2026-05-18T18:33:35.285+0000] {manager.py:472} INFO - Checking for new files in /opt/airflow/dags every 300 seconds
[2026-05-18T18:33:35.286+0000] {manager.py:737} INFO - Searching for files in /opt/airflow/dags
[2026-05-18T18:33:35.340+0000] {manager.py:740} INFO - There are 3 files in /opt/airflow/dags
[2026-05-18T18:33:48.765+0000] {manager.py:878} INFO - 
================================================================================
DAG File Processing Stats

File Path                                         PID    Runtime      # DAGs    # Errors  Last Runtime    Last Run
------------------------------------------------  -----  ---------  --------  ----------  --------------  -------------------
/opt/airflow/dags/movie_batch_pipeline_dag.py                              1           0  2.32s           2026-05-18T18:33:37
/opt/airflow/dags/movie_realtime_pipeline_dag.py                           1           0  1.05s           2026-05-18T18:33:36
/opt/airflow/dags/movie_airbyte_sync_dag.py                                1           0  0.34s           2026-05-18T18:33:35
================================================================================
[2026-05-18T18:34:18.810+0000] {manager.py:878} INFO - 
================================================================================
DAG File Processing Stats

File Path                                         PID    Runtime      # DAGs    # Errors  Last Runtime    Last Run
------------------------------------------------  -----  ---------  --------  ----------  --------------  -------------------
/opt/airflow/dags/movie_batch_pipeline_dag.py                              1           0  1.35s           2026-05-18T18:34:09
/opt/airflow/dags/movie_realtime_pipeline_dag.py                           1           0  0.83s           2026-05-18T18:34:07
/opt/airflow/dags/movie_airbyte_sync_dag.py                                1           0  0.26s           2026-05-18T18:34:06
================================================================================
[2026-05-18T18:34:49.565+0000] {manager.py:878} INFO - 
================================================================================
DAG File Processing Stats

File Path                                         PID    Runtime      # DAGs    # Errors  Last Runtime    Last Run
------------------------------------------------  -----  ---------  --------  ----------  --------------  -------------------
/opt/airflow/dags/movie_batch_pipeline_dag.py                              1           0  1.34s           2026-05-18T18:34:40
/opt/airflow/dags/movie_realtime_pipeline_dag.py                           1           0  0.89s           2026-05-18T18:34:39
/opt/airflow/dags/movie_airbyte_sync_dag.py                                1           0  0.25s           2026-05-18T18:34:36
================================================================================
[2026-05-18T18:35:19.861+0000] {manager.py:878} INFO - 
================================================================================
DAG File Processing Stats

File Path                                         PID    Runtime      # DAGs    # Errors  Last Runtime    Last Run
------------------------------------------------  -----  ---------  --------  ----------  --------------  -------------------
/opt/airflow/dags/movie_batch_pipeline_dag.py                              1           0  1.27s           2026-05-18T18:35:12
/opt/airflow/dags/movie_realtime_pipeline_dag.py                           1           0  0.75s           2026-05-18T18:35:10
/opt/airflow/dags/movie_airbyte_sync_dag.py                                1           0  0.13s           2026-05-18T18:35:06
================================================================================
[2026-05-18T18:35:50.226+0000] {manager.py:878} INFO - 
================================================================================
DAG File Processing Stats

File Path                                         PID    Runtime      # DAGs    # Errors  Last Runtime    Last Run
------------------------------------------------  -----  ---------  --------  ----------  --------------  -------------------
/opt/airflow/dags/movie_batch_pipeline_dag.py                              1           0  1.49s           2026-05-18T18:35:43
/opt/airflow/dags/movie_realtime_pipeline_dag.py                           1           0  0.90s           2026-05-18T18:35:41
/opt/airflow/dags/movie_airbyte_sync_dag.py                                1           0  0.19s           2026-05-18T18:35:37
================================================================================
[2026-05-18T18:36:20.438+0000] {manager.py:878} INFO - 
================================================================================
DAG File Processing Stats

File Path                                         PID    Runtime      # DAGs    # Errors  Last Runtime    Last Run
------------------------------------------------  -----  ---------  --------  ----------  --------------  -------------------
/opt/airflow/dags/movie_batch_pipeline_dag.py                              1           0  1.29s           2026-05-18T18:36:15
/opt/airflow/dags/movie_realtime_pipeline_dag.py                           1           0  0.77s           2026-05-18T18:36:13
/opt/airflow/dags/movie_airbyte_sync_dag.py                                1           0  0.14s           2026-05-18T18:36:07
================================================================================
[2026-05-18T18:36:50.712+0000] {manager.py:878} INFO - 
================================================================================
DAG File Processing Stats

File Path                                         PID    Runtime      # DAGs    # Errors  Last Runtime    Last Run
------------------------------------------------  -----  ---------  --------  ----------  --------------  -------------------
/opt/airflow/dags/movie_batch_pipeline_dag.py                              1           0  1.28s           2026-05-18T18:36:46
/opt/airflow/dags/movie_realtime_pipeline_dag.py                           1           0  0.80s           2026-05-18T18:36:44
/opt/airflow/dags/movie_airbyte_sync_dag.py                                1           0  0.13s           2026-05-18T18:36:37
================================================================================
[2026-05-18T18:37:20.937+0000] {manager.py:878} INFO - 
================================================================================
DAG File Processing Stats

File Path                                         PID    Runtime      # DAGs    # Errors  Last Runtime    Last Run
------------------------------------------------  -----  ---------  --------  ----------  --------------  -------------------
/opt/airflow/dags/movie_batch_pipeline_dag.py                              1           0  1.32s           2026-05-18T18:37:18
/opt/airflow/dags/movie_realtime_pipeline_dag.py                           1           0  0.75s           2026-05-18T18:37:15
/opt/airflow/dags/movie_airbyte_sync_dag.py                                1           0  0.12s           2026-05-18T18:37:07
================================================================================
[2026-05-18T18:37:51.205+0000] {manager.py:878} INFO - 
================================================================================
DAG File Processing Stats

File Path                                         PID    Runtime      # DAGs    # Errors  Last Runtime    Last Run
------------------------------------------------  -----  ---------  --------  ----------  --------------  -------------------
/opt/airflow/dags/movie_batch_pipeline_dag.py                              1           0  1.29s           2026-05-18T18:37:50
/opt/airflow/dags/movie_realtime_pipeline_dag.py                           1           0  0.84s           2026-05-18T18:37:46
/opt/airflow/dags/movie_airbyte_sync_dag.py                                1           0  0.13s           2026-05-18T18:37:38
================================================================================
[2026-05-18T18:38:21.468+0000] {manager.py:878} INFO - 
================================================================================
DAG File Processing Stats

File Path                                           PID  Runtime      # DAGs    # Errors  Last Runtime    Last Run
------------------------------------------------  -----  ---------  --------  ----------  --------------  -------------------
/opt/airflow/dags/movie_batch_pipeline_dag.py       333  0.33s             1           0  1.29s           2026-05-18T18:37:50
/opt/airflow/dags/movie_realtime_pipeline_dag.py                           1           0  0.78s           2026-05-18T18:38:18
/opt/airflow/dags/movie_airbyte_sync_dag.py                                1           0  0.12s           2026-05-18T18:38:08
================================================================================
[2026-05-18T18:38:35.479+0000] {manager.py:737} INFO - Searching for files in /opt/airflow/dags
[2026-05-18T18:38:35.516+0000] {manager.py:740} INFO - There are 3 files in /opt/airflow/dags
[2026-05-18T18:38:51.729+0000] {manager.py:878} INFO - 
================================================================================
DAG File Processing Stats

File Path                                         PID    Runtime      # DAGs    # Errors  Last Runtime    Last Run
------------------------------------------------  -----  ---------  --------  ----------  --------------  -------------------
/opt/airflow/dags/movie_batch_pipeline_dag.py                              1           0  1.28s           2026-05-18T18:38:22
/opt/airflow/dags/movie_realtime_pipeline_dag.py                           1           0  0.77s           2026-05-18T18:38:49
/opt/airflow/dags/movie_airbyte_sync_dag.py                                1           0  0.13s           2026-05-18T18:38:38
================================================================================
[2026-05-18T18:39:22.010+0000] {manager.py:878} INFO - 
================================================================================
DAG File Processing Stats

File Path                                         PID    Runtime      # DAGs    # Errors  Last Runtime    Last Run
------------------------------------------------  -----  ---------  --------  ----------  --------------  -------------------
/opt/airflow/dags/movie_batch_pipeline_dag.py                              1           0  1.30s           2026-05-18T18:38:54
/opt/airflow/dags/movie_realtime_pipeline_dag.py                           1           0  0.76s           2026-05-18T18:39:20
/opt/airflow/dags/movie_airbyte_sync_dag.py                                1           0  0.14s           2026-05-18T18:39:08
================================================================================
[2026-05-18T18:39:52.221+0000] {manager.py:878} INFO - 
================================================================================
DAG File Processing Stats

File Path                                         PID    Runtime      # DAGs    # Errors  Last Runtime    Last Run
------------------------------------------------  -----  ---------  --------  ----------  --------------  -------------------
/opt/airflow/dags/movie_batch_pipeline_dag.py                              1           0  1.30s           2026-05-18T18:39:25
/opt/airflow/dags/movie_realtime_pipeline_dag.py                           1           0  0.76s           2026-05-18T18:39:51
/opt/airflow/dags/movie_airbyte_sync_dag.py                                1           0  0.14s           2026-05-18T18:39:39
================================================================================
[2026-05-18T18:40:22.374+0000] {manager.py:878} INFO - 
================================================================================
DAG File Processing Stats

File Path                                           PID  Runtime      # DAGs    # Errors  Last Runtime    Last Run
------------------------------------------------  -----  ---------  --------  ----------  --------------  -------------------
/opt/airflow/dags/movie_batch_pipeline_dag.py                              1           0  1.30s           2026-05-18T18:39:57
/opt/airflow/dags/movie_realtime_pipeline_dag.py    447  0.00s             1           0  0.76s           2026-05-18T18:39:51
/opt/airflow/dags/movie_airbyte_sync_dag.py                                1           0  0.12s           2026-05-18T18:40:09
================================================================================
[2026-05-18T18:40:52.557+0000] {manager.py:878} INFO - 
================================================================================
DAG File Processing Stats

File Path                                         PID    Runtime      # DAGs    # Errors  Last Runtime    Last Run
------------------------------------------------  -----  ---------  --------  ----------  --------------  -------------------
/opt/airflow/dags/movie_batch_pipeline_dag.py                              1           0  1.30s           2026-05-18T18:40:29
/opt/airflow/dags/movie_realtime_pipeline_dag.py                           1           0  0.74s           2026-05-18T18:40:23
/opt/airflow/dags/movie_airbyte_sync_dag.py                                1           0  0.12s           2026-05-18T18:40:39
================================================================================
[2026-05-18T18:41:22.901+0000] {manager.py:878} INFO - 
================================================================================
DAG File Processing Stats

File Path                                         PID    Runtime      # DAGs    # Errors  Last Runtime    Last Run
------------------------------------------------  -----  ---------  --------  ----------  --------------  -------------------
/opt/airflow/dags/movie_batch_pipeline_dag.py                              1           0  1.31s           2026-05-18T18:41:00
/opt/airflow/dags/movie_realtime_pipeline_dag.py                           1           0  0.89s           2026-05-18T18:40:54
/opt/airflow/dags/movie_airbyte_sync_dag.py                                1           0  0.13s           2026-05-18T18:41:09
================================================================================
[2026-05-18T18:41:53.075+0000] {manager.py:878} INFO - 
================================================================================
DAG File Processing Stats

File Path                                         PID    Runtime      # DAGs    # Errors  Last Runtime    Last Run
------------------------------------------------  -----  ---------  --------  ----------  --------------  -------------------
/opt/airflow/dags/movie_batch_pipeline_dag.py                              1           0  1.32s           2026-05-18T18:41:32
/opt/airflow/dags/movie_realtime_pipeline_dag.py                           1           0  0.75s           2026-05-18T18:41:25
/opt/airflow/dags/movie_airbyte_sync_dag.py                                1           0  0.12s           2026-05-18T18:41:40
================================================================================
[2026-05-18T18:42:23.300+0000] {manager.py:878} INFO - 
================================================================================
DAG File Processing Stats

File Path                                         PID    Runtime      # DAGs    # Errors  Last Runtime    Last Run
------------------------------------------------  -----  ---------  --------  ----------  --------------  -------------------
/opt/airflow/dags/movie_batch_pipeline_dag.py                              1           0  1.31s           2026-05-18T18:42:04
/opt/airflow/dags/movie_realtime_pipeline_dag.py                           1           0  0.77s           2026-05-18T18:41:56
/opt/airflow/dags/movie_airbyte_sync_dag.py                                1           0  0.12s           2026-05-18T18:42:10
================================================================================
[2026-05-18T18:42:53.566+0000] {manager.py:878} INFO - 
================================================================================
DAG File Processing Stats

File Path                                         PID    Runtime      # DAGs    # Errors  Last Runtime    Last Run
------------------------------------------------  -----  ---------  --------  ----------  --------------  -------------------
/opt/airflow/dags/movie_batch_pipeline_dag.py                              1           0  1.30s           2026-05-18T18:42:35
/opt/airflow/dags/movie_realtime_pipeline_dag.py                           1           0  0.77s           2026-05-18T18:42:28
/opt/airflow/dags/movie_airbyte_sync_dag.py                                1           0  0.13s           2026-05-18T18:42:40
================================================================================
[2026-05-18T18:43:23.792+0000] {manager.py:878} INFO - 
================================================================================
DAG File Processing Stats

File Path                                         PID    Runtime      # DAGs    # Errors  Last Runtime    Last Run
------------------------------------------------  -----  ---------  --------  ----------  --------------  -------------------
/opt/airflow/dags/movie_batch_pipeline_dag.py                              1           0  1.32s           2026-05-18T18:43:07
/opt/airflow/dags/movie_realtime_pipeline_dag.py                           1           0  0.76s           2026-05-18T18:42:59
/opt/airflow/dags/movie_airbyte_sync_dag.py                                1           0  0.12s           2026-05-18T18:43:10
================================================================================
[2026-05-18T18:43:35.574+0000] {manager.py:737} INFO - Searching for files in /opt/airflow/dags
[2026-05-18T18:43:35.600+0000] {manager.py:740} INFO - There are 3 files in /opt/airflow/dags
[2026-05-18T18:43:54.054+0000] {manager.py:878} INFO - 
================================================================================
DAG File Processing Stats

File Path                                         PID    Runtime      # DAGs    # Errors  Last Runtime    Last Run
------------------------------------------------  -----  ---------  --------  ----------  --------------  -------------------
/opt/airflow/dags/movie_batch_pipeline_dag.py                              1           0  1.36s           2026-05-18T18:43:39
/opt/airflow/dags/movie_realtime_pipeline_dag.py                           1           0  0.73s           2026-05-18T18:43:30
/opt/airflow/dags/movie_airbyte_sync_dag.py                                1           0  0.13s           2026-05-18T18:43:41
================================================================================
[2026-05-18T18:44:24.271+0000] {manager.py:878} INFO - 
================================================================================
DAG File Processing Stats

File Path                                         PID    Runtime      # DAGs    # Errors  Last Runtime    Last Run
------------------------------------------------  -----  ---------  --------  ----------  --------------  -------------------
/opt/airflow/dags/movie_batch_pipeline_dag.py                              1           0  1.31s           2026-05-18T18:44:11
/opt/airflow/dags/movie_realtime_pipeline_dag.py                           1           0  0.75s           2026-05-18T18:44:01
/opt/airflow/dags/movie_airbyte_sync_dag.py                                1           0  0.12s           2026-05-18T18:44:11
================================================================================
[2026-05-18T18:44:54.644+0000] {manager.py:878} INFO - 
================================================================================
DAG File Processing Stats

File Path                                         PID    Runtime      # DAGs    # Errors  Last Runtime    Last Run
------------------------------------------------  -----  ---------  --------  ----------  --------------  -------------------
/opt/airflow/dags/movie_batch_pipeline_dag.py                              1           0  1.29s           2026-05-18T18:44:42
/opt/airflow/dags/movie_realtime_pipeline_dag.py                           1           0  0.75s           2026-05-18T18:44:33
/opt/airflow/dags/movie_airbyte_sync_dag.py                                1           0  0.12s           2026-05-18T18:44:41
================================================================================
[2026-05-18T18:45:25.050+0000] {manager.py:878} INFO - 
================================================================================
DAG File Processing Stats

File Path                                         PID    Runtime      # DAGs    # Errors  Last Runtime    Last Run
------------------------------------------------  -----  ---------  --------  ----------  --------------  -------------------
/opt/airflow/dags/movie_batch_pipeline_dag.py                              1           0  1.30s           2026-05-18T18:45:14
/opt/airflow/dags/movie_realtime_pipeline_dag.py                           1           0  0.73s           2026-05-18T18:45:04
/opt/airflow/dags/movie_airbyte_sync_dag.py                                1           0  0.12s           2026-05-18T18:45:11
================================================================================
[2026-05-18T18:45:55.485+0000] {manager.py:878} INFO - 
================================================================================
DAG File Processing Stats

File Path                                         PID    Runtime      # DAGs    # Errors  Last Runtime    Last Run
------------------------------------------------  -----  ---------  --------  ----------  --------------  -------------------
/opt/airflow/dags/movie_batch_pipeline_dag.py                              1           0  1.29s           2026-05-18T18:45:45
/opt/airflow/dags/movie_realtime_pipeline_dag.py                           1           0  0.76s           2026-05-18T18:45:35
/opt/airflow/dags/movie_airbyte_sync_dag.py                                1           0  0.12s           2026-05-18T18:45:42
================================================================================
[2026-05-18T18:46:25.911+0000] {manager.py:878} INFO - 
================================================================================
DAG File Processing Stats

File Path                                         PID    Runtime      # DAGs    # Errors  Last Runtime    Last Run
------------------------------------------------  -----  ---------  --------  ----------  --------------  -------------------
/opt/airflow/dags/movie_batch_pipeline_dag.py                              1           0  1.36s           2026-05-18T18:46:17
/opt/airflow/dags/movie_realtime_pipeline_dag.py                           1           0  0.78s           2026-05-18T18:46:07
/opt/airflow/dags/movie_airbyte_sync_dag.py                                1           0  0.13s           2026-05-18T18:46:12
================================================================================
[2026-05-18T18:46:56.401+0000] {manager.py:878} INFO - 
================================================================================
DAG File Processing Stats

File Path                                         PID    Runtime      # DAGs    # Errors  Last Runtime    Last Run
------------------------------------------------  -----  ---------  --------  ----------  --------------  -------------------
/opt/airflow/dags/movie_batch_pipeline_dag.py                              1           0  1.39s           2026-05-18T18:46:48
/opt/airflow/dags/movie_realtime_pipeline_dag.py                           1           0  0.78s           2026-05-18T18:46:38
/opt/airflow/dags/movie_airbyte_sync_dag.py                                1           0  0.13s           2026-05-18T18:46:43
================================================================================
[2026-05-18T18:47:26.918+0000] {manager.py:878} INFO - 
================================================================================
DAG File Processing Stats

File Path                                         PID    Runtime      # DAGs    # Errors  Last Runtime    Last Run
------------------------------------------------  -----  ---------  --------  ----------  --------------  -------------------
/opt/airflow/dags/movie_batch_pipeline_dag.py                              1           0  1.30s           2026-05-18T18:47:20
/opt/airflow/dags/movie_realtime_pipeline_dag.py                           1           0  0.77s           2026-05-18T18:47:10
/opt/airflow/dags/movie_airbyte_sync_dag.py                                1           0  0.12s           2026-05-18T18:47:13
================================================================================
[2026-05-18T18:47:57.357+0000] {manager.py:878} INFO - 
================================================================================
DAG File Processing Stats

File Path                                         PID    Runtime      # DAGs    # Errors  Last Runtime    Last Run
------------------------------------------------  -----  ---------  --------  ----------  --------------  -------------------
/opt/airflow/dags/movie_batch_pipeline_dag.py                              1           0  1.29s           2026-05-18T18:47:51
/opt/airflow/dags/movie_realtime_pipeline_dag.py                           1           0  0.76s           2026-05-18T18:47:41
/opt/airflow/dags/movie_airbyte_sync_dag.py                                1           0  0.13s           2026-05-18T18:47:44
================================================================================
[2026-05-18T18:48:27.774+0000] {manager.py:878} INFO - 
================================================================================
DAG File Processing Stats

File Path                                         PID    Runtime      # DAGs    # Errors  Last Runtime    Last Run
------------------------------------------------  -----  ---------  --------  ----------  --------------  -------------------
/opt/airflow/dags/movie_batch_pipeline_dag.py                              1           0  1.34s           2026-05-18T18:48:22
/opt/airflow/dags/movie_realtime_pipeline_dag.py                           1           0  0.77s           2026-05-18T18:48:13
/opt/airflow/dags/movie_airbyte_sync_dag.py                                1           0  0.11s           2026-05-18T18:48:14
================================================================================
[2026-05-18T18:48:35.808+0000] {manager.py:737} INFO - Searching for files in /opt/airflow/dags
[2026-05-18T18:48:35.834+0000] {manager.py:740} INFO - There are 3 files in /opt/airflow/dags
[2026-05-18T18:48:58.251+0000] {manager.py:878} INFO - 
================================================================================
DAG File Processing Stats

File Path                                         PID    Runtime      # DAGs    # Errors  Last Runtime    Last Run
------------------------------------------------  -----  ---------  --------  ----------  --------------  -------------------
/opt/airflow/dags/movie_batch_pipeline_dag.py                              1           0  1.31s           2026-05-18T18:48:54
/opt/airflow/dags/movie_realtime_pipeline_dag.py                           1           0  0.75s           2026-05-18T18:48:44
/opt/airflow/dags/movie_airbyte_sync_dag.py                                1           0  0.12s           2026-05-18T18:48:45
================================================================================
[2026-05-18T18:49:28.533+0000] {manager.py:878} INFO - 
================================================================================
DAG File Processing Stats

File Path                                         PID    Runtime      # DAGs    # Errors  Last Runtime    Last Run
------------------------------------------------  -----  ---------  --------  ----------  --------------  -------------------
/opt/airflow/dags/movie_batch_pipeline_dag.py                              1           0  1.32s           2026-05-18T18:49:25
/opt/airflow/dags/movie_realtime_pipeline_dag.py                           1           0  0.79s           2026-05-18T18:49:16
/opt/airflow/dags/movie_airbyte_sync_dag.py                                1           0  0.14s           2026-05-18T18:49:15
================================================================================
[2026-05-18T18:49:58.743+0000] {manager.py:878} INFO - 
================================================================================
DAG File Processing Stats

File Path                                         PID    Runtime      # DAGs    # Errors  Last Runtime    Last Run
------------------------------------------------  -----  ---------  --------  ----------  --------------  -------------------
/opt/airflow/dags/movie_batch_pipeline_dag.py                              1           0  1.30s           2026-05-18T18:49:57
/opt/airflow/dags/movie_realtime_pipeline_dag.py                           1           0  0.75s           2026-05-18T18:49:47
/opt/airflow/dags/movie_airbyte_sync_dag.py                                1           0  0.12s           2026-05-18T18:49:45
================================================================================
[2026-05-18T18:50:29.014+0000] {manager.py:878} INFO - 
================================================================================
DAG File Processing Stats

File Path                                           PID  Runtime      # DAGs    # Errors  Last Runtime    Last Run
------------------------------------------------  -----  ---------  --------  ----------  --------------  -------------------
/opt/airflow/dags/movie_batch_pipeline_dag.py      1001  1.01s             1           0  1.30s           2026-05-18T18:49:57
/opt/airflow/dags/movie_realtime_pipeline_dag.py                           1           0  0.78s           2026-05-18T18:50:18
/opt/airflow/dags/movie_airbyte_sync_dag.py                                1           0  0.13s           2026-05-18T18:50:15
================================================================================
[2026-05-18T18:50:59.281+0000] {manager.py:878} INFO - 
================================================================================
DAG File Processing Stats

File Path                                         PID    Runtime      # DAGs    # Errors  Last Runtime    Last Run
------------------------------------------------  -----  ---------  --------  ----------  --------------  -------------------
/opt/airflow/dags/movie_batch_pipeline_dag.py                              1           0  1.28s           2026-05-18T18:50:29
/opt/airflow/dags/movie_realtime_pipeline_dag.py                           1           0  0.75s           2026-05-18T18:50:49
/opt/airflow/dags/movie_airbyte_sync_dag.py                                1           0  0.13s           2026-05-18T18:50:46
================================================================================
[2026-05-18T18:51:29.520+0000] {manager.py:878} INFO - 
================================================================================
DAG File Processing Stats

File Path                                         PID    Runtime      # DAGs    # Errors  Last Runtime    Last Run
------------------------------------------------  -----  ---------  --------  ----------  --------------  -------------------
/opt/airflow/dags/movie_batch_pipeline_dag.py                              1           0  1.34s           2026-05-18T18:51:01
/opt/airflow/dags/movie_realtime_pipeline_dag.py                           1           0  0.77s           2026-05-18T18:51:21
/opt/airflow/dags/movie_airbyte_sync_dag.py                                1           0  0.13s           2026-05-18T18:51:16
================================================================================
[2026-05-18T18:51:59.808+0000] {manager.py:878} INFO - 
================================================================================
DAG File Processing Stats

File Path                                         PID    Runtime      # DAGs    # Errors  Last Runtime    Last Run
------------------------------------------------  -----  ---------  --------  ----------  --------------  -------------------
/opt/airflow/dags/movie_batch_pipeline_dag.py                              1           0  1.46s           2026-05-18T18:51:32
/opt/airflow/dags/movie_realtime_pipeline_dag.py                           1           0  0.76s           2026-05-18T18:51:52
/opt/airflow/dags/movie_airbyte_sync_dag.py                                1           0  0.14s           2026-05-18T18:51:46
================================================================================
[2026-05-18T18:52:30.048+0000] {manager.py:878} INFO - 
================================================================================
DAG File Processing Stats

File Path                                         PID    Runtime      # DAGs    # Errors  Last Runtime    Last Run
------------------------------------------------  -----  ---------  --------  ----------  --------------  -------------------
/opt/airflow/dags/movie_batch_pipeline_dag.py                              1           0  1.31s           2026-05-18T18:52:04
/opt/airflow/dags/movie_realtime_pipeline_dag.py                           1           0  0.82s           2026-05-18T18:52:23
/opt/airflow/dags/movie_airbyte_sync_dag.py                                1           0  0.16s           2026-05-18T18:52:16
================================================================================
[2026-05-18T18:53:00.336+0000] {manager.py:878} INFO - 
================================================================================
DAG File Processing Stats

File Path                                         PID    Runtime      # DAGs    # Errors  Last Runtime    Last Run
------------------------------------------------  -----  ---------  --------  ----------  --------------  -------------------
/opt/airflow/dags/movie_batch_pipeline_dag.py                              1           0  1.42s           2026-05-18T18:52:36
/opt/airflow/dags/movie_realtime_pipeline_dag.py                           1           0  0.77s           2026-05-18T18:52:54
/opt/airflow/dags/movie_airbyte_sync_dag.py                                1           0  0.14s           2026-05-18T18:52:47
================================================================================
[2026-05-18T18:53:30.595+0000] {manager.py:878} INFO - 
================================================================================
DAG File Processing Stats

File Path                                         PID    Runtime      # DAGs    # Errors  Last Runtime    Last Run
------------------------------------------------  -----  ---------  --------  ----------  --------------  -------------------
/opt/airflow/dags/movie_batch_pipeline_dag.py                              1           0  1.41s           2026-05-18T18:53:08
/opt/airflow/dags/movie_realtime_pipeline_dag.py                           1           0  0.78s           2026-05-18T18:53:26
/opt/airflow/dags/movie_airbyte_sync_dag.py                                1           0  0.12s           2026-05-18T18:53:17
================================================================================
[2026-05-18T18:53:36.328+0000] {manager.py:737} INFO - Searching for files in /opt/airflow/dags
[2026-05-18T18:53:36.354+0000] {manager.py:740} INFO - There are 3 files in /opt/airflow/dags
[2026-05-18T18:54:00.857+0000] {manager.py:878} INFO - 
================================================================================
DAG File Processing Stats

File Path                                         PID    Runtime      # DAGs    # Errors  Last Runtime    Last Run
------------------------------------------------  -----  ---------  --------  ----------  --------------  -------------------
/opt/airflow/dags/movie_batch_pipeline_dag.py                              1           0  1.38s           2026-05-18T18:53:40
/opt/airflow/dags/movie_realtime_pipeline_dag.py                           1           0  0.71s           2026-05-18T18:53:57
/opt/airflow/dags/movie_airbyte_sync_dag.py                                1           0  0.12s           2026-05-18T18:53:47
================================================================================
[2026-05-18T18:54:31.092+0000] {manager.py:878} INFO - 
================================================================================
DAG File Processing Stats

File Path                                         PID    Runtime      # DAGs    # Errors  Last Runtime    Last Run
------------------------------------------------  -----  ---------  --------  ----------  --------------  -------------------
/opt/airflow/dags/movie_batch_pipeline_dag.py                              1           0  1.37s           2026-05-18T18:54:11
/opt/airflow/dags/movie_realtime_pipeline_dag.py                           1           0  0.79s           2026-05-18T18:54:28
/opt/airflow/dags/movie_airbyte_sync_dag.py                                1           0  0.12s           2026-05-18T18:54:18
================================================================================
[2026-05-18T18:55:01.368+0000] {manager.py:878} INFO - 
================================================================================
DAG File Processing Stats

File Path                                         PID    Runtime      # DAGs    # Errors  Last Runtime    Last Run
------------------------------------------------  -----  ---------  --------  ----------  --------------  -------------------
/opt/airflow/dags/movie_batch_pipeline_dag.py                              1           0  1.29s           2026-05-18T18:54:43
/opt/airflow/dags/movie_realtime_pipeline_dag.py                           1           0  0.80s           2026-05-18T18:55:00
/opt/airflow/dags/movie_airbyte_sync_dag.py                                1           0  0.13s           2026-05-18T18:54:48
================================================================================
[2026-05-18T18:55:31.626+0000] {manager.py:878} INFO - 
================================================================================
DAG File Processing Stats

File Path                                         PID    Runtime      # DAGs    # Errors  Last Runtime    Last Run
------------------------------------------------  -----  ---------  --------  ----------  --------------  -------------------
/opt/airflow/dags/movie_batch_pipeline_dag.py                              1           0  1.33s           2026-05-18T18:55:15
/opt/airflow/dags/movie_realtime_pipeline_dag.py                           1           0  0.75s           2026-05-18T18:55:31
/opt/airflow/dags/movie_airbyte_sync_dag.py                                1           0  0.12s           2026-05-18T18:55:18
================================================================================
[2026-05-18T18:56:01.786+0000] {manager.py:878} INFO - 
================================================================================
DAG File Processing Stats

File Path                                           PID  Runtime      # DAGs    # Errors  Last Runtime    Last Run
------------------------------------------------  -----  ---------  --------  ----------  --------------  -------------------
/opt/airflow/dags/movie_batch_pipeline_dag.py                              1           0  1.35s           2026-05-18T18:55:47
/opt/airflow/dags/movie_realtime_pipeline_dag.py   1318  0.00s             1           0  0.75s           2026-05-18T18:55:31
/opt/airflow/dags/movie_airbyte_sync_dag.py                                1           0  0.12s           2026-05-18T18:55:48
================================================================================
[2026-05-18T18:56:32.044+0000] {manager.py:878} INFO - 
================================================================================
DAG File Processing Stats

File Path                                         PID    Runtime      # DAGs    # Errors  Last Runtime    Last Run
------------------------------------------------  -----  ---------  --------  ----------  --------------  -------------------
/opt/airflow/dags/movie_batch_pipeline_dag.py                              1           0  1.35s           2026-05-18T18:56:18
/opt/airflow/dags/movie_realtime_pipeline_dag.py                           1           0  0.77s           2026-05-18T18:56:02
/opt/airflow/dags/movie_airbyte_sync_dag.py                                1           0  0.11s           2026-05-18T18:56:19
================================================================================
[2026-05-18T18:57:02.397+0000] {manager.py:878} INFO - 
================================================================================
DAG File Processing Stats

File Path                                         PID    Runtime      # DAGs    # Errors  Last Runtime    Last Run
------------------------------------------------  -----  ---------  --------  ----------  --------------  -------------------
/opt/airflow/dags/movie_batch_pipeline_dag.py                              1           0  1.30s           2026-05-18T18:56:50
/opt/airflow/dags/movie_realtime_pipeline_dag.py                           1           0  0.75s           2026-05-18T18:56:33
/opt/airflow/dags/movie_airbyte_sync_dag.py                                1           0  0.12s           2026-05-18T18:56:49
================================================================================
[2026-05-18T18:57:32.847+0000] {manager.py:878} INFO - 
================================================================================
DAG File Processing Stats

File Path                                         PID    Runtime      # DAGs    # Errors  Last Runtime    Last Run
------------------------------------------------  -----  ---------  --------  ----------  --------------  -------------------
/opt/airflow/dags/movie_batch_pipeline_dag.py                              1           0  1.34s           2026-05-18T18:57:21
/opt/airflow/dags/movie_realtime_pipeline_dag.py                           1           0  0.75s           2026-05-18T18:57:05
/opt/airflow/dags/movie_airbyte_sync_dag.py                                1           0  0.14s           2026-05-18T18:57:19
================================================================================
[2026-05-18T18:58:03.322+0000] {manager.py:878} INFO - 
================================================================================
DAG File Processing Stats

File Path                                         PID    Runtime      # DAGs    # Errors  Last Runtime    Last Run
------------------------------------------------  -----  ---------  --------  ----------  --------------  -------------------
/opt/airflow/dags/movie_batch_pipeline_dag.py                              1           0  1.34s           2026-05-18T18:57:53
/opt/airflow/dags/movie_realtime_pipeline_dag.py                           1           0  0.75s           2026-05-18T18:57:36
/opt/airflow/dags/movie_airbyte_sync_dag.py                                1           0  0.13s           2026-05-18T18:57:50
================================================================================
[2026-05-18T18:58:33.801+0000] {manager.py:878} INFO - 
================================================================================
DAG File Processing Stats

File Path                                         PID    Runtime      # DAGs    # Errors  Last Runtime    Last Run
------------------------------------------------  -----  ---------  --------  ----------  --------------  -------------------
/opt/airflow/dags/movie_batch_pipeline_dag.py                              1           0  1.39s           2026-05-18T18:58:25
/opt/airflow/dags/movie_realtime_pipeline_dag.py                           1           0  0.79s           2026-05-18T18:58:08
/opt/airflow/dags/movie_airbyte_sync_dag.py                                1           0  0.13s           2026-05-18T18:58:20
================================================================================
[2026-05-18T18:58:36.814+0000] {manager.py:737} INFO - Searching for files in /opt/airflow/dags
[2026-05-18T18:58:36.846+0000] {manager.py:740} INFO - There are 3 files in /opt/airflow/dags
[2026-05-18T18:59:04.326+0000] {manager.py:878} INFO - 
================================================================================
DAG File Processing Stats

File Path                                         PID    Runtime      # DAGs    # Errors  Last Runtime    Last Run
------------------------------------------------  -----  ---------  --------  ----------  --------------  -------------------
/opt/airflow/dags/movie_batch_pipeline_dag.py                              1           0  1.31s           2026-05-18T18:58:56
/opt/airflow/dags/movie_realtime_pipeline_dag.py                           1           0  0.73s           2026-05-18T18:58:39
/opt/airflow/dags/movie_airbyte_sync_dag.py                                1           0  0.12s           2026-05-18T18:58:51
================================================================================
[2026-05-18T18:59:34.781+0000] {manager.py:878} INFO - 
================================================================================
DAG File Processing Stats

File Path                                         PID    Runtime      # DAGs    # Errors  Last Runtime    Last Run
------------------------------------------------  -----  ---------  --------  ----------  --------------  -------------------
/opt/airflow/dags/movie_batch_pipeline_dag.py                              1           0  1.28s           2026-05-18T18:59:27
/opt/airflow/dags/movie_realtime_pipeline_dag.py                           1           0  0.79s           2026-05-18T18:59:11
/opt/airflow/dags/movie_airbyte_sync_dag.py                                1           0  0.13s           2026-05-18T18:59:21
================================================================================
[2026-05-18T19:00:05.194+0000] {manager.py:878} INFO - 
================================================================================
DAG File Processing Stats

File Path                                         PID    Runtime      # DAGs    # Errors  Last Runtime    Last Run
------------------------------------------------  -----  ---------  --------  ----------  --------------  -------------------
/opt/airflow/dags/movie_batch_pipeline_dag.py                              1           0  1.30s           2026-05-18T18:59:59
/opt/airflow/dags/movie_realtime_pipeline_dag.py                           1           0  0.74s           2026-05-18T18:59:42
/opt/airflow/dags/movie_airbyte_sync_dag.py                                1           0  0.13s           2026-05-18T18:59:52
================================================================================
[2026-05-18T19:00:35.620+0000] {manager.py:878} INFO - 
================================================================================
DAG File Processing Stats

File Path                                         PID    Runtime      # DAGs    # Errors  Last Runtime    Last Run
------------------------------------------------  -----  ---------  --------  ----------  --------------  -------------------
/opt/airflow/dags/movie_batch_pipeline_dag.py                              1           0  1.31s           2026-05-18T19:00:30
/opt/airflow/dags/movie_realtime_pipeline_dag.py                           1           0  0.73s           2026-05-18T19:00:13
/opt/airflow/dags/movie_airbyte_sync_dag.py                                1           0  0.12s           2026-05-18T19:00:22
================================================================================
[2026-05-18T19:01:06.099+0000] {manager.py:878} INFO - 
================================================================================
DAG File Processing Stats

File Path                                         PID    Runtime      # DAGs    # Errors  Last Runtime    Last Run
------------------------------------------------  -----  ---------  --------  ----------  --------------  -------------------
/opt/airflow/dags/movie_batch_pipeline_dag.py                              1           0  1.26s           2026-05-18T19:01:02
/opt/airflow/dags/movie_realtime_pipeline_dag.py                           1           0  0.73s           2026-05-18T19:00:45
/opt/airflow/dags/movie_airbyte_sync_dag.py                                1           0  0.15s           2026-05-18T19:00:53
================================================================================
[2026-05-18T19:01:36.476+0000] {manager.py:878} INFO - 
================================================================================
DAG File Processing Stats

File Path                                         PID    Runtime      # DAGs    # Errors  Last Runtime    Last Run
------------------------------------------------  -----  ---------  --------  ----------  --------------  -------------------
/opt/airflow/dags/movie_batch_pipeline_dag.py                              1           0  1.32s           2026-05-18T19:01:33
/opt/airflow/dags/movie_realtime_pipeline_dag.py                           1           0  0.79s           2026-05-18T19:01:16
/opt/airflow/dags/movie_airbyte_sync_dag.py                                1           0  0.13s           2026-05-18T19:01:23
================================================================================
[2026-05-18T19:02:06.951+0000] {manager.py:878} INFO - 
================================================================================
DAG File Processing Stats

File Path                                         PID    Runtime      # DAGs    # Errors  Last Runtime    Last Run
------------------------------------------------  -----  ---------  --------  ----------  --------------  -------------------
/opt/airflow/dags/movie_batch_pipeline_dag.py                              1           0  1.30s           2026-05-18T19:02:05
/opt/airflow/dags/movie_realtime_pipeline_dag.py                           1           0  0.77s           2026-05-18T19:01:48
/opt/airflow/dags/movie_airbyte_sync_dag.py                                1           0  0.14s           2026-05-18T19:01:53
================================================================================
[2026-05-18T19:02:37.372+0000] {manager.py:878} INFO - 
================================================================================
DAG File Processing Stats

File Path                                         PID    Runtime      # DAGs    # Errors  Last Runtime    Last Run
------------------------------------------------  -----  ---------  --------  ----------  --------------  -------------------
/opt/airflow/dags/movie_batch_pipeline_dag.py                              1           0  1.30s           2026-05-18T19:02:36
/opt/airflow/dags/movie_realtime_pipeline_dag.py                           1           0  0.75s           2026-05-18T19:02:19
/opt/airflow/dags/movie_airbyte_sync_dag.py                                1           0  0.12s           2026-05-18T19:02:24
================================================================================
[2026-05-18T19:03:07.703+0000] {manager.py:878} INFO - 
================================================================================
DAG File Processing Stats

File Path                                           PID  Runtime      # DAGs    # Errors  Last Runtime    Last Run
------------------------------------------------  -----  ---------  --------  ----------  --------------  -------------------
/opt/airflow/dags/movie_batch_pipeline_dag.py      1698  1.01s             1           0  1.30s           2026-05-18T19:02:36
/opt/airflow/dags/movie_realtime_pipeline_dag.py                           1           0  0.77s           2026-05-18T19:02:51
/opt/airflow/dags/movie_airbyte_sync_dag.py                                1           0  0.13s           2026-05-18T19:02:54
================================================================================
[2026-05-18T19:03:37.223+0000] {manager.py:737} INFO - Searching for files in /opt/airflow/dags
[2026-05-18T19:03:37.249+0000] {manager.py:740} INFO - There are 3 files in /opt/airflow/dags
[2026-05-18T19:03:38.273+0000] {manager.py:878} INFO - 
================================================================================
DAG File Processing Stats

File Path                                           PID  Runtime      # DAGs    # Errors  Last Runtime    Last Run
------------------------------------------------  -----  ---------  --------  ----------  --------------  -------------------
/opt/airflow/dags/movie_batch_pipeline_dag.py      1727  0.00s             1           0  1.39s           2026-05-18T19:03:08
/opt/airflow/dags/movie_realtime_pipeline_dag.py                           1           0  0.75s           2026-05-18T19:03:22
/opt/airflow/dags/movie_airbyte_sync_dag.py                                1           0  0.13s           2026-05-18T19:03:25
================================================================================
[2026-05-18T19:04:08.709+0000] {manager.py:878} INFO - 
================================================================================
DAG File Processing Stats

File Path                                         PID    Runtime      # DAGs    # Errors  Last Runtime    Last Run
------------------------------------------------  -----  ---------  --------  ----------  --------------  -------------------
/opt/airflow/dags/movie_batch_pipeline_dag.py                              1           0  1.31s           2026-05-18T19:03:39
/opt/airflow/dags/movie_realtime_pipeline_dag.py                           1           0  0.80s           2026-05-18T19:03:54
/opt/airflow/dags/movie_airbyte_sync_dag.py                                1           0  0.13s           2026-05-18T19:03:55
================================================================================
[2026-05-18T19:04:39.159+0000] {manager.py:878} INFO - 
================================================================================
DAG File Processing Stats

File Path                                         PID    Runtime      # DAGs    # Errors  Last Runtime    Last Run
------------------------------------------------  -----  ---------  --------  ----------  --------------  -------------------
/opt/airflow/dags/movie_batch_pipeline_dag.py                              1           0  1.31s           2026-05-18T19:04:11
/opt/airflow/dags/movie_realtime_pipeline_dag.py                           1           0  0.76s           2026-05-18T19:04:25
/opt/airflow/dags/movie_airbyte_sync_dag.py                                1           0  0.12s           2026-05-18T19:04:26
================================================================================
[2026-05-18T19:05:09.539+0000] {manager.py:878} INFO - 
================================================================================
DAG File Processing Stats

File Path                                         PID    Runtime      # DAGs    # Errors  Last Runtime    Last Run
------------------------------------------------  -----  ---------  --------  ----------  --------------  -------------------
/opt/airflow/dags/movie_batch_pipeline_dag.py                              1           0  1.30s           2026-05-18T19:04:42
/opt/airflow/dags/movie_realtime_pipeline_dag.py                           1           0  0.73s           2026-05-18T19:04:57
/opt/airflow/dags/movie_airbyte_sync_dag.py                                1           0  0.13s           2026-05-18T19:04:56
================================================================================
[2026-05-18T19:05:39.804+0000] {manager.py:878} INFO - 
================================================================================
DAG File Processing Stats

File Path                                         PID    Runtime      # DAGs    # Errors  Last Runtime    Last Run
------------------------------------------------  -----  ---------  --------  ----------  --------------  -------------------
/opt/airflow/dags/movie_batch_pipeline_dag.py                              1           0  1.31s           2026-05-18T19:05:13
/opt/airflow/dags/movie_realtime_pipeline_dag.py                           1           0  0.75s           2026-05-18T19:05:28
/opt/airflow/dags/movie_airbyte_sync_dag.py                                1           0  0.12s           2026-05-18T19:05:26
================================================================================
[2026-05-18T19:06:10.010+0000] {manager.py:878} INFO - 
================================================================================
DAG File Processing Stats

File Path                                         PID    Runtime      # DAGs    # Errors  Last Runtime    Last Run
------------------------------------------------  -----  ---------  --------  ----------  --------------  -------------------
/opt/airflow/dags/movie_batch_pipeline_dag.py                              1           0  1.31s           2026-05-18T19:05:45
/opt/airflow/dags/movie_realtime_pipeline_dag.py                           1           0  0.85s           2026-05-18T19:05:59
/opt/airflow/dags/movie_airbyte_sync_dag.py                                1           0  0.13s           2026-05-18T19:05:56
================================================================================
[2026-05-18T19:06:40.278+0000] {manager.py:878} INFO - 
================================================================================
DAG File Processing Stats

File Path                                         PID    Runtime      # DAGs    # Errors  Last Runtime    Last Run
------------------------------------------------  -----  ---------  --------  ----------  --------------  -------------------
/opt/airflow/dags/movie_batch_pipeline_dag.py                              1           0  1.39s           2026-05-18T19:06:17
/opt/airflow/dags/movie_realtime_pipeline_dag.py                           1           0  0.75s           2026-05-18T19:06:30
/opt/airflow/dags/movie_airbyte_sync_dag.py                                1           0  0.12s           2026-05-18T19:06:27
================================================================================
[2026-05-18T19:07:10.482+0000] {manager.py:878} INFO - 
================================================================================
DAG File Processing Stats

File Path                                         PID    Runtime      # DAGs    # Errors  Last Runtime    Last Run
------------------------------------------------  -----  ---------  --------  ----------  --------------  -------------------
/opt/airflow/dags/movie_batch_pipeline_dag.py                              1           0  1.32s           2026-05-18T19:06:49
/opt/airflow/dags/movie_realtime_pipeline_dag.py                           1           0  0.73s           2026-05-18T19:07:02
/opt/airflow/dags/movie_airbyte_sync_dag.py                                1           0  0.12s           2026-05-18T19:06:57
================================================================================
[2026-05-18T19:07:40.745+0000] {manager.py:878} INFO - 
================================================================================
DAG File Processing Stats

File Path                                         PID    Runtime      # DAGs    # Errors  Last Runtime    Last Run
------------------------------------------------  -----  ---------  --------  ----------  --------------  -------------------
/opt/airflow/dags/movie_batch_pipeline_dag.py                              1           0  1.31s           2026-05-18T19:07:20
/opt/airflow/dags/movie_realtime_pipeline_dag.py                           1           0  0.76s           2026-05-18T19:07:33
/opt/airflow/dags/movie_airbyte_sync_dag.py                                1           0  0.12s           2026-05-18T19:07:27
================================================================================
[2026-05-18T19:08:10.951+0000] {manager.py:878} INFO - 
================================================================================
DAG File Processing Stats

File Path                                         PID    Runtime      # DAGs    # Errors  Last Runtime    Last Run
------------------------------------------------  -----  ---------  --------  ----------  --------------  -------------------
/opt/airflow/dags/movie_batch_pipeline_dag.py                              1           0  1.29s           2026-05-18T19:07:52
/opt/airflow/dags/movie_realtime_pipeline_dag.py                           1           0  0.84s           2026-05-18T19:08:04
/opt/airflow/dags/movie_airbyte_sync_dag.py                                1           0  0.12s           2026-05-18T19:07:57
================================================================================
[2026-05-18T19:08:37.873+0000] {manager.py:737} INFO - Searching for files in /opt/airflow/dags
[2026-05-18T19:08:37.901+0000] {manager.py:740} INFO - There are 3 files in /opt/airflow/dags
[2026-05-18T19:08:41.210+0000] {manager.py:878} INFO - 
================================================================================
DAG File Processing Stats

File Path                                         PID    Runtime      # DAGs    # Errors  Last Runtime    Last Run
------------------------------------------------  -----  ---------  --------  ----------  --------------  -------------------
/opt/airflow/dags/movie_batch_pipeline_dag.py                              1           0  1.32s           2026-05-18T19:08:24
/opt/airflow/dags/movie_realtime_pipeline_dag.py                           1           0  0.79s           2026-05-18T19:08:35
/opt/airflow/dags/movie_airbyte_sync_dag.py                                1           0  0.12s           2026-05-18T19:08:28
================================================================================
[2026-05-18T19:09:11.474+0000] {manager.py:878} INFO - 
================================================================================
DAG File Processing Stats

File Path                                         PID    Runtime      # DAGs    # Errors  Last Runtime    Last Run
------------------------------------------------  -----  ---------  --------  ----------  --------------  -------------------
/opt/airflow/dags/movie_batch_pipeline_dag.py                              1           0  1.36s           2026-05-18T19:08:56
/opt/airflow/dags/movie_realtime_pipeline_dag.py                           1           0  0.77s           2026-05-18T19:09:07
/opt/airflow/dags/movie_airbyte_sync_dag.py                                1           0  0.13s           2026-05-18T19:08:58
================================================================================
[2026-05-18T19:09:41.746+0000] {manager.py:878} INFO - 
================================================================================
DAG File Processing Stats

File Path                                         PID    Runtime      # DAGs    # Errors  Last Runtime    Last Run
------------------------------------------------  -----  ---------  --------  ----------  --------------  -------------------
/opt/airflow/dags/movie_batch_pipeline_dag.py                              1           0  1.31s           2026-05-18T19:09:27
/opt/airflow/dags/movie_realtime_pipeline_dag.py                           1           0  0.74s           2026-05-18T19:09:38
/opt/airflow/dags/movie_airbyte_sync_dag.py                                1           0  0.13s           2026-05-18T19:09:28
================================================================================
[2026-05-18T19:10:12.025+0000] {manager.py:878} INFO - 
================================================================================
DAG File Processing Stats

File Path                                         PID    Runtime      # DAGs    # Errors  Last Runtime    Last Run
------------------------------------------------  -----  ---------  --------  ----------  --------------  -------------------
/opt/airflow/dags/movie_batch_pipeline_dag.py                              1           0  1.36s           2026-05-18T19:09:59
/opt/airflow/dags/movie_realtime_pipeline_dag.py                           1           0  0.77s           2026-05-18T19:10:09
/opt/airflow/dags/movie_airbyte_sync_dag.py                                1           0  0.14s           2026-05-18T19:09:58
================================================================================
[2026-05-18T19:10:42.037+0000] {manager.py:878} INFO - 
================================================================================
DAG File Processing Stats

File Path                                         PID    Runtime      # DAGs    # Errors  Last Runtime    Last Run
------------------------------------------------  -----  ---------  --------  ----------  --------------  -------------------
/opt/airflow/dags/movie_batch_pipeline_dag.py                              1           0  1.34s           2026-05-18T19:10:31
/opt/airflow/dags/movie_realtime_pipeline_dag.py                           1           0  0.75s           2026-05-18T19:10:41
/opt/airflow/dags/movie_airbyte_sync_dag.py                                1           0  0.12s           2026-05-18T19:10:29
================================================================================
[2026-05-18T19:11:12.518+0000] {manager.py:878} INFO - 
================================================================================
DAG File Processing Stats

File Path                                         PID    Runtime      # DAGs    # Errors  Last Runtime    Last Run
------------------------------------------------  -----  ---------  --------  ----------  --------------  -------------------
/opt/airflow/dags/movie_batch_pipeline_dag.py                              1           0  1.33s           2026-05-18T19:11:02
/opt/airflow/dags/movie_realtime_pipeline_dag.py                           1           0  0.74s           2026-05-18T19:11:12
/opt/airflow/dags/movie_airbyte_sync_dag.py                                1           0  0.13s           2026-05-18T19:10:59
================================================================================
[2026-05-18T19:11:43.256+0000] {manager.py:878} INFO - 
================================================================================
DAG File Processing Stats

File Path                                           PID  Runtime      # DAGs    # Errors  Last Runtime    Last Run
------------------------------------------------  -----  ---------  --------  ----------  --------------  -------------------
/opt/airflow/dags/movie_batch_pipeline_dag.py                              1           0  1.29s           2026-05-18T19:11:34
/opt/airflow/dags/movie_realtime_pipeline_dag.py   2189  0.00s             1           0  0.74s           2026-05-18T19:11:12
/opt/airflow/dags/movie_airbyte_sync_dag.py                                1           0  0.12s           2026-05-18T19:11:30
================================================================================
[2026-05-18T19:12:13.685+0000] {manager.py:878} INFO - 
================================================================================
DAG File Processing Stats

File Path                                         PID    Runtime      # DAGs    # Errors  Last Runtime    Last Run
------------------------------------------------  -----  ---------  --------  ----------  --------------  -------------------
/opt/airflow/dags/movie_batch_pipeline_dag.py                              1           0  1.28s           2026-05-18T19:12:05
/opt/airflow/dags/movie_realtime_pipeline_dag.py                           1           0  0.85s           2026-05-18T19:11:44
/opt/airflow/dags/movie_airbyte_sync_dag.py                                1           0  0.13s           2026-05-18T19:12:00
================================================================================
[2026-05-18T19:12:44.098+0000] {manager.py:878} INFO - 
================================================================================
DAG File Processing Stats

File Path                                         PID    Runtime      # DAGs    # Errors  Last Runtime    Last Run
------------------------------------------------  -----  ---------  --------  ----------  --------------  -------------------
/opt/airflow/dags/movie_batch_pipeline_dag.py                              1           0  1.32s           2026-05-18T19:12:37
/opt/airflow/dags/movie_realtime_pipeline_dag.py                           1           0  0.75s           2026-05-18T19:12:15
/opt/airflow/dags/movie_airbyte_sync_dag.py                                1           0  0.13s           2026-05-18T19:12:31
================================================================================
[2026-05-18T19:13:14.546+0000] {manager.py:878} INFO - 
================================================================================
DAG File Processing Stats

File Path                                         PID    Runtime      # DAGs    # Errors  Last Runtime    Last Run
------------------------------------------------  -----  ---------  --------  ----------  --------------  -------------------
/opt/airflow/dags/movie_batch_pipeline_dag.py                              1           0  1.36s           2026-05-18T19:13:08
/opt/airflow/dags/movie_realtime_pipeline_dag.py                           1           0  0.74s           2026-05-18T19:12:46
/opt/airflow/dags/movie_airbyte_sync_dag.py                                1           0  0.12s           2026-05-18T19:13:01
================================================================================
[2026-05-18T19:13:37.903+0000] {manager.py:737} INFO - Searching for files in /opt/airflow/dags
[2026-05-18T19:13:37.928+0000] {manager.py:740} INFO - There are 3 files in /opt/airflow/dags
[2026-05-18T19:13:45.060+0000] {manager.py:878} INFO - 
================================================================================
DAG File Processing Stats

File Path                                         PID    Runtime      # DAGs    # Errors  Last Runtime    Last Run
------------------------------------------------  -----  ---------  --------  ----------  --------------  -------------------
/opt/airflow/dags/movie_batch_pipeline_dag.py                              1           0  1.33s           2026-05-18T19:13:40
/opt/airflow/dags/movie_realtime_pipeline_dag.py                           1           0  0.75s           2026-05-18T19:13:18
/opt/airflow/dags/movie_airbyte_sync_dag.py                                1           0  0.13s           2026-05-18T19:13:32
================================================================================
[2026-05-18T19:14:15.555+0000] {manager.py:878} INFO - 
================================================================================
DAG File Processing Stats

File Path                                         PID    Runtime      # DAGs    # Errors  Last Runtime    Last Run
------------------------------------------------  -----  ---------  --------  ----------  --------------  -------------------
/opt/airflow/dags/movie_batch_pipeline_dag.py                              1           0  1.28s           2026-05-18T19:14:11
/opt/airflow/dags/movie_realtime_pipeline_dag.py                           1           0  0.75s           2026-05-18T19:13:49
/opt/airflow/dags/movie_airbyte_sync_dag.py                                1           0  0.12s           2026-05-18T19:14:02
================================================================================
[2026-05-18T19:14:45.971+0000] {manager.py:878} INFO - 
================================================================================
DAG File Processing Stats

File Path                                         PID    Runtime      # DAGs    # Errors  Last Runtime    Last Run
------------------------------------------------  -----  ---------  --------  ----------  --------------  -------------------
/opt/airflow/dags/movie_batch_pipeline_dag.py                              1           0  1.29s           2026-05-18T19:14:43
/opt/airflow/dags/movie_realtime_pipeline_dag.py                           1           0  0.75s           2026-05-18T19:14:21
/opt/airflow/dags/movie_airbyte_sync_dag.py                                1           0  0.12s           2026-05-18T19:14:32
================================================================================
[2026-05-18T19:15:16.392+0000] {manager.py:878} INFO - 
================================================================================
DAG File Processing Stats

File Path                                         PID    Runtime      # DAGs    # Errors  Last Runtime    Last Run
------------------------------------------------  -----  ---------  --------  ----------  --------------  -------------------
/opt/airflow/dags/movie_batch_pipeline_dag.py                              1           0  1.30s           2026-05-18T19:15:14
/opt/airflow/dags/movie_realtime_pipeline_dag.py                           1           0  0.73s           2026-05-18T19:14:52
/opt/airflow/dags/movie_airbyte_sync_dag.py                                1           0  0.12s           2026-05-18T19:15:03
================================================================================
[2026-05-18T19:15:46.836+0000] {manager.py:878} INFO - 
================================================================================
DAG File Processing Stats

File Path                                         PID    Runtime      # DAGs    # Errors  Last Runtime    Last Run
------------------------------------------------  -----  ---------  --------  ----------  --------------  -------------------
/opt/airflow/dags/movie_batch_pipeline_dag.py                              1           0  1.29s           2026-05-18T19:15:46
/opt/airflow/dags/movie_realtime_pipeline_dag.py                           1           0  0.76s           2026-05-18T19:15:24
/opt/airflow/dags/movie_airbyte_sync_dag.py                                1           0  0.12s           2026-05-18T19:15:33
================================================================================
[2026-05-18T19:16:17.165+0000] {manager.py:878} INFO - 
================================================================================
DAG File Processing Stats

File Path                                           PID  Runtime      # DAGs    # Errors  Last Runtime    Last Run
------------------------------------------------  -----  ---------  --------  ----------  --------------  -------------------
/opt/airflow/dags/movie_batch_pipeline_dag.py      2424  1.01s             1           0  1.29s           2026-05-18T19:15:46
/opt/airflow/dags/movie_realtime_pipeline_dag.py                           1           0  0.74s           2026-05-18T19:15:55
/opt/airflow/dags/movie_airbyte_sync_dag.py                                1           0  0.12s           2026-05-18T19:16:04
================================================================================
[2026-05-18T19:16:47.648+0000] {manager.py:878} INFO - 
================================================================================
DAG File Processing Stats

File Path                                           PID  Runtime      # DAGs    # Errors  Last Runtime    Last Run
------------------------------------------------  -----  ---------  --------  ----------  --------------  -------------------
/opt/airflow/dags/movie_batch_pipeline_dag.py      2453  0.00s             1           0  1.33s           2026-05-18T19:16:17
/opt/airflow/dags/movie_realtime_pipeline_dag.py                           1           0  0.74s           2026-05-18T19:16:27
/opt/airflow/dags/movie_airbyte_sync_dag.py                                1           0  0.12s           2026-05-18T19:16:34
================================================================================
[2026-05-18T19:17:17.957+0000] {manager.py:878} INFO - 
================================================================================
DAG File Processing Stats

File Path                                         PID    Runtime      # DAGs    # Errors  Last Runtime    Last Run
------------------------------------------------  -----  ---------  --------  ----------  --------------  -------------------
/opt/airflow/dags/movie_batch_pipeline_dag.py                              1           0  1.45s           2026-05-18T19:16:49
/opt/airflow/dags/movie_realtime_pipeline_dag.py                           1           0  0.73s           2026-05-18T19:16:57
/opt/airflow/dags/movie_airbyte_sync_dag.py                                1           0  0.11s           2026-05-18T19:17:04
================================================================================
[2026-05-18T19:17:48.414+0000] {manager.py:878} INFO - 
================================================================================
DAG File Processing Stats

File Path                                         PID    Runtime      # DAGs    # Errors  Last Runtime    Last Run
------------------------------------------------  -----  ---------  --------  ----------  --------------  -------------------
/opt/airflow/dags/movie_batch_pipeline_dag.py                              1           0  1.31s           2026-05-18T19:17:21
/opt/airflow/dags/movie_realtime_pipeline_dag.py                           1           0  0.73s           2026-05-18T19:17:28
/opt/airflow/dags/movie_airbyte_sync_dag.py                                1           0  0.12s           2026-05-18T19:17:35
================================================================================
[2026-05-18T19:18:18.858+0000] {manager.py:878} INFO - 
================================================================================
DAG File Processing Stats

File Path                                         PID    Runtime      # DAGs    # Errors  Last Runtime    Last Run
------------------------------------------------  -----  ---------  --------  ----------  --------------  -------------------
/opt/airflow/dags/movie_batch_pipeline_dag.py                              1           0  1.30s           2026-05-18T19:17:52
/opt/airflow/dags/movie_realtime_pipeline_dag.py                           1           0  0.80s           2026-05-18T19:18:00
/opt/airflow/dags/movie_airbyte_sync_dag.py                                1           0  0.14s           2026-05-18T19:18:05
================================================================================
[2026-05-18T19:18:38.271+0000] {manager.py:737} INFO - Searching for files in /opt/airflow/dags
[2026-05-18T19:18:38.297+0000] {manager.py:740} INFO - There are 3 files in /opt/airflow/dags
[2026-05-18T19:18:49.358+0000] {manager.py:878} INFO - 
================================================================================
DAG File Processing Stats

File Path                                         PID    Runtime      # DAGs    # Errors  Last Runtime    Last Run
------------------------------------------------  -----  ---------  --------  ----------  --------------  -------------------
/opt/airflow/dags/movie_batch_pipeline_dag.py                              1           0  1.32s           2026-05-18T19:18:24
/opt/airflow/dags/movie_realtime_pipeline_dag.py                           1           0  0.73s           2026-05-18T19:18:31
/opt/airflow/dags/movie_airbyte_sync_dag.py                                1           0  0.12s           2026-05-18T19:18:36
================================================================================
[2026-05-18T19:19:19.832+0000] {manager.py:878} INFO - 
================================================================================
DAG File Processing Stats

File Path                                         PID    Runtime      # DAGs    # Errors  Last Runtime    Last Run
------------------------------------------------  -----  ---------  --------  ----------  --------------  -------------------
/opt/airflow/dags/movie_batch_pipeline_dag.py                              1           0  1.33s           2026-05-18T19:18:55
/opt/airflow/dags/movie_realtime_pipeline_dag.py                           1           0  0.76s           2026-05-18T19:19:03
/opt/airflow/dags/movie_airbyte_sync_dag.py                                1           0  0.12s           2026-05-18T19:19:06
================================================================================
[2026-05-18T19:19:50.252+0000] {manager.py:878} INFO - 
================================================================================
DAG File Processing Stats

File Path                                         PID    Runtime      # DAGs    # Errors  Last Runtime    Last Run
------------------------------------------------  -----  ---------  --------  ----------  --------------  -------------------
/opt/airflow/dags/movie_batch_pipeline_dag.py                              1           0  1.28s           2026-05-18T19:19:27
/opt/airflow/dags/movie_realtime_pipeline_dag.py                           1           0  0.75s           2026-05-18T19:19:34
/opt/airflow/dags/movie_airbyte_sync_dag.py                                1           0  0.12s           2026-05-18T19:19:37
================================================================================
[2026-05-18T19:20:20.697+0000] {manager.py:878} INFO - 
================================================================================
DAG File Processing Stats

File Path                                         PID    Runtime      # DAGs    # Errors  Last Runtime    Last Run
------------------------------------------------  -----  ---------  --------  ----------  --------------  -------------------
/opt/airflow/dags/movie_batch_pipeline_dag.py                              1           0  1.30s           2026-05-18T19:19:58
/opt/airflow/dags/movie_realtime_pipeline_dag.py                           1           0  0.74s           2026-05-18T19:20:06
/opt/airflow/dags/movie_airbyte_sync_dag.py                                1           0  0.13s           2026-05-18T19:20:07
================================================================================
[2026-05-18T19:20:51.170+0000] {manager.py:878} INFO - 
================================================================================
DAG File Processing Stats

File Path                                         PID    Runtime      # DAGs    # Errors  Last Runtime    Last Run
------------------------------------------------  -----  ---------  --------  ----------  --------------  -------------------
/opt/airflow/dags/movie_batch_pipeline_dag.py                              1           0  1.33s           2026-05-18T19:20:30
/opt/airflow/dags/movie_realtime_pipeline_dag.py                           1           0  0.75s           2026-05-18T19:20:37
/opt/airflow/dags/movie_airbyte_sync_dag.py                                1           0  0.12s           2026-05-18T19:20:38
================================================================================
[2026-05-18T19:21:21.545+0000] {manager.py:878} INFO - 
================================================================================
DAG File Processing Stats

File Path                                         PID    Runtime      # DAGs    # Errors  Last Runtime    Last Run
------------------------------------------------  -----  ---------  --------  ----------  --------------  -------------------
/opt/airflow/dags/movie_batch_pipeline_dag.py                              1           0  1.33s           2026-05-18T19:21:01
/opt/airflow/dags/movie_realtime_pipeline_dag.py                           1           0  0.75s           2026-05-18T19:21:09
/opt/airflow/dags/movie_airbyte_sync_dag.py                                1           0  0.13s           2026-05-18T19:21:08
================================================================================
[2026-05-18T19:21:51.810+0000] {manager.py:878} INFO - 
================================================================================
DAG File Processing Stats

File Path                                         PID    Runtime      # DAGs    # Errors  Last Runtime    Last Run
------------------------------------------------  -----  ---------  --------  ----------  --------------  -------------------
/opt/airflow/dags/movie_batch_pipeline_dag.py                              1           0  1.25s           2026-05-18T19:21:32
/opt/airflow/dags/movie_realtime_pipeline_dag.py                           1           0  0.76s           2026-05-18T19:21:40
/opt/airflow/dags/movie_airbyte_sync_dag.py                                1           0  0.12s           2026-05-18T19:21:38
================================================================================
[2026-05-18T19:22:22.071+0000] {manager.py:878} INFO - 
================================================================================
DAG File Processing Stats

File Path                                         PID    Runtime      # DAGs    # Errors  Last Runtime    Last Run
------------------------------------------------  -----  ---------  --------  ----------  --------------  -------------------
/opt/airflow/dags/movie_batch_pipeline_dag.py                              1           0  1.26s           2026-05-18T19:22:04
/opt/airflow/dags/movie_realtime_pipeline_dag.py                           1           0  0.78s           2026-05-18T19:22:11
/opt/airflow/dags/movie_airbyte_sync_dag.py                                1           0  0.12s           2026-05-18T19:22:09
================================================================================
[2026-05-18T19:22:52.343+0000] {manager.py:878} INFO - 
================================================================================
DAG File Processing Stats

File Path                                         PID    Runtime      # DAGs    # Errors  Last Runtime    Last Run
------------------------------------------------  -----  ---------  --------  ----------  --------------  -------------------
/opt/airflow/dags/movie_batch_pipeline_dag.py                              1           0  1.25s           2026-05-18T19:22:35
/opt/airflow/dags/movie_realtime_pipeline_dag.py                           1           0  0.73s           2026-05-18T19:22:42
/opt/airflow/dags/movie_airbyte_sync_dag.py                                1           0  0.13s           2026-05-18T19:22:39
================================================================================
[2026-05-18T19:23:22.636+0000] {manager.py:878} INFO - 
================================================================================
DAG File Processing Stats

File Path                                         PID    Runtime      # DAGs    # Errors  Last Runtime    Last Run
------------------------------------------------  -----  ---------  --------  ----------  --------------  -------------------
/opt/airflow/dags/movie_batch_pipeline_dag.py                              1           0  1.29s           2026-05-18T19:23:06
/opt/airflow/dags/movie_realtime_pipeline_dag.py                           1           0  0.76s           2026-05-18T19:23:14
/opt/airflow/dags/movie_airbyte_sync_dag.py                                1           0  0.15s           2026-05-18T19:23:09
================================================================================
[2026-05-18T19:23:38.709+0000] {manager.py:737} INFO - Searching for files in /opt/airflow/dags
[2026-05-18T19:23:38.735+0000] {manager.py:740} INFO - There are 3 files in /opt/airflow/dags
[2026-05-18T19:23:52.929+0000] {manager.py:878} INFO - 
================================================================================
DAG File Processing Stats

File Path                                         PID    Runtime      # DAGs    # Errors  Last Runtime    Last Run
------------------------------------------------  -----  ---------  --------  ----------  --------------  -------------------
/opt/airflow/dags/movie_batch_pipeline_dag.py                              1           0  1.28s           2026-05-18T19:23:37
/opt/airflow/dags/movie_realtime_pipeline_dag.py                           1           0  0.79s           2026-05-18T19:23:45
/opt/airflow/dags/movie_airbyte_sync_dag.py                                1           0  0.12s           2026-05-18T19:23:39
================================================================================
[2026-05-18T19:24:23.187+0000] {manager.py:878} INFO - 
================================================================================
DAG File Processing Stats

File Path                                         PID    Runtime      # DAGs    # Errors  Last Runtime    Last Run
------------------------------------------------  -----  ---------  --------  ----------  --------------  -------------------
/opt/airflow/dags/movie_batch_pipeline_dag.py                              1           0  1.27s           2026-05-18T19:24:09
/opt/airflow/dags/movie_realtime_pipeline_dag.py                           1           0  0.75s           2026-05-18T19:24:16
/opt/airflow/dags/movie_airbyte_sync_dag.py                                1           0  0.12s           2026-05-18T19:24:10
================================================================================
[2026-05-18T19:24:53.457+0000] {manager.py:878} INFO - 
================================================================================
DAG File Processing Stats

File Path                                         PID    Runtime      # DAGs    # Errors  Last Runtime    Last Run
------------------------------------------------  -----  ---------  --------  ----------  --------------  -------------------
/opt/airflow/dags/movie_batch_pipeline_dag.py                              1           0  1.27s           2026-05-18T19:24:41
/opt/airflow/dags/movie_realtime_pipeline_dag.py                           1           0  0.73s           2026-05-18T19:24:47
/opt/airflow/dags/movie_airbyte_sync_dag.py                                1           0  0.14s           2026-05-18T19:24:40
================================================================================
[2026-05-18T19:25:23.555+0000] {manager.py:878} INFO - 
================================================================================
DAG File Processing Stats

File Path                                         PID    Runtime      # DAGs    # Errors  Last Runtime    Last Run
------------------------------------------------  -----  ---------  --------  ----------  --------------  -------------------
/opt/airflow/dags/movie_batch_pipeline_dag.py                              1           0  1.30s           2026-05-18T19:25:12
/opt/airflow/dags/movie_realtime_pipeline_dag.py                           1           0  0.81s           2026-05-18T19:25:19
/opt/airflow/dags/movie_airbyte_sync_dag.py                                1           0  0.14s           2026-05-18T19:25:10
================================================================================
[2026-05-18T19:25:53.893+0000] {manager.py:878} INFO - 
================================================================================
DAG File Processing Stats

File Path                                         PID    Runtime      # DAGs    # Errors  Last Runtime    Last Run
------------------------------------------------  -----  ---------  --------  ----------  --------------  -------------------
/opt/airflow/dags/movie_batch_pipeline_dag.py                              1           0  1.29s           2026-05-18T19:25:44
/opt/airflow/dags/movie_realtime_pipeline_dag.py                           1           0  0.73s           2026-05-18T19:25:50
/opt/airflow/dags/movie_airbyte_sync_dag.py                                1           0  0.12s           2026-05-18T19:25:41
================================================================================
[2026-05-18T19:26:24.362+0000] {manager.py:878} INFO - 
================================================================================
DAG File Processing Stats

File Path                                         PID    Runtime      # DAGs    # Errors  Last Runtime    Last Run
------------------------------------------------  -----  ---------  --------  ----------  --------------  -------------------
/opt/airflow/dags/movie_batch_pipeline_dag.py                              1           0  1.30s           2026-05-18T19:26:15
/opt/airflow/dags/movie_realtime_pipeline_dag.py                           1           0  0.76s           2026-05-18T19:26:22
/opt/airflow/dags/movie_airbyte_sync_dag.py                                1           0  0.13s           2026-05-18T19:26:11
================================================================================
[2026-05-18T19:26:54.748+0000] {manager.py:878} INFO - 
================================================================================
DAG File Processing Stats

File Path                                         PID    Runtime      # DAGs    # Errors  Last Runtime    Last Run
------------------------------------------------  -----  ---------  --------  ----------  --------------  -------------------
/opt/airflow/dags/movie_batch_pipeline_dag.py                              1           0  1.35s           2026-05-18T19:26:47
/opt/airflow/dags/movie_realtime_pipeline_dag.py                           1           0  0.71s           2026-05-18T19:26:53
/opt/airflow/dags/movie_airbyte_sync_dag.py                                1           0  0.12s           2026-05-18T19:26:41
================================================================================
[2026-05-18T19:27:25.258+0000] {manager.py:878} INFO - 
================================================================================
DAG File Processing Stats

File Path                                         PID    Runtime      # DAGs    # Errors  Last Runtime    Last Run
------------------------------------------------  -----  ---------  --------  ----------  --------------  -------------------
/opt/airflow/dags/movie_batch_pipeline_dag.py                              1           0  1.27s           2026-05-18T19:27:18
/opt/airflow/dags/movie_realtime_pipeline_dag.py                           1           0  0.72s           2026-05-18T19:27:25
/opt/airflow/dags/movie_airbyte_sync_dag.py                                1           0  0.12s           2026-05-18T19:27:12
================================================================================
[2026-05-18T19:27:55.953+0000] {manager.py:878} INFO - 
================================================================================
DAG File Processing Stats

File Path                                           PID  Runtime      # DAGs    # Errors  Last Runtime    Last Run
------------------------------------------------  -----  ---------  --------  ----------  --------------  -------------------
/opt/airflow/dags/movie_batch_pipeline_dag.py                              1           0  1.29s           2026-05-18T19:27:50
/opt/airflow/dags/movie_realtime_pipeline_dag.py   3089  0.00s             1           0  0.72s           2026-05-18T19:27:25
/opt/airflow/dags/movie_airbyte_sync_dag.py                                1           0  0.12s           2026-05-18T19:27:42
================================================================================
[2026-05-18T19:28:26.376+0000] {manager.py:878} INFO - 
================================================================================
DAG File Processing Stats

File Path                                         PID    Runtime      # DAGs    # Errors  Last Runtime    Last Run
------------------------------------------------  -----  ---------  --------  ----------  --------------  -------------------
/opt/airflow/dags/movie_batch_pipeline_dag.py                              1           0  1.27s           2026-05-18T19:28:21
/opt/airflow/dags/movie_realtime_pipeline_dag.py                           1           0  0.72s           2026-05-18T19:27:56
/opt/airflow/dags/movie_airbyte_sync_dag.py                                1           0  0.12s           2026-05-18T19:28:13
================================================================================
[2026-05-18T19:28:39.156+0000] {manager.py:737} INFO - Searching for files in /opt/airflow/dags
[2026-05-18T19:28:39.184+0000] {manager.py:740} INFO - There are 3 files in /opt/airflow/dags
[2026-05-18T19:28:56.796+0000] {manager.py:878} INFO - 
================================================================================
DAG File Processing Stats

File Path                                         PID    Runtime      # DAGs    # Errors  Last Runtime    Last Run
------------------------------------------------  -----  ---------  --------  ----------  --------------  -------------------
/opt/airflow/dags/movie_batch_pipeline_dag.py                              1           0  1.40s           2026-05-18T19:28:53
/opt/airflow/dags/movie_realtime_pipeline_dag.py                           1           0  0.72s           2026-05-18T19:28:28
/opt/airflow/dags/movie_airbyte_sync_dag.py                                1           0  0.13s           2026-05-18T19:28:43
================================================================================
[2026-05-18T19:29:27.335+0000] {manager.py:878} INFO - 
================================================================================
DAG File Processing Stats

File Path                                         PID    Runtime      # DAGs    # Errors  Last Runtime    Last Run
------------------------------------------------  -----  ---------  --------  ----------  --------------  -------------------
/opt/airflow/dags/movie_batch_pipeline_dag.py                              1           0  1.28s           2026-05-18T19:29:24
/opt/airflow/dags/movie_realtime_pipeline_dag.py                           1           0  0.80s           2026-05-18T19:28:59
/opt/airflow/dags/movie_airbyte_sync_dag.py                                1           0  0.12s           2026-05-18T19:29:14
================================================================================
[2026-05-18T19:29:57.750+0000] {manager.py:878} INFO - 
================================================================================
DAG File Processing Stats

File Path                                         PID    Runtime      # DAGs    # Errors  Last Runtime    Last Run
------------------------------------------------  -----  ---------  --------  ----------  --------------  -------------------
/opt/airflow/dags/movie_batch_pipeline_dag.py                              1           0  1.29s           2026-05-18T19:29:55
/opt/airflow/dags/movie_realtime_pipeline_dag.py                           1           0  0.75s           2026-05-18T19:29:31
/opt/airflow/dags/movie_airbyte_sync_dag.py                                1           0  0.12s           2026-05-18T19:29:44
================================================================================
[2026-05-18T19:30:28.185+0000] {manager.py:878} INFO - 
================================================================================
DAG File Processing Stats

File Path                                         PID    Runtime      # DAGs    # Errors  Last Runtime    Last Run
------------------------------------------------  -----  ---------  --------  ----------  --------------  -------------------
/opt/airflow/dags/movie_batch_pipeline_dag.py                              1           0  1.28s           2026-05-18T19:30:27
/opt/airflow/dags/movie_realtime_pipeline_dag.py                           1           0  0.74s           2026-05-18T19:30:02
/opt/airflow/dags/movie_airbyte_sync_dag.py                                1           0  0.12s           2026-05-18T19:30:15
================================================================================
[2026-05-18T19:30:58.507+0000] {manager.py:878} INFO - 
================================================================================
DAG File Processing Stats

File Path                                           PID  Runtime      # DAGs    # Errors  Last Runtime    Last Run
------------------------------------------------  -----  ---------  --------  ----------  --------------  -------------------
/opt/airflow/dags/movie_batch_pipeline_dag.py      3237  1.01s             1           0  1.28s           2026-05-18T19:30:27
/opt/airflow/dags/movie_realtime_pipeline_dag.py                           1           0  0.74s           2026-05-18T19:30:33
/opt/airflow/dags/movie_airbyte_sync_dag.py                                1           0  0.12s           2026-05-18T19:30:45
================================================================================
[2026-05-18T19:31:29.079+0000] {manager.py:878} INFO - 
================================================================================
DAG File Processing Stats

File Path                                           PID  Runtime      # DAGs    # Errors  Last Runtime    Last Run
------------------------------------------------  -----  ---------  --------  ----------  --------------  -------------------
/opt/airflow/dags/movie_batch_pipeline_dag.py      3266  0.00s             1           0  1.43s           2026-05-18T19:30:58
/opt/airflow/dags/movie_realtime_pipeline_dag.py                           1           0  0.77s           2026-05-18T19:31:05
/opt/airflow/dags/movie_airbyte_sync_dag.py                                1           0  0.12s           2026-05-18T19:31:16
================================================================================
[2026-05-18T19:31:59.410+0000] {manager.py:878} INFO - 
================================================================================
DAG File Processing Stats

File Path                                         PID    Runtime      # DAGs    # Errors  Last Runtime    Last Run
------------------------------------------------  -----  ---------  --------  ----------  --------------  -------------------
/opt/airflow/dags/movie_batch_pipeline_dag.py                              1           0  1.44s           2026-05-18T19:31:30
/opt/airflow/dags/movie_realtime_pipeline_dag.py                           1           0  0.76s           2026-05-18T19:31:36
/opt/airflow/dags/movie_airbyte_sync_dag.py                                1           0  0.13s           2026-05-18T19:31:46
================================================================================
[2026-05-18T19:32:29.864+0000] {manager.py:878} INFO - 
================================================================================
DAG File Processing Stats

File Path                                         PID    Runtime      # DAGs    # Errors  Last Runtime    Last Run
------------------------------------------------  -----  ---------  --------  ----------  --------------  -------------------
/opt/airflow/dags/movie_batch_pipeline_dag.py                              1           0  1.31s           2026-05-18T19:32:02
/opt/airflow/dags/movie_realtime_pipeline_dag.py                           1           0  0.73s           2026-05-18T19:32:07
/opt/airflow/dags/movie_airbyte_sync_dag.py                                1           0  0.12s           2026-05-18T19:32:16
================================================================================
[2026-05-18T19:33:00.078+0000] {manager.py:878} INFO - 
================================================================================
DAG File Processing Stats

File Path                                         PID    Runtime      # DAGs    # Errors  Last Runtime    Last Run
------------------------------------------------  -----  ---------  --------  ----------  --------------  -------------------
/opt/airflow/dags/movie_batch_pipeline_dag.py                              1           0  1.33s           2026-05-18T19:32:34
/opt/airflow/dags/movie_realtime_pipeline_dag.py                           1           0  0.73s           2026-05-18T19:32:37
/opt/airflow/dags/movie_airbyte_sync_dag.py                                1           0  0.12s           2026-05-18T19:32:47
================================================================================
[2026-05-18T19:33:30.550+0000] {manager.py:878} INFO - 
================================================================================
DAG File Processing Stats

File Path                                         PID    Runtime      # DAGs    # Errors  Last Runtime    Last Run
------------------------------------------------  -----  ---------  --------  ----------  --------------  -------------------
/opt/airflow/dags/movie_batch_pipeline_dag.py                              1           0  1.33s           2026-05-18T19:33:06
/opt/airflow/dags/movie_realtime_pipeline_dag.py                           1           0  0.75s           2026-05-18T19:33:08
/opt/airflow/dags/movie_airbyte_sync_dag.py                                1           0  0.13s           2026-05-18T19:33:17
================================================================================
[2026-05-18T19:33:39.703+0000] {manager.py:737} INFO - Searching for files in /opt/airflow/dags
[2026-05-18T19:33:39.729+0000] {manager.py:740} INFO - There are 3 files in /opt/airflow/dags
[2026-05-18T19:34:01.076+0000] {manager.py:878} INFO - 
================================================================================
DAG File Processing Stats

File Path                                         PID    Runtime      # DAGs    # Errors  Last Runtime    Last Run
------------------------------------------------  -----  ---------  --------  ----------  --------------  -------------------
/opt/airflow/dags/movie_batch_pipeline_dag.py                              1           0  1.37s           2026-05-18T19:33:37
/opt/airflow/dags/movie_realtime_pipeline_dag.py                           1           0  0.74s           2026-05-18T19:33:40
/opt/airflow/dags/movie_airbyte_sync_dag.py                                1           0  0.14s           2026-05-18T19:33:48
================================================================================
[2026-05-18T19:34:31.512+0000] {manager.py:878} INFO - 
================================================================================
DAG File Processing Stats

File Path                                         PID    Runtime      # DAGs    # Errors  Last Runtime    Last Run
------------------------------------------------  -----  ---------  --------  ----------  --------------  -------------------
/opt/airflow/dags/movie_batch_pipeline_dag.py                              1           0  1.29s           2026-05-18T19:34:09
/opt/airflow/dags/movie_realtime_pipeline_dag.py                           1           0  0.78s           2026-05-18T19:34:12
/opt/airflow/dags/movie_airbyte_sync_dag.py                                1           0  0.12s           2026-05-18T19:34:18
================================================================================
[2026-05-18T19:35:02.009+0000] {manager.py:878} INFO - 
================================================================================
DAG File Processing Stats

File Path                                         PID    Runtime      # DAGs    # Errors  Last Runtime    Last Run
------------------------------------------------  -----  ---------  --------  ----------  --------------  -------------------
/opt/airflow/dags/movie_batch_pipeline_dag.py                              1           0  1.34s           2026-05-18T19:34:40
/opt/airflow/dags/movie_realtime_pipeline_dag.py                           1           0  0.75s           2026-05-18T19:34:43
/opt/airflow/dags/movie_airbyte_sync_dag.py                                1           0  0.14s           2026-05-18T19:34:49
================================================================================
[2026-05-18T19:35:32.472+0000] {manager.py:878} INFO - 
================================================================================
DAG File Processing Stats

File Path                                         PID    Runtime      # DAGs    # Errors  Last Runtime    Last Run
------------------------------------------------  -----  ---------  --------  ----------  --------------  -------------------
/opt/airflow/dags/movie_batch_pipeline_dag.py                              1           0  1.32s           2026-05-18T19:35:12
/opt/airflow/dags/movie_realtime_pipeline_dag.py                           1           0  0.74s           2026-05-18T19:35:14
/opt/airflow/dags/movie_airbyte_sync_dag.py                                1           0  0.12s           2026-05-18T19:35:19
================================================================================
[2026-05-18T19:36:03.008+0000] {manager.py:878} INFO - 
================================================================================
DAG File Processing Stats

File Path                                         PID    Runtime      # DAGs    # Errors  Last Runtime    Last Run
------------------------------------------------  -----  ---------  --------  ----------  --------------  -------------------
/opt/airflow/dags/movie_batch_pipeline_dag.py                              1           0  1.39s           2026-05-18T19:35:43
/opt/airflow/dags/movie_realtime_pipeline_dag.py                           1           0  0.71s           2026-05-18T19:35:46
/opt/airflow/dags/movie_airbyte_sync_dag.py                                1           0  0.13s           2026-05-18T19:35:50
================================================================================
[2026-05-18T19:36:33.293+0000] {manager.py:878} INFO - 
================================================================================
DAG File Processing Stats

File Path                                         PID    Runtime      # DAGs    # Errors  Last Runtime    Last Run
------------------------------------------------  -----  ---------  --------  ----------  --------------  -------------------
/opt/airflow/dags/movie_batch_pipeline_dag.py                              1           0  1.41s           2026-05-18T19:36:15
/opt/airflow/dags/movie_realtime_pipeline_dag.py                           1           0  0.74s           2026-05-18T19:36:17
/opt/airflow/dags/movie_airbyte_sync_dag.py                                1           0  0.14s           2026-05-18T19:36:20
================================================================================
[2026-05-18T19:37:03.848+0000] {manager.py:878} INFO - 
================================================================================
DAG File Processing Stats

File Path                                         PID    Runtime      # DAGs    # Errors  Last Runtime    Last Run
------------------------------------------------  -----  ---------  --------  ----------  --------------  -------------------
/opt/airflow/dags/movie_batch_pipeline_dag.py                              1           0  1.41s           2026-05-18T19:36:47
/opt/airflow/dags/movie_realtime_pipeline_dag.py                           1           0  0.72s           2026-05-18T19:36:48
/opt/airflow/dags/movie_airbyte_sync_dag.py                                1           0  0.14s           2026-05-18T19:36:50
================================================================================
[2026-05-18T19:37:34.313+0000] {manager.py:878} INFO - 
================================================================================
DAG File Processing Stats

File Path                                         PID    Runtime      # DAGs    # Errors  Last Runtime    Last Run
------------------------------------------------  -----  ---------  --------  ----------  --------------  -------------------
/opt/airflow/dags/movie_batch_pipeline_dag.py                              1           0  1.31s           2026-05-18T19:37:19
/opt/airflow/dags/movie_realtime_pipeline_dag.py                           1           0  0.74s           2026-05-18T19:37:19
/opt/airflow/dags/movie_airbyte_sync_dag.py                                1           0  0.13s           2026-05-18T19:37:21
================================================================================
[2026-05-18T19:38:04.792+0000] {manager.py:878} INFO - 
================================================================================
DAG File Processing Stats

File Path                                         PID    Runtime      # DAGs    # Errors  Last Runtime    Last Run
------------------------------------------------  -----  ---------  --------  ----------  --------------  -------------------
/opt/airflow/dags/movie_batch_pipeline_dag.py                              1           0  1.33s           2026-05-18T19:37:50
/opt/airflow/dags/movie_realtime_pipeline_dag.py                           1           0  0.73s           2026-05-18T19:37:51
/opt/airflow/dags/movie_airbyte_sync_dag.py                                1           0  0.13s           2026-05-18T19:37:51
================================================================================
[2026-05-18T19:38:34.797+0000] {manager.py:878} INFO - 
================================================================================
DAG File Processing Stats

File Path                                         PID    Runtime      # DAGs    # Errors  Last Runtime    Last Run
------------------------------------------------  -----  ---------  --------  ----------  --------------  -------------------
/opt/airflow/dags/movie_batch_pipeline_dag.py                              1           0  1.38s           2026-05-18T19:38:22
/opt/airflow/dags/movie_realtime_pipeline_dag.py                           1           0  0.72s           2026-05-18T19:38:22
/opt/airflow/dags/movie_airbyte_sync_dag.py                                1           0  0.14s           2026-05-18T19:38:22
================================================================================
[2026-05-18T19:38:39.816+0000] {manager.py:737} INFO - Searching for files in /opt/airflow/dags
[2026-05-18T19:38:39.843+0000] {manager.py:740} INFO - There are 3 files in /opt/airflow/dags
[2026-05-18T19:39:05.201+0000] {manager.py:878} INFO - 
================================================================================
DAG File Processing Stats

File Path                                         PID    Runtime      # DAGs    # Errors  Last Runtime    Last Run
------------------------------------------------  -----  ---------  --------  ----------  --------------  -------------------
/opt/airflow/dags/movie_batch_pipeline_dag.py                              1           0  1.28s           2026-05-18T19:38:53
/opt/airflow/dags/movie_realtime_pipeline_dag.py                           1           0  0.74s           2026-05-18T19:38:54
/opt/airflow/dags/movie_airbyte_sync_dag.py                                1           0  0.11s           2026-05-18T19:38:52
================================================================================
[2026-05-18T19:39:35.648+0000] {manager.py:878} INFO - 
================================================================================
DAG File Processing Stats

File Path                                         PID    Runtime      # DAGs    # Errors  Last Runtime    Last Run
------------------------------------------------  -----  ---------  --------  ----------  --------------  -------------------
/opt/airflow/dags/movie_batch_pipeline_dag.py                              1           0  1.30s           2026-05-18T19:39:25
/opt/airflow/dags/movie_realtime_pipeline_dag.py                           1           0  0.77s           2026-05-18T19:39:25
/opt/airflow/dags/movie_airbyte_sync_dag.py                                1           0  0.13s           2026-05-18T19:39:22
================================================================================
[2026-05-18T19:40:06.055+0000] {manager.py:878} INFO - 
================================================================================
DAG File Processing Stats

File Path                                         PID    Runtime      # DAGs    # Errors  Last Runtime    Last Run
------------------------------------------------  -----  ---------  --------  ----------  --------------  -------------------
/opt/airflow/dags/movie_batch_pipeline_dag.py                              1           0  1.31s           2026-05-18T19:39:56
/opt/airflow/dags/movie_realtime_pipeline_dag.py                           1           0  0.74s           2026-05-18T19:39:57
/opt/airflow/dags/movie_airbyte_sync_dag.py                                1           0  0.13s           2026-05-18T19:39:53
================================================================================
[2026-05-18T19:40:36.153+0000] {manager.py:878} INFO - 
================================================================================
DAG File Processing Stats

File Path                                         PID    Runtime      # DAGs    # Errors  Last Runtime    Last Run
------------------------------------------------  -----  ---------  --------  ----------  --------------  -------------------
/opt/airflow/dags/movie_batch_pipeline_dag.py                              1           0  1.40s           2026-05-18T19:40:28
/opt/airflow/dags/movie_realtime_pipeline_dag.py                           1           0  0.76s           2026-05-18T19:40:28
/opt/airflow/dags/movie_airbyte_sync_dag.py                                1           0  0.13s           2026-05-18T19:40:23
================================================================================
[2026-05-18T19:41:06.702+0000] {manager.py:878} INFO - 
================================================================================
DAG File Processing Stats

File Path                                         PID    Runtime      # DAGs    # Errors  Last Runtime    Last Run
------------------------------------------------  -----  ---------  --------  ----------  --------------  -------------------
/opt/airflow/dags/movie_batch_pipeline_dag.py                              1           0  1.40s           2026-05-18T19:40:59
/opt/airflow/dags/movie_realtime_pipeline_dag.py                           1           0  0.76s           2026-05-18T19:41:00
/opt/airflow/dags/movie_airbyte_sync_dag.py                                1           0  0.13s           2026-05-18T19:40:54
================================================================================
[2026-05-18T19:41:37.271+0000] {manager.py:878} INFO - 
================================================================================
DAG File Processing Stats

File Path                                         PID    Runtime      # DAGs    # Errors  Last Runtime    Last Run
------------------------------------------------  -----  ---------  --------  ----------  --------------  -------------------
/opt/airflow/dags/movie_batch_pipeline_dag.py                              1           0  1.43s           2026-05-18T19:41:31
/opt/airflow/dags/movie_realtime_pipeline_dag.py                           1           0  0.74s           2026-05-18T19:41:31
/opt/airflow/dags/movie_airbyte_sync_dag.py                                1           0  0.12s           2026-05-18T19:41:24
================================================================================
[2026-05-18T19:42:07.709+0000] {manager.py:878} INFO - 
================================================================================
DAG File Processing Stats

File Path                                         PID    Runtime      # DAGs    # Errors  Last Runtime    Last Run
------------------------------------------------  -----  ---------  --------  ----------  --------------  -------------------
/opt/airflow/dags/movie_batch_pipeline_dag.py                              1           0  1.29s           2026-05-18T19:42:02
/opt/airflow/dags/movie_realtime_pipeline_dag.py                           1           0  0.74s           2026-05-18T19:42:03
/opt/airflow/dags/movie_airbyte_sync_dag.py                                1           0  0.12s           2026-05-18T19:41:55
================================================================================
[2026-05-18T19:42:38.248+0000] {manager.py:878} INFO - 
================================================================================
DAG File Processing Stats

File Path                                         PID    Runtime      # DAGs    # Errors  Last Runtime    Last Run
------------------------------------------------  -----  ---------  --------  ----------  --------------  -------------------
/opt/airflow/dags/movie_batch_pipeline_dag.py                              1           0  1.40s           2026-05-18T19:42:34
/opt/airflow/dags/movie_realtime_pipeline_dag.py                           1           0  0.79s           2026-05-18T19:42:34
/opt/airflow/dags/movie_airbyte_sync_dag.py                                1           0  0.13s           2026-05-18T19:42:25
================================================================================
[2026-05-18T19:43:08.750+0000] {manager.py:878} INFO - 
================================================================================
DAG File Processing Stats

File Path                                         PID    Runtime      # DAGs    # Errors  Last Runtime    Last Run
------------------------------------------------  -----  ---------  --------  ----------  --------------  -------------------
/opt/airflow/dags/movie_batch_pipeline_dag.py                              1           0  1.36s           2026-05-18T19:43:05
/opt/airflow/dags/movie_realtime_pipeline_dag.py                           1           0  0.74s           2026-05-18T19:43:06
/opt/airflow/dags/movie_airbyte_sync_dag.py                                1           0  0.12s           2026-05-18T19:42:56
================================================================================
[2026-05-18T19:43:39.281+0000] {manager.py:878} INFO - 
================================================================================
DAG File Processing Stats

File Path                                         PID    Runtime      # DAGs    # Errors  Last Runtime    Last Run
------------------------------------------------  -----  ---------  --------  ----------  --------------  -------------------
/opt/airflow/dags/movie_batch_pipeline_dag.py                              1           0  1.39s           2026-05-18T19:43:37
/opt/airflow/dags/movie_realtime_pipeline_dag.py                           1           0  0.73s           2026-05-18T19:43:37
/opt/airflow/dags/movie_airbyte_sync_dag.py                                1           0  0.13s           2026-05-18T19:43:26
================================================================================
[2026-05-18T19:43:40.284+0000] {manager.py:737} INFO - Searching for files in /opt/airflow/dags
[2026-05-18T19:43:40.312+0000] {manager.py:740} INFO - There are 3 files in /opt/airflow/dags
[2026-05-18T19:44:09.759+0000] {manager.py:878} INFO - 
================================================================================
DAG File Processing Stats

File Path                                         PID    Runtime      # DAGs    # Errors  Last Runtime    Last Run
------------------------------------------------  -----  ---------  --------  ----------  --------------  -------------------
/opt/airflow/dags/movie_batch_pipeline_dag.py                              1           0  1.30s           2026-05-18T19:44:08
/opt/airflow/dags/movie_realtime_pipeline_dag.py                           1           0  0.72s           2026-05-18T19:44:09
/opt/airflow/dags/movie_airbyte_sync_dag.py                                1           0  0.12s           2026-05-18T19:43:57
================================================================================
[2026-05-18T19:44:39.918+0000] {manager.py:878} INFO - 
================================================================================
DAG File Processing Stats

File Path                                           PID  Runtime      # DAGs    # Errors  Last Runtime    Last Run
------------------------------------------------  -----  ---------  --------  ----------  --------------  -------------------
/opt/airflow/dags/movie_batch_pipeline_dag.py      3992  1.02s             1           0  1.30s           2026-05-18T19:44:08
/opt/airflow/dags/movie_realtime_pipeline_dag.py   4018  0.00s             1           0  0.72s           2026-05-18T19:44:09
/opt/airflow/dags/movie_airbyte_sync_dag.py                                1           0  0.12s           2026-05-18T19:44:27
================================================================================
[2026-05-18T19:45:10.372+0000] {manager.py:878} INFO - 
================================================================================
DAG File Processing Stats

File Path                                           PID  Runtime      # DAGs    # Errors  Last Runtime    Last Run
------------------------------------------------  -----  ---------  --------  ----------  --------------  -------------------
/opt/airflow/dags/movie_batch_pipeline_dag.py      4021  0.00s             1           0  1.32s           2026-05-18T19:44:40
/opt/airflow/dags/movie_realtime_pipeline_dag.py                           1           0  0.77s           2026-05-18T19:44:40
/opt/airflow/dags/movie_airbyte_sync_dag.py                                1           0  0.12s           2026-05-18T19:44:58
================================================================================
[2026-05-18T19:45:40.936+0000] {manager.py:878} INFO - 
================================================================================
DAG File Processing Stats

File Path                                         PID    Runtime      # DAGs    # Errors  Last Runtime    Last Run
------------------------------------------------  -----  ---------  --------  ----------  --------------  -------------------
/opt/airflow/dags/movie_batch_pipeline_dag.py                              1           0  1.43s           2026-05-18T19:45:11
/opt/airflow/dags/movie_realtime_pipeline_dag.py                           1           0  0.75s           2026-05-18T19:45:12
/opt/airflow/dags/movie_airbyte_sync_dag.py                                1           0  0.12s           2026-05-18T19:45:28
================================================================================
[2026-05-18T19:46:11.518+0000] {manager.py:878} INFO - 
================================================================================
DAG File Processing Stats

File Path                                         PID    Runtime      # DAGs    # Errors  Last Runtime    Last Run
------------------------------------------------  -----  ---------  --------  ----------  --------------  -------------------
/opt/airflow/dags/movie_batch_pipeline_dag.py                              1           0  1.44s           2026-05-18T19:45:43
/opt/airflow/dags/movie_realtime_pipeline_dag.py                           1           0  0.74s           2026-05-18T19:45:43
/opt/airflow/dags/movie_airbyte_sync_dag.py                                1           0  0.13s           2026-05-18T19:45:59
================================================================================
[2026-05-18T19:46:41.965+0000] {manager.py:878} INFO - 
================================================================================
DAG File Processing Stats

File Path                                         PID    Runtime      # DAGs    # Errors  Last Runtime    Last Run
------------------------------------------------  -----  ---------  --------  ----------  --------------  -------------------
/opt/airflow/dags/movie_batch_pipeline_dag.py                              1           0  1.30s           2026-05-18T19:46:14
/opt/airflow/dags/movie_realtime_pipeline_dag.py                           1           0  0.72s           2026-05-18T19:46:15
/opt/airflow/dags/movie_airbyte_sync_dag.py                                1           0  0.13s           2026-05-18T19:46:30
================================================================================
[2026-05-18T19:47:12.504+0000] {manager.py:878} INFO - 
================================================================================
DAG File Processing Stats

File Path                                         PID    Runtime      # DAGs    # Errors  Last Runtime    Last Run
------------------------------------------------  -----  ---------  --------  ----------  --------------  -------------------
/opt/airflow/dags/movie_batch_pipeline_dag.py                              1           0  1.39s           2026-05-18T19:46:46
/opt/airflow/dags/movie_realtime_pipeline_dag.py                           1           0  0.79s           2026-05-18T19:46:46
/opt/airflow/dags/movie_airbyte_sync_dag.py                                1           0  0.14s           2026-05-18T19:47:00
================================================================================
[2026-05-18T19:47:43.125+0000] {manager.py:878} INFO - 
================================================================================
DAG File Processing Stats

File Path                                         PID    Runtime      # DAGs    # Errors  Last Runtime    Last Run
------------------------------------------------  -----  ---------  --------  ----------  --------------  -------------------
/opt/airflow/dags/movie_batch_pipeline_dag.py                              1           0  1.47s           2026-05-18T19:47:18
/opt/airflow/dags/movie_realtime_pipeline_dag.py                           1           0  0.78s           2026-05-18T19:47:18
/opt/airflow/dags/movie_airbyte_sync_dag.py                                1           0  0.13s           2026-05-18T19:47:31
================================================================================
[2026-05-18T19:48:13.699+0000] {manager.py:878} INFO - 
================================================================================
DAG File Processing Stats

File Path                                         PID    Runtime      # DAGs    # Errors  Last Runtime    Last Run
------------------------------------------------  -----  ---------  --------  ----------  --------------  -------------------
/opt/airflow/dags/movie_batch_pipeline_dag.py                              1           0  1.43s           2026-05-18T19:47:49
/opt/airflow/dags/movie_realtime_pipeline_dag.py                           1           0  0.75s           2026-05-18T19:47:49
/opt/airflow/dags/movie_airbyte_sync_dag.py                                1           0  0.13s           2026-05-18T19:48:01
================================================================================
[2026-05-18T19:48:40.367+0000] {manager.py:737} INFO - Searching for files in /opt/airflow/dags
[2026-05-18T19:48:40.399+0000] {manager.py:740} INFO - There are 3 files in /opt/airflow/dags
[2026-05-18T19:48:44.266+0000] {manager.py:878} INFO - 
================================================================================
DAG File Processing Stats

File Path                                         PID    Runtime      # DAGs    # Errors  Last Runtime    Last Run
------------------------------------------------  -----  ---------  --------  ----------  --------------  -------------------
/opt/airflow/dags/movie_batch_pipeline_dag.py                              1           0  1.42s           2026-05-18T19:48:21
/opt/airflow/dags/movie_realtime_pipeline_dag.py                           1           0  0.74s           2026-05-18T19:48:21
/opt/airflow/dags/movie_airbyte_sync_dag.py                                1           0  0.13s           2026-05-18T19:48:32
================================================================================
[2026-05-18T19:49:14.922+0000] {manager.py:878} INFO - 
================================================================================
DAG File Processing Stats

File Path                                         PID    Runtime      # DAGs    # Errors  Last Runtime    Last Run
------------------------------------------------  -----  ---------  --------  ----------  --------------  -------------------
/opt/airflow/dags/movie_batch_pipeline_dag.py                              1           0  1.50s           2026-05-18T19:48:52
/opt/airflow/dags/movie_realtime_pipeline_dag.py                           1           0  0.89s           2026-05-18T19:48:53
/opt/airflow/dags/movie_airbyte_sync_dag.py                                1           0  0.13s           2026-05-18T19:49:02
================================================================================
[2026-05-18T19:49:45.480+0000] {manager.py:878} INFO - 
================================================================================
DAG File Processing Stats

File Path                                         PID    Runtime      # DAGs    # Errors  Last Runtime    Last Run
------------------------------------------------  -----  ---------  --------  ----------  --------------  -------------------
/opt/airflow/dags/movie_batch_pipeline_dag.py                              1           0  1.41s           2026-05-18T19:49:24
/opt/airflow/dags/movie_realtime_pipeline_dag.py                           1           0  0.76s           2026-05-18T19:49:24
/opt/airflow/dags/movie_airbyte_sync_dag.py                                1           0  0.12s           2026-05-18T19:49:33
================================================================================
[2026-05-18T19:50:15.998+0000] {manager.py:878} INFO - 
================================================================================
DAG File Processing Stats

File Path                                         PID    Runtime      # DAGs    # Errors  Last Runtime    Last Run
------------------------------------------------  -----  ---------  --------  ----------  --------------  -------------------
/opt/airflow/dags/movie_batch_pipeline_dag.py                              1           0  1.37s           2026-05-18T19:49:55
/opt/airflow/dags/movie_realtime_pipeline_dag.py                           1           0  0.74s           2026-05-18T19:49:56
/opt/airflow/dags/movie_airbyte_sync_dag.py                                1           0  0.12s           2026-05-18T19:50:04
================================================================================
[2026-05-18T19:50:46.568+0000] {manager.py:878} INFO - 
================================================================================
DAG File Processing Stats

File Path                                         PID    Runtime      # DAGs    # Errors  Last Runtime    Last Run
------------------------------------------------  -----  ---------  --------  ----------  --------------  -------------------
/opt/airflow/dags/movie_batch_pipeline_dag.py                              1           0  1.42s           2026-05-18T19:50:27
/opt/airflow/dags/movie_realtime_pipeline_dag.py                           1           0  0.76s           2026-05-18T19:50:27
/opt/airflow/dags/movie_airbyte_sync_dag.py                                1           0  0.13s           2026-05-18T19:50:34
================================================================================
[2026-05-18T19:51:17.036+0000] {manager.py:878} INFO - 
================================================================================
DAG File Processing Stats

File Path                                         PID    Runtime      # DAGs    # Errors  Last Runtime    Last Run
------------------------------------------------  -----  ---------  --------  ----------  --------------  -------------------
/opt/airflow/dags/movie_batch_pipeline_dag.py                              1           0  1.32s           2026-05-18T19:50:58
/opt/airflow/dags/movie_realtime_pipeline_dag.py                           1           0  0.71s           2026-05-18T19:50:59
/opt/airflow/dags/movie_airbyte_sync_dag.py                                1           0  0.12s           2026-05-18T19:51:05
================================================================================
[2026-05-18T19:51:47.501+0000] {manager.py:878} INFO - 
================================================================================
DAG File Processing Stats

File Path                                         PID    Runtime      # DAGs    # Errors  Last Runtime    Last Run
------------------------------------------------  -----  ---------  --------  ----------  --------------  -------------------
/opt/airflow/dags/movie_batch_pipeline_dag.py                              1           0  1.32s           2026-05-18T19:51:30
/opt/airflow/dags/movie_realtime_pipeline_dag.py                           1           0  0.72s           2026-05-18T19:51:30
/opt/airflow/dags/movie_airbyte_sync_dag.py                                1           0  0.13s           2026-05-18T19:51:35
================================================================================
[2026-05-18T19:52:18.070+0000] {manager.py:878} INFO - 
================================================================================
DAG File Processing Stats

File Path                                         PID    Runtime      # DAGs    # Errors  Last Runtime    Last Run
------------------------------------------------  -----  ---------  --------  ----------  --------------  -------------------
/opt/airflow/dags/movie_batch_pipeline_dag.py                              1           0  1.42s           2026-05-18T19:52:01
/opt/airflow/dags/movie_realtime_pipeline_dag.py                           1           0  0.74s           2026-05-18T19:52:02
/opt/airflow/dags/movie_airbyte_sync_dag.py                                1           0  0.12s           2026-05-18T19:52:06
================================================================================
[2026-05-18T19:52:48.651+0000] {manager.py:878} INFO - 
================================================================================
DAG File Processing Stats

File Path                                         PID    Runtime      # DAGs    # Errors  Last Runtime    Last Run
------------------------------------------------  -----  ---------  --------  ----------  --------------  -------------------
/opt/airflow/dags/movie_batch_pipeline_dag.py                              1           0  1.43s           2026-05-18T19:52:33
/opt/airflow/dags/movie_realtime_pipeline_dag.py                           1           0  0.75s           2026-05-18T19:52:33
/opt/airflow/dags/movie_airbyte_sync_dag.py                                1           0  0.13s           2026-05-18T19:52:36
================================================================================
[2026-05-18T19:53:19.213+0000] {manager.py:878} INFO - 
================================================================================
DAG File Processing Stats

File Path                                         PID    Runtime      # DAGs    # Errors  Last Runtime    Last Run
------------------------------------------------  -----  ---------  --------  ----------  --------------  -------------------
/opt/airflow/dags/movie_batch_pipeline_dag.py                              1           0  1.41s           2026-05-18T19:53:05
/opt/airflow/dags/movie_realtime_pipeline_dag.py                           1           0  0.72s           2026-05-18T19:53:05
/opt/airflow/dags/movie_airbyte_sync_dag.py                                1           0  0.11s           2026-05-18T19:53:07
================================================================================
[2026-05-18T19:53:40.633+0000] {manager.py:737} INFO - Searching for files in /opt/airflow/dags
[2026-05-18T19:53:40.660+0000] {manager.py:740} INFO - There are 3 files in /opt/airflow/dags
[2026-05-18T19:53:49.713+0000] {manager.py:878} INFO - 
================================================================================
DAG File Processing Stats

File Path                                         PID    Runtime      # DAGs    # Errors  Last Runtime    Last Run
------------------------------------------------  -----  ---------  --------  ----------  --------------  -------------------
/opt/airflow/dags/movie_batch_pipeline_dag.py                              1           0  1.32s           2026-05-18T19:53:36
/opt/airflow/dags/movie_realtime_pipeline_dag.py                           1           0  0.73s           2026-05-18T19:53:37
/opt/airflow/dags/movie_airbyte_sync_dag.py                                1           0  0.12s           2026-05-18T19:53:37
================================================================================
[2026-05-18T19:54:19.749+0000] {manager.py:878} INFO - 
================================================================================
DAG File Processing Stats

File Path                                         PID    Runtime      # DAGs    # Errors  Last Runtime    Last Run
------------------------------------------------  -----  ---------  --------  ----------  --------------  -------------------
/opt/airflow/dags/movie_batch_pipeline_dag.py                              1           0  1.40s           2026-05-18T19:54:08
/opt/airflow/dags/movie_realtime_pipeline_dag.py                           1           0  0.74s           2026-05-18T19:54:08
/opt/airflow/dags/movie_airbyte_sync_dag.py                                1           0  0.14s           2026-05-18T19:54:07
================================================================================
[2026-05-18T19:54:49.763+0000] {manager.py:878} INFO - 
================================================================================
DAG File Processing Stats

File Path                                         PID    Runtime      # DAGs    # Errors  Last Runtime    Last Run
------------------------------------------------  -----  ---------  --------  ----------  --------------  -------------------
/opt/airflow/dags/movie_batch_pipeline_dag.py                              1           0  1.38s           2026-05-18T19:54:39
/opt/airflow/dags/movie_realtime_pipeline_dag.py                           1           0  0.77s           2026-05-18T19:54:40
/opt/airflow/dags/movie_airbyte_sync_dag.py                                1           0  0.12s           2026-05-18T19:54:38
================================================================================
[2026-05-18T19:55:20.340+0000] {manager.py:878} INFO - 
================================================================================
DAG File Processing Stats

File Path                                         PID    Runtime      # DAGs    # Errors  Last Runtime    Last Run
------------------------------------------------  -----  ---------  --------  ----------  --------------  -------------------
/opt/airflow/dags/movie_batch_pipeline_dag.py                              1           0  1.43s           2026-05-18T19:55:11
/opt/airflow/dags/movie_realtime_pipeline_dag.py                           1           0  0.76s           2026-05-18T19:55:11
/opt/airflow/dags/movie_airbyte_sync_dag.py                                1           0  0.14s           2026-05-18T19:55:08
================================================================================
[2026-05-18T19:55:50.805+0000] {manager.py:878} INFO - 
================================================================================
DAG File Processing Stats

File Path                                         PID    Runtime      # DAGs    # Errors  Last Runtime    Last Run
------------------------------------------------  -----  ---------  --------  ----------  --------------  -------------------
/opt/airflow/dags/movie_batch_pipeline_dag.py                              1           0  1.33s           2026-05-18T19:55:42
/opt/airflow/dags/movie_realtime_pipeline_dag.py                           1           0  0.76s           2026-05-18T19:55:43
/opt/airflow/dags/movie_airbyte_sync_dag.py                                1           0  0.12s           2026-05-18T19:55:39
================================================================================
[2026-05-18T19:56:21.354+0000] {manager.py:878} INFO - 
================================================================================
DAG File Processing Stats

File Path                                         PID    Runtime      # DAGs    # Errors  Last Runtime    Last Run
------------------------------------------------  -----  ---------  --------  ----------  --------------  -------------------
/opt/airflow/dags/movie_batch_pipeline_dag.py                              1           0  1.40s           2026-05-18T19:56:14
/opt/airflow/dags/movie_realtime_pipeline_dag.py                           1           0  0.73s           2026-05-18T19:56:14
/opt/airflow/dags/movie_airbyte_sync_dag.py                                1           0  0.12s           2026-05-18T19:56:10
================================================================================
[2026-05-18T19:56:51.891+0000] {manager.py:878} INFO - 
================================================================================
DAG File Processing Stats

File Path                                         PID    Runtime      # DAGs    # Errors  Last Runtime    Last Run
------------------------------------------------  -----  ---------  --------  ----------  --------------  -------------------
/opt/airflow/dags/movie_batch_pipeline_dag.py                              1           0  1.39s           2026-05-18T19:56:45
/opt/airflow/dags/movie_realtime_pipeline_dag.py                           1           0  0.75s           2026-05-18T19:56:46
/opt/airflow/dags/movie_airbyte_sync_dag.py                                1           0  0.13s           2026-05-18T19:56:40
================================================================================
[2026-05-18T19:57:22.470+0000] {manager.py:878} INFO - 
================================================================================
DAG File Processing Stats

File Path                                         PID    Runtime      # DAGs    # Errors  Last Runtime    Last Run
------------------------------------------------  -----  ---------  --------  ----------  --------------  -------------------
/opt/airflow/dags/movie_batch_pipeline_dag.py                              1           0  1.43s           2026-05-18T19:57:17
/opt/airflow/dags/movie_realtime_pipeline_dag.py                           1           0  0.76s           2026-05-18T19:57:17
/opt/airflow/dags/movie_airbyte_sync_dag.py                                1           0  0.13s           2026-05-18T19:57:11
================================================================================
[2026-05-18T19:57:52.989+0000] {manager.py:878} INFO - 
================================================================================
DAG File Processing Stats

File Path                                         PID    Runtime      # DAGs    # Errors  Last Runtime    Last Run
------------------------------------------------  -----  ---------  --------  ----------  --------------  -------------------
/opt/airflow/dags/movie_batch_pipeline_dag.py                              1           0  1.38s           2026-05-18T19:57:48
/opt/airflow/dags/movie_realtime_pipeline_dag.py                           1           0  0.76s           2026-05-18T19:57:49
/opt/airflow/dags/movie_airbyte_sync_dag.py                                1           0  0.12s           2026-05-18T19:57:41
================================================================================
[2026-05-18T19:58:23.420+0000] {manager.py:878} INFO - 
================================================================================
DAG File Processing Stats

File Path                                         PID    Runtime      # DAGs    # Errors  Last Runtime    Last Run
------------------------------------------------  -----  ---------  --------  ----------  --------------  -------------------
/opt/airflow/dags/movie_batch_pipeline_dag.py                              1           0  1.29s           2026-05-18T19:58:20
/opt/airflow/dags/movie_realtime_pipeline_dag.py                           1           0  0.72s           2026-05-18T19:58:20
/opt/airflow/dags/movie_airbyte_sync_dag.py                                1           0  0.12s           2026-05-18T19:58:12
================================================================================
[2026-05-18T19:58:40.937+0000] {manager.py:737} INFO - Searching for files in /opt/airflow/dags
[2026-05-18T19:58:40.965+0000] {manager.py:740} INFO - There are 3 files in /opt/airflow/dags
[2026-05-18T19:58:53.983+0000] {manager.py:878} INFO - 
================================================================================
DAG File Processing Stats

File Path                                         PID    Runtime      # DAGs    # Errors  Last Runtime    Last Run
------------------------------------------------  -----  ---------  --------  ----------  --------------  -------------------
/opt/airflow/dags/movie_batch_pipeline_dag.py                              1           0  1.42s           2026-05-18T19:58:51
/opt/airflow/dags/movie_realtime_pipeline_dag.py                           1           0  0.72s           2026-05-18T19:58:52
/opt/airflow/dags/movie_airbyte_sync_dag.py                                1           0  0.12s           2026-05-18T19:58:42
================================================================================
[2026-05-18T19:59:24.526+0000] {manager.py:878} INFO - 
================================================================================
DAG File Processing Stats

File Path                                         PID    Runtime      # DAGs    # Errors  Last Runtime    Last Run
------------------------------------------------  -----  ---------  --------  ----------  --------------  -------------------
/opt/airflow/dags/movie_batch_pipeline_dag.py                              1           0  1.40s           2026-05-18T19:59:23
/opt/airflow/dags/movie_realtime_pipeline_dag.py                           1           0  0.78s           2026-05-18T19:59:23
/opt/airflow/dags/movie_airbyte_sync_dag.py                                1           0  0.12s           2026-05-18T19:59:13
================================================================================
[2026-05-18T19:59:54.680+0000] {manager.py:878} INFO - 
================================================================================
DAG File Processing Stats

File Path                                           PID  Runtime      # DAGs    # Errors  Last Runtime    Last Run
------------------------------------------------  -----  ---------  --------  ----------  --------------  -------------------
/opt/airflow/dags/movie_batch_pipeline_dag.py      4834  1.02s             1           0  1.40s           2026-05-18T19:59:23
/opt/airflow/dags/movie_realtime_pipeline_dag.py   4860  0.00s             1           0  0.78s           2026-05-18T19:59:23
/opt/airflow/dags/movie_airbyte_sync_dag.py                                1           0  0.12s           2026-05-18T19:59:43
================================================================================
[2026-05-18T20:00:25.245+0000] {manager.py:878} INFO - 
================================================================================
DAG File Processing Stats

File Path                                           PID  Runtime      # DAGs    # Errors  Last Runtime    Last Run
------------------------------------------------  -----  ---------  --------  ----------  --------------  -------------------
/opt/airflow/dags/movie_batch_pipeline_dag.py      4863  0.00s             1           0  1.43s           2026-05-18T19:59:55
/opt/airflow/dags/movie_realtime_pipeline_dag.py                           1           0  0.77s           2026-05-18T19:59:55
/opt/airflow/dags/movie_airbyte_sync_dag.py                                1           0  0.11s           2026-05-18T20:00:14
================================================================================
[2026-05-18T20:00:55.670+0000] {manager.py:878} INFO - 
================================================================================
DAG File Processing Stats

File Path                                         PID    Runtime      # DAGs    # Errors  Last Runtime    Last Run
------------------------------------------------  -----  ---------  --------  ----------  --------------  -------------------
/opt/airflow/dags/movie_batch_pipeline_dag.py                              1           0  1.29s           2026-05-18T20:00:26
/opt/airflow/dags/movie_realtime_pipeline_dag.py                           1           0  0.72s           2026-05-18T20:00:26
/opt/airflow/dags/movie_airbyte_sync_dag.py                                1           0  0.12s           2026-05-18T20:00:44
================================================================================
[2026-05-18T20:01:26.242+0000] {manager.py:878} INFO - 
================================================================================
DAG File Processing Stats

File Path                                         PID    Runtime      # DAGs    # Errors  Last Runtime    Last Run
------------------------------------------------  -----  ---------  --------  ----------  --------------  -------------------
/opt/airflow/dags/movie_batch_pipeline_dag.py                              1           0  1.42s           2026-05-18T20:00:58
/opt/airflow/dags/movie_realtime_pipeline_dag.py                           1           0  0.77s           2026-05-18T20:00:58
/opt/airflow/dags/movie_airbyte_sync_dag.py                                1           0  0.12s           2026-05-18T20:01:15
================================================================================
[2026-05-18T20:01:56.777+0000] {manager.py:878} INFO - 
================================================================================
DAG File Processing Stats

File Path                                         PID    Runtime      # DAGs    # Errors  Last Runtime    Last Run
------------------------------------------------  -----  ---------  --------  ----------  --------------  -------------------
/opt/airflow/dags/movie_batch_pipeline_dag.py                              1           0  1.38s           2026-05-18T20:01:29
/opt/airflow/dags/movie_realtime_pipeline_dag.py                           1           0  0.74s           2026-05-18T20:01:30
/opt/airflow/dags/movie_airbyte_sync_dag.py                                1           0  0.13s           2026-05-18T20:01:45
================================================================================
[2026-05-18T20:02:27.320+0000] {manager.py:878} INFO - 
================================================================================
DAG File Processing Stats

File Path                                         PID    Runtime      # DAGs    # Errors  Last Runtime    Last Run
------------------------------------------------  -----  ---------  --------  ----------  --------------  -------------------
/opt/airflow/dags/movie_batch_pipeline_dag.py                              1           0  1.40s           2026-05-18T20:02:01
/opt/airflow/dags/movie_realtime_pipeline_dag.py                           1           0  0.75s           2026-05-18T20:02:01
/opt/airflow/dags/movie_airbyte_sync_dag.py                                1           0  0.12s           2026-05-18T20:02:16
================================================================================
[2026-05-18T20:02:57.891+0000] {manager.py:878} INFO - 
================================================================================
DAG File Processing Stats

File Path                                         PID    Runtime      # DAGs    # Errors  Last Runtime    Last Run
------------------------------------------------  -----  ---------  --------  ----------  --------------  -------------------
/opt/airflow/dags/movie_batch_pipeline_dag.py                              1           0  1.43s           2026-05-18T20:02:32
/opt/airflow/dags/movie_realtime_pipeline_dag.py                           1           0  0.77s           2026-05-18T20:02:33
/opt/airflow/dags/movie_airbyte_sync_dag.py                                1           0  0.13s           2026-05-18T20:02:46
================================================================================
[2026-05-18T20:03:28.427+0000] {manager.py:878} INFO - 
================================================================================
DAG File Processing Stats

File Path                                         PID    Runtime      # DAGs    # Errors  Last Runtime    Last Run
------------------------------------------------  -----  ---------  --------  ----------  --------------  -------------------
/opt/airflow/dags/movie_batch_pipeline_dag.py                              1           0  1.39s           2026-05-18T20:03:04
/opt/airflow/dags/movie_realtime_pipeline_dag.py                           1           0  0.74s           2026-05-18T20:03:04
/opt/airflow/dags/movie_airbyte_sync_dag.py                                1           0  0.12s           2026-05-18T20:03:17
================================================================================
[2026-05-18T20:03:41.250+0000] {manager.py:737} INFO - Searching for files in /opt/airflow/dags
[2026-05-18T20:03:41.276+0000] {manager.py:740} INFO - There are 3 files in /opt/airflow/dags
[2026-05-18T20:03:58.964+0000] {manager.py:878} INFO - 
================================================================================
DAG File Processing Stats

File Path                                         PID    Runtime      # DAGs    # Errors  Last Runtime    Last Run
------------------------------------------------  -----  ---------  --------  ----------  --------------  -------------------
/opt/airflow/dags/movie_batch_pipeline_dag.py                              1           0  1.39s           2026-05-18T20:03:35
/opt/airflow/dags/movie_realtime_pipeline_dag.py                           1           0  0.76s           2026-05-18T20:03:36
/opt/airflow/dags/movie_airbyte_sync_dag.py                                1           0  0.13s           2026-05-18T20:03:48
================================================================================
[2026-05-18T20:04:29.500+0000] {manager.py:878} INFO - 
================================================================================
DAG File Processing Stats

File Path                                         PID    Runtime      # DAGs    # Errors  Last Runtime    Last Run
------------------------------------------------  -----  ---------  --------  ----------  --------------  -------------------
/opt/airflow/dags/movie_batch_pipeline_dag.py                              1           0  1.39s           2026-05-18T20:04:07
/opt/airflow/dags/movie_realtime_pipeline_dag.py                           1           0  0.72s           2026-05-18T20:04:07
/opt/airflow/dags/movie_airbyte_sync_dag.py                                1           0  0.12s           2026-05-18T20:04:18
================================================================================
[2026-05-18T20:05:00.077+0000] {manager.py:878} INFO - 
================================================================================
DAG File Processing Stats

File Path                                         PID    Runtime      # DAGs    # Errors  Last Runtime    Last Run
------------------------------------------------  -----  ---------  --------  ----------  --------------  -------------------
/opt/airflow/dags/movie_batch_pipeline_dag.py                              1           0  1.43s           2026-05-18T20:04:38
/opt/airflow/dags/movie_realtime_pipeline_dag.py                           1           0  0.74s           2026-05-18T20:04:39
/opt/airflow/dags/movie_airbyte_sync_dag.py                                1           0  0.13s           2026-05-18T20:04:49
================================================================================
[2026-05-18T20:05:30.627+0000] {manager.py:878} INFO - 
================================================================================
DAG File Processing Stats

File Path                                         PID    Runtime      # DAGs    # Errors  Last Runtime    Last Run
------------------------------------------------  -----  ---------  --------  ----------  --------------  -------------------
/opt/airflow/dags/movie_batch_pipeline_dag.py                              1           0  1.40s           2026-05-18T20:05:10
/opt/airflow/dags/movie_realtime_pipeline_dag.py                           1           0  0.74s           2026-05-18T20:05:10
/opt/airflow/dags/movie_airbyte_sync_dag.py                                1           0  0.14s           2026-05-18T20:05:19
================================================================================
[2026-05-18T20:06:01.185+0000] {manager.py:878} INFO - 
================================================================================
DAG File Processing Stats

File Path                                         PID    Runtime      # DAGs    # Errors  Last Runtime    Last Run
------------------------------------------------  -----  ---------  --------  ----------  --------------  -------------------
/opt/airflow/dags/movie_batch_pipeline_dag.py                              1           0  1.41s           2026-05-18T20:05:42
/opt/airflow/dags/movie_realtime_pipeline_dag.py                           1           0  0.78s           2026-05-18T20:05:42
/opt/airflow/dags/movie_airbyte_sync_dag.py                                1           0  0.12s           2026-05-18T20:05:50
================================================================================
[2026-05-18T20:06:31.741+0000] {manager.py:878} INFO - 
================================================================================
DAG File Processing Stats

File Path                                         PID    Runtime      # DAGs    # Errors  Last Runtime    Last Run
------------------------------------------------  -----  ---------  --------  ----------  --------------  -------------------
/opt/airflow/dags/movie_batch_pipeline_dag.py                              1           0  1.41s           2026-05-18T20:06:13
/opt/airflow/dags/movie_realtime_pipeline_dag.py                           1           0  0.72s           2026-05-18T20:06:13
/opt/airflow/dags/movie_airbyte_sync_dag.py                                1           0  0.13s           2026-05-18T20:06:20
================================================================================
[2026-05-18T20:07:02.291+0000] {manager.py:878} INFO - 
================================================================================
DAG File Processing Stats

File Path                                         PID    Runtime      # DAGs    # Errors  Last Runtime    Last Run
------------------------------------------------  -----  ---------  --------  ----------  --------------  -------------------
/opt/airflow/dags/movie_batch_pipeline_dag.py                              1           0  1.41s           2026-05-18T20:06:45
/opt/airflow/dags/movie_realtime_pipeline_dag.py                           1           0  0.73s           2026-05-18T20:06:45
/opt/airflow/dags/movie_airbyte_sync_dag.py                                1           0  0.13s           2026-05-18T20:06:51
================================================================================
[2026-05-18T20:07:32.812+0000] {manager.py:878} INFO - 
================================================================================
DAG File Processing Stats

File Path                                         PID    Runtime      # DAGs    # Errors  Last Runtime    Last Run
------------------------------------------------  -----  ---------  --------  ----------  --------------  -------------------
/opt/airflow/dags/movie_batch_pipeline_dag.py                              1           0  1.38s           2026-05-18T20:07:16
/opt/airflow/dags/movie_realtime_pipeline_dag.py                           1           0  0.74s           2026-05-18T20:07:17
/opt/airflow/dags/movie_airbyte_sync_dag.py                                1           0  0.14s           2026-05-18T20:07:21
================================================================================
[2026-05-18T20:08:03.361+0000] {manager.py:878} INFO - 
================================================================================
DAG File Processing Stats

File Path                                         PID    Runtime      # DAGs    # Errors  Last Runtime    Last Run
------------------------------------------------  -----  ---------  --------  ----------  --------------  -------------------
/opt/airflow/dags/movie_batch_pipeline_dag.py                              1           0  1.41s           2026-05-18T20:07:48
/opt/airflow/dags/movie_realtime_pipeline_dag.py                           1           0  0.72s           2026-05-18T20:07:48
/opt/airflow/dags/movie_airbyte_sync_dag.py                                1           0  0.12s           2026-05-18T20:07:52
================================================================================
[2026-05-18T20:08:33.897+0000] {manager.py:878} INFO - 
================================================================================
DAG File Processing Stats

File Path                                         PID    Runtime      # DAGs    # Errors  Last Runtime    Last Run
------------------------------------------------  -----  ---------  --------  ----------  --------------  -------------------
/opt/airflow/dags/movie_batch_pipeline_dag.py                              1           0  1.38s           2026-05-18T20:08:19
/opt/airflow/dags/movie_realtime_pipeline_dag.py                           1           0  0.72s           2026-05-18T20:08:20
/opt/airflow/dags/movie_airbyte_sync_dag.py                                1           0  0.13s           2026-05-18T20:08:22
================================================================================
[2026-05-18T20:08:41.933+0000] {manager.py:737} INFO - Searching for files in /opt/airflow/dags
[2026-05-18T20:08:41.960+0000] {manager.py:740} INFO - There are 3 files in /opt/airflow/dags
[2026-05-18T20:09:04.478+0000] {manager.py:878} INFO - 
================================================================================
DAG File Processing Stats

File Path                                         PID    Runtime      # DAGs    # Errors  Last Runtime    Last Run
------------------------------------------------  -----  ---------  --------  ----------  --------------  -------------------
/opt/airflow/dags/movie_batch_pipeline_dag.py                              1           0  1.40s           2026-05-18T20:08:51
/opt/airflow/dags/movie_realtime_pipeline_dag.py                           1           0  0.73s           2026-05-18T20:08:51
/opt/airflow/dags/movie_airbyte_sync_dag.py                                1           0  0.13s           2026-05-18T20:08:53
================================================================================
[2026-05-18T20:09:35.043+0000] {manager.py:878} INFO - 
================================================================================
DAG File Processing Stats

File Path                                         PID    Runtime      # DAGs    # Errors  Last Runtime    Last Run
------------------------------------------------  -----  ---------  --------  ----------  --------------  -------------------
/opt/airflow/dags/movie_batch_pipeline_dag.py                              1           0  1.41s           2026-05-18T20:09:22
/opt/airflow/dags/movie_realtime_pipeline_dag.py                           1           0  0.77s           2026-05-18T20:09:23
/opt/airflow/dags/movie_airbyte_sync_dag.py                                1           0  0.12s           2026-05-18T20:09:24
================================================================================
[2026-05-18T20:10:05.569+0000] {manager.py:878} INFO - 
================================================================================
DAG File Processing Stats

File Path                                         PID    Runtime      # DAGs    # Errors  Last Runtime    Last Run
------------------------------------------------  -----  ---------  --------  ----------  --------------  -------------------
/opt/airflow/dags/movie_batch_pipeline_dag.py                              1           0  1.38s           2026-05-18T20:09:54
/opt/airflow/dags/movie_realtime_pipeline_dag.py                           1           0  0.71s           2026-05-18T20:09:54
/opt/airflow/dags/movie_airbyte_sync_dag.py                                1           0  0.12s           2026-05-18T20:09:54
================================================================================
[2026-05-18T20:10:36.082+0000] {manager.py:878} INFO - 
================================================================================
DAG File Processing Stats

File Path                                         PID    Runtime      # DAGs    # Errors  Last Runtime    Last Run
------------------------------------------------  -----  ---------  --------  ----------  --------------  -------------------
/opt/airflow/dags/movie_batch_pipeline_dag.py                              1           0  1.38s           2026-05-18T20:10:26
/opt/airflow/dags/movie_realtime_pipeline_dag.py                           1           0  0.76s           2026-05-18T20:10:26
/opt/airflow/dags/movie_airbyte_sync_dag.py                                1           0  0.11s           2026-05-18T20:10:24
================================================================================
[2026-05-18T20:11:06.641+0000] {manager.py:878} INFO - 
================================================================================
DAG File Processing Stats

File Path                                         PID    Runtime      # DAGs    # Errors  Last Runtime    Last Run
------------------------------------------------  -----  ---------  --------  ----------  --------------  -------------------
/opt/airflow/dags/movie_batch_pipeline_dag.py                              1           0  1.42s           2026-05-18T20:10:57
/opt/airflow/dags/movie_realtime_pipeline_dag.py                           1           0  0.73s           2026-05-18T20:10:57
/opt/airflow/dags/movie_airbyte_sync_dag.py                                1           0  0.12s           2026-05-18T20:10:55
================================================================================
[2026-05-18T20:11:37.215+0000] {manager.py:878} INFO - 
================================================================================
DAG File Processing Stats

File Path                                         PID    Runtime      # DAGs    # Errors  Last Runtime    Last Run
------------------------------------------------  -----  ---------  --------  ----------  --------------  -------------------
/opt/airflow/dags/movie_batch_pipeline_dag.py                              1           0  1.43s           2026-05-18T20:11:29
/opt/airflow/dags/movie_realtime_pipeline_dag.py                           1           0  0.80s           2026-05-18T20:11:29
/opt/airflow/dags/movie_airbyte_sync_dag.py                                1           0  0.14s           2026-05-18T20:11:25
================================================================================
[2026-05-18T20:12:07.749+0000] {manager.py:878} INFO - 
================================================================================
DAG File Processing Stats

File Path                                         PID    Runtime      # DAGs    # Errors  Last Runtime    Last Run
------------------------------------------------  -----  ---------  --------  ----------  --------------  -------------------
/opt/airflow/dags/movie_batch_pipeline_dag.py                              1           0  1.39s           2026-05-18T20:12:00
/opt/airflow/dags/movie_realtime_pipeline_dag.py                           1           0  0.77s           2026-05-18T20:12:01
/opt/airflow/dags/movie_airbyte_sync_dag.py                                1           0  0.12s           2026-05-18T20:11:56
================================================================================
[2026-05-18T20:12:38.273+0000] {manager.py:878} INFO - 
================================================================================
DAG File Processing Stats

File Path                                         PID    Runtime      # DAGs    # Errors  Last Runtime    Last Run
------------------------------------------------  -----  ---------  --------  ----------  --------------  -------------------
/opt/airflow/dags/movie_batch_pipeline_dag.py                              1           0  1.38s           2026-05-18T20:12:32
/opt/airflow/dags/movie_realtime_pipeline_dag.py                           1           0  0.77s           2026-05-18T20:12:32
/opt/airflow/dags/movie_airbyte_sync_dag.py                                1           0  0.12s           2026-05-18T20:12:26
================================================================================
[2026-05-18T20:13:08.966+0000] {manager.py:878} INFO - 
================================================================================
DAG File Processing Stats

File Path                                         PID    Runtime      # DAGs    # Errors  Last Runtime    Last Run
------------------------------------------------  -----  ---------  --------  ----------  --------------  -------------------
/opt/airflow/dags/movie_batch_pipeline_dag.py                              1           0  1.54s           2026-05-18T20:13:03
/opt/airflow/dags/movie_realtime_pipeline_dag.py                           1           0  0.77s           2026-05-18T20:13:04
/opt/airflow/dags/movie_airbyte_sync_dag.py                                1           0  0.12s           2026-05-18T20:12:57
================================================================================
[2026-05-18T20:13:39.233+0000] {manager.py:878} INFO - 
================================================================================
DAG File Processing Stats

File Path                                         PID    Runtime      # DAGs    # Errors  Last Runtime    Last Run
------------------------------------------------  -----  ---------  --------  ----------  --------------  -------------------
/opt/airflow/dags/movie_batch_pipeline_dag.py                              1           0  1.38s           2026-05-18T20:13:35
/opt/airflow/dags/movie_realtime_pipeline_dag.py                           1           0  0.78s           2026-05-18T20:13:34
/opt/airflow/dags/movie_airbyte_sync_dag.py                                1           0  0.12s           2026-05-18T20:13:28
================================================================================
[2026-05-18T20:13:42.244+0000] {manager.py:737} INFO - Searching for files in /opt/airflow/dags
[2026-05-18T20:13:42.273+0000] {manager.py:740} INFO - There are 3 files in /opt/airflow/dags
[2026-05-18T20:14:09.537+0000] {manager.py:878} INFO - 
================================================================================
DAG File Processing Stats

File Path                                         PID    Runtime      # DAGs    # Errors  Last Runtime    Last Run
------------------------------------------------  -----  ---------  --------  ----------  --------------  -------------------
/opt/airflow/dags/movie_batch_pipeline_dag.py                              1           0  1.46s           2026-05-18T20:14:06
/opt/airflow/dags/movie_realtime_pipeline_dag.py                           1           0  0.79s           2026-05-18T20:14:06
/opt/airflow/dags/movie_airbyte_sync_dag.py                                1           0  0.13s           2026-05-18T20:13:58
================================================================================
[2026-05-18T20:14:39.804+0000] {manager.py:878} INFO - 
================================================================================
DAG File Processing Stats

File Path                                         PID    Runtime      # DAGs    # Errors  Last Runtime    Last Run
------------------------------------------------  -----  ---------  --------  ----------  --------------  -------------------
/opt/airflow/dags/movie_batch_pipeline_dag.py                              1           0  1.41s           2026-05-18T20:14:38
/opt/airflow/dags/movie_realtime_pipeline_dag.py                           1           0  0.76s           2026-05-18T20:14:37
/opt/airflow/dags/movie_airbyte_sync_dag.py                                1           0  0.13s           2026-05-18T20:14:28
================================================================================
[2026-05-18T20:15:09.826+0000] {manager.py:878} INFO - 
================================================================================
DAG File Processing Stats

File Path                                           PID  Runtime      # DAGs    # Errors  Last Runtime    Last Run
------------------------------------------------  -----  ---------  --------  ----------  --------------  -------------------
/opt/airflow/dags/movie_batch_pipeline_dag.py      5678  0.76s             1           0  1.41s           2026-05-18T20:14:38
/opt/airflow/dags/movie_realtime_pipeline_dag.py                           1           0  0.83s           2026-05-18T20:15:08
/opt/airflow/dags/movie_airbyte_sync_dag.py                                1           0  0.12s           2026-05-18T20:14:59
================================================================================
[2026-05-18T20:15:39.952+0000] {manager.py:878} INFO - 
================================================================================
DAG File Processing Stats

File Path                                         PID    Runtime      # DAGs    # Errors  Last Runtime    Last Run
------------------------------------------------  -----  ---------  --------  ----------  --------------  -------------------
/opt/airflow/dags/movie_batch_pipeline_dag.py                              1           0  1.39s           2026-05-18T20:15:10
/opt/airflow/dags/movie_realtime_pipeline_dag.py                           1           0  0.73s           2026-05-18T20:15:39
/opt/airflow/dags/movie_airbyte_sync_dag.py                                1           0  0.13s           2026-05-18T20:15:29
================================================================================
[2026-05-18T20:16:10.509+0000] {manager.py:878} INFO - 
================================================================================
DAG File Processing Stats

File Path                                           PID  Runtime      # DAGs    # Errors  Last Runtime    Last Run
------------------------------------------------  -----  ---------  --------  ----------  --------------  -------------------
/opt/airflow/dags/movie_batch_pipeline_dag.py                              1           0  1.42s           2026-05-18T20:15:42
/opt/airflow/dags/movie_realtime_pipeline_dag.py   5734  0.00s             1           0  0.73s           2026-05-18T20:15:39
/opt/airflow/dags/movie_airbyte_sync_dag.py                                1           0  0.12s           2026-05-18T20:15:59
================================================================================
[2026-05-18T20:16:40.748+0000] {manager.py:878} INFO - 
================================================================================
DAG File Processing Stats

File Path                                         PID    Runtime      # DAGs    # Errors  Last Runtime    Last Run
------------------------------------------------  -----  ---------  --------  ----------  --------------  -------------------
/opt/airflow/dags/movie_batch_pipeline_dag.py                              1           0  1.38s           2026-05-18T20:16:13
/opt/airflow/dags/movie_realtime_pipeline_dag.py                           1           0  0.71s           2026-05-18T20:16:11
/opt/airflow/dags/movie_airbyte_sync_dag.py                                1           0  0.13s           2026-05-18T20:16:29
================================================================================
[2026-05-18T20:17:11.024+0000] {manager.py:878} INFO - 
================================================================================
DAG File Processing Stats

File Path                                         PID    Runtime      # DAGs    # Errors  Last Runtime    Last Run
------------------------------------------------  -----  ---------  --------  ----------  --------------  -------------------
/opt/airflow/dags/movie_batch_pipeline_dag.py                              1           0  1.37s           2026-05-18T20:16:45
/opt/airflow/dags/movie_realtime_pipeline_dag.py                           1           0  0.75s           2026-05-18T20:16:42
/opt/airflow/dags/movie_airbyte_sync_dag.py                                1           0  0.12s           2026-05-18T20:17:00
================================================================================
[2026-05-18T20:17:41.273+0000] {manager.py:878} INFO - 
================================================================================
DAG File Processing Stats

File Path                                         PID    Runtime      # DAGs    # Errors  Last Runtime    Last Run
------------------------------------------------  -----  ---------  --------  ----------  --------------  -------------------
/opt/airflow/dags/movie_batch_pipeline_dag.py                              1           0  1.42s           2026-05-18T20:17:17
/opt/airflow/dags/movie_realtime_pipeline_dag.py                           1           0  0.74s           2026-05-18T20:17:13
/opt/airflow/dags/movie_airbyte_sync_dag.py                                1           0  0.13s           2026-05-18T20:17:30
================================================================================
[2026-05-18T20:18:11.500+0000] {manager.py:878} INFO - 
================================================================================
DAG File Processing Stats

File Path                                         PID    Runtime      # DAGs    # Errors  Last Runtime    Last Run
------------------------------------------------  -----  ---------  --------  ----------  --------------  -------------------
/opt/airflow/dags/movie_batch_pipeline_dag.py                              1           0  1.37s           2026-05-18T20:17:49
/opt/airflow/dags/movie_realtime_pipeline_dag.py                           1           0  0.72s           2026-05-18T20:17:45
/opt/airflow/dags/movie_airbyte_sync_dag.py                                1           0  0.12s           2026-05-18T20:18:00
================================================================================
[2026-05-18T20:18:41.771+0000] {manager.py:878} INFO - 
================================================================================
DAG File Processing Stats

File Path                                         PID    Runtime      # DAGs    # Errors  Last Runtime    Last Run
------------------------------------------------  -----  ---------  --------  ----------  --------------  -------------------
/opt/airflow/dags/movie_batch_pipeline_dag.py                              1           0  1.41s           2026-05-18T20:18:21
/opt/airflow/dags/movie_realtime_pipeline_dag.py                           1           0  0.73s           2026-05-18T20:18:16
/opt/airflow/dags/movie_airbyte_sync_dag.py                                1           0  0.13s           2026-05-18T20:18:30
================================================================================
[2026-05-18T20:18:42.774+0000] {manager.py:737} INFO - Searching for files in /opt/airflow/dags
[2026-05-18T20:18:42.800+0000] {manager.py:740} INFO - There are 3 files in /opt/airflow/dags
[2026-05-18T20:19:12.104+0000] {manager.py:878} INFO - 
================================================================================
DAG File Processing Stats

File Path                                         PID    Runtime      # DAGs    # Errors  Last Runtime    Last Run
------------------------------------------------  -----  ---------  --------  ----------  --------------  -------------------
/opt/airflow/dags/movie_batch_pipeline_dag.py                              1           0  1.42s           2026-05-18T20:18:53
/opt/airflow/dags/movie_realtime_pipeline_dag.py                           1           0  0.74s           2026-05-18T20:18:47
/opt/airflow/dags/movie_airbyte_sync_dag.py                                1           0  0.12s           2026-05-18T20:19:01
================================================================================
[2026-05-18T20:19:42.286+0000] {manager.py:878} INFO - 
================================================================================
DAG File Processing Stats

File Path                                         PID    Runtime      # DAGs    # Errors  Last Runtime    Last Run
------------------------------------------------  -----  ---------  --------  ----------  --------------  -------------------
/opt/airflow/dags/movie_batch_pipeline_dag.py                              1           0  1.41s           2026-05-18T20:19:24
/opt/airflow/dags/movie_realtime_pipeline_dag.py                           1           0  0.76s           2026-05-18T20:19:18
/opt/airflow/dags/movie_airbyte_sync_dag.py                                1           0  0.12s           2026-05-18T20:19:31
================================================================================
[2026-05-18T20:20:12.569+0000] {manager.py:878} INFO - 
================================================================================
DAG File Processing Stats

File Path                                         PID    Runtime      # DAGs    # Errors  Last Runtime    Last Run
------------------------------------------------  -----  ---------  --------  ----------  --------------  -------------------
/opt/airflow/dags/movie_batch_pipeline_dag.py                              1           0  1.40s           2026-05-18T20:19:56
/opt/airflow/dags/movie_realtime_pipeline_dag.py                           1           0  0.74s           2026-05-18T20:19:50
/opt/airflow/dags/movie_airbyte_sync_dag.py                                1           0  0.12s           2026-05-18T20:20:01
================================================================================
[2026-05-18T20:20:42.796+0000] {manager.py:878} INFO - 
================================================================================
DAG File Processing Stats

File Path                                         PID    Runtime      # DAGs    # Errors  Last Runtime    Last Run
------------------------------------------------  -----  ---------  --------  ----------  --------------  -------------------
/opt/airflow/dags/movie_batch_pipeline_dag.py                              1           0  1.41s           2026-05-18T20:20:28
/opt/airflow/dags/movie_realtime_pipeline_dag.py                           1           0  0.72s           2026-05-18T20:20:21
/opt/airflow/dags/movie_airbyte_sync_dag.py                                1           0  0.12s           2026-05-18T20:20:31
================================================================================
[2026-05-18T20:21:13.071+0000] {manager.py:878} INFO - 
================================================================================
DAG File Processing Stats

File Path                                         PID    Runtime      # DAGs    # Errors  Last Runtime    Last Run
------------------------------------------------  -----  ---------  --------  ----------  --------------  -------------------
/opt/airflow/dags/movie_batch_pipeline_dag.py                              1           0  1.39s           2026-05-18T20:21:00
/opt/airflow/dags/movie_realtime_pipeline_dag.py                           1           0  0.74s           2026-05-18T20:20:52
/opt/airflow/dags/movie_airbyte_sync_dag.py                                1           0  0.12s           2026-05-18T20:21:02
================================================================================
[2026-05-18T20:21:43.294+0000] {manager.py:878} INFO - 
================================================================================
DAG File Processing Stats

File Path                                         PID    Runtime      # DAGs    # Errors  Last Runtime    Last Run
------------------------------------------------  -----  ---------  --------  ----------  --------------  -------------------
/opt/airflow/dags/movie_batch_pipeline_dag.py                              1           0  1.39s           2026-05-18T20:21:31
/opt/airflow/dags/movie_realtime_pipeline_dag.py                           1           0  0.75s           2026-05-18T20:21:23
/opt/airflow/dags/movie_airbyte_sync_dag.py                                1           0  0.12s           2026-05-18T20:21:32
================================================================================
[2026-05-18T20:22:13.538+0000] {manager.py:878} INFO - 
================================================================================
DAG File Processing Stats

File Path                                         PID    Runtime      # DAGs    # Errors  Last Runtime    Last Run
------------------------------------------------  -----  ---------  --------  ----------  --------------  -------------------
/opt/airflow/dags/movie_batch_pipeline_dag.py                              1           0  1.37s           2026-05-18T20:22:03
/opt/airflow/dags/movie_realtime_pipeline_dag.py                           1           0  0.73s           2026-05-18T20:21:55
/opt/airflow/dags/movie_airbyte_sync_dag.py                                1           0  0.14s           2026-05-18T20:22:02
================================================================================
[2026-05-18T20:22:43.926+0000] {manager.py:878} INFO - 
================================================================================
DAG File Processing Stats

File Path                                         PID    Runtime      # DAGs    # Errors  Last Runtime    Last Run
------------------------------------------------  -----  ---------  --------  ----------  --------------  -------------------
/opt/airflow/dags/movie_batch_pipeline_dag.py                              1           0  1.49s           2026-05-18T20:22:35
/opt/airflow/dags/movie_realtime_pipeline_dag.py                           1           0  0.71s           2026-05-18T20:22:26
/opt/airflow/dags/movie_airbyte_sync_dag.py                                1           0  0.12s           2026-05-18T20:22:32
================================================================================
[2026-05-18T20:23:14.192+0000] {manager.py:878} INFO - 
================================================================================
DAG File Processing Stats

File Path                                         PID    Runtime      # DAGs    # Errors  Last Runtime    Last Run
------------------------------------------------  -----  ---------  --------  ----------  --------------  -------------------
/opt/airflow/dags/movie_batch_pipeline_dag.py                              1           0  1.37s           2026-05-18T20:23:07
/opt/airflow/dags/movie_realtime_pipeline_dag.py                           1           0  0.73s           2026-05-18T20:22:57
/opt/airflow/dags/movie_airbyte_sync_dag.py                                1           0  0.13s           2026-05-18T20:23:03
================================================================================
[2026-05-18T20:23:42.804+0000] {manager.py:737} INFO - Searching for files in /opt/airflow/dags
[2026-05-18T20:23:42.834+0000] {manager.py:740} INFO - There are 3 files in /opt/airflow/dags
[2026-05-18T20:23:44.237+0000] {manager.py:878} INFO - 
================================================================================
DAG File Processing Stats

File Path                                         PID    Runtime      # DAGs    # Errors  Last Runtime    Last Run
------------------------------------------------  -----  ---------  --------  ----------  --------------  -------------------
/opt/airflow/dags/movie_batch_pipeline_dag.py                              1           0  1.56s           2026-05-18T20:23:39
/opt/airflow/dags/movie_realtime_pipeline_dag.py                           1           0  0.75s           2026-05-18T20:23:28
/opt/airflow/dags/movie_airbyte_sync_dag.py                                1           0  0.14s           2026-05-18T20:23:33
================================================================================
[2026-05-18T20:24:14.497+0000] {manager.py:878} INFO - 
================================================================================
DAG File Processing Stats

File Path                                         PID    Runtime      # DAGs    # Errors  Last Runtime    Last Run
------------------------------------------------  -----  ---------  --------  ----------  --------------  -------------------
/opt/airflow/dags/movie_batch_pipeline_dag.py                              1           0  1.38s           2026-05-18T20:24:11
/opt/airflow/dags/movie_realtime_pipeline_dag.py                           1           0  0.73s           2026-05-18T20:23:59
/opt/airflow/dags/movie_airbyte_sync_dag.py                                1           0  0.13s           2026-05-18T20:24:04
================================================================================
[2026-05-18T20:24:44.755+0000] {manager.py:878} INFO - 
================================================================================
DAG File Processing Stats

File Path                                         PID    Runtime      # DAGs    # Errors  Last Runtime    Last Run
------------------------------------------------  -----  ---------  --------  ----------  --------------  -------------------
/opt/airflow/dags/movie_batch_pipeline_dag.py                              1           0  1.42s           2026-05-18T20:24:43
/opt/airflow/dags/movie_realtime_pipeline_dag.py                           1           0  0.72s           2026-05-18T20:24:29
/opt/airflow/dags/movie_airbyte_sync_dag.py                                1           0  0.12s           2026-05-18T20:24:34
================================================================================
[2026-05-18T20:25:14.929+0000] {manager.py:878} INFO - 
================================================================================
DAG File Processing Stats

File Path                                           PID  Runtime      # DAGs    # Errors  Last Runtime    Last Run
------------------------------------------------  -----  ---------  --------  ----------  --------------  -------------------
/opt/airflow/dags/movie_batch_pipeline_dag.py      6230  1.01s             1           0  1.42s           2026-05-18T20:24:43
/opt/airflow/dags/movie_realtime_pipeline_dag.py                           1           0  0.73s           2026-05-18T20:25:00
/opt/airflow/dags/movie_airbyte_sync_dag.py                                1           0  0.12s           2026-05-18T20:25:04
================================================================================
[2026-05-18T20:25:45.472+0000] {manager.py:878} INFO - 
================================================================================
DAG File Processing Stats

File Path                                           PID  Runtime      # DAGs    # Errors  Last Runtime    Last Run
------------------------------------------------  -----  ---------  --------  ----------  --------------  -------------------
/opt/airflow/dags/movie_batch_pipeline_dag.py      6259  0.00s             1           0  1.40s           2026-05-18T20:25:15
/opt/airflow/dags/movie_realtime_pipeline_dag.py                           1           0  0.74s           2026-05-18T20:25:31
/opt/airflow/dags/movie_airbyte_sync_dag.py                                1           0  0.13s           2026-05-18T20:25:35
================================================================================
[2026-05-18T20:26:15.731+0000] {manager.py:878} INFO - 
================================================================================
DAG File Processing Stats

File Path                                         PID    Runtime      # DAGs    # Errors  Last Runtime    Last Run
------------------------------------------------  -----  ---------  --------  ----------  --------------  -------------------
/opt/airflow/dags/movie_batch_pipeline_dag.py                              1           0  1.50s           2026-05-18T20:25:46
/opt/airflow/dags/movie_realtime_pipeline_dag.py                           1           0  0.77s           2026-05-18T20:26:02
/opt/airflow/dags/movie_airbyte_sync_dag.py                                1           0  0.13s           2026-05-18T20:26:05
================================================================================
[2026-05-18T20:26:46.222+0000] {manager.py:878} INFO - 
================================================================================
DAG File Processing Stats

File Path                                         PID    Runtime      # DAGs    # Errors  Last Runtime    Last Run
------------------------------------------------  -----  ---------  --------  ----------  --------------  -------------------
/opt/airflow/dags/movie_batch_pipeline_dag.py                              1           0  1.35s           2026-05-18T20:26:19
/opt/airflow/dags/movie_realtime_pipeline_dag.py                           1           0  0.77s           2026-05-18T20:26:33
/opt/airflow/dags/movie_airbyte_sync_dag.py                                1           0  0.12s           2026-05-18T20:26:36
================================================================================
[2026-05-18T20:27:16.536+0000] {manager.py:878} INFO - 
================================================================================
DAG File Processing Stats

File Path                                         PID    Runtime      # DAGs    # Errors  Last Runtime    Last Run
------------------------------------------------  -----  ---------  --------  ----------  --------------  -------------------
/opt/airflow/dags/movie_batch_pipeline_dag.py                              1           0  1.41s           2026-05-18T20:26:50
/opt/airflow/dags/movie_realtime_pipeline_dag.py                           1           0  0.76s           2026-05-18T20:27:04
/opt/airflow/dags/movie_airbyte_sync_dag.py                                1           0  0.12s           2026-05-18T20:27:06
================================================================================
[2026-05-18T20:27:47.164+0000] {manager.py:878} INFO - 
================================================================================
DAG File Processing Stats

File Path                                         PID    Runtime      # DAGs    # Errors  Last Runtime    Last Run
------------------------------------------------  -----  ---------  --------  ----------  --------------  -------------------
/opt/airflow/dags/movie_batch_pipeline_dag.py                              1           0  1.48s           2026-05-18T20:27:23
/opt/airflow/dags/movie_realtime_pipeline_dag.py                           1           0  0.74s           2026-05-18T20:27:35
/opt/airflow/dags/movie_airbyte_sync_dag.py                                1           0  0.12s           2026-05-18T20:27:37
================================================================================
[2026-05-18T20:28:17.480+0000] {manager.py:878} INFO - 
================================================================================
DAG File Processing Stats

File Path                                         PID    Runtime      # DAGs    # Errors  Last Runtime    Last Run
------------------------------------------------  -----  ---------  --------  ----------  --------------  -------------------
/opt/airflow/dags/movie_batch_pipeline_dag.py                              1           0  1.42s           2026-05-18T20:27:54
/opt/airflow/dags/movie_realtime_pipeline_dag.py                           1           0  0.75s           2026-05-18T20:28:06
/opt/airflow/dags/movie_airbyte_sync_dag.py                                1           0  0.12s           2026-05-18T20:28:07
================================================================================
[2026-05-18T20:28:42.968+0000] {manager.py:737} INFO - Searching for files in /opt/airflow/dags
[2026-05-18T20:28:42.993+0000] {manager.py:740} INFO - There are 3 files in /opt/airflow/dags
[2026-05-18T20:28:48.023+0000] {manager.py:878} INFO - 
================================================================================
DAG File Processing Stats

File Path                                         PID    Runtime      # DAGs    # Errors  Last Runtime    Last Run
------------------------------------------------  -----  ---------  --------  ----------  --------------  -------------------
/opt/airflow/dags/movie_batch_pipeline_dag.py                              1           0  1.36s           2026-05-18T20:28:26
/opt/airflow/dags/movie_realtime_pipeline_dag.py                           1           0  0.74s           2026-05-18T20:28:37
/opt/airflow/dags/movie_airbyte_sync_dag.py                                1           0  0.12s           2026-05-18T20:28:38
================================================================================
[2026-05-18T20:29:18.245+0000] {manager.py:878} INFO - 
================================================================================
DAG File Processing Stats

File Path                                         PID    Runtime      # DAGs    # Errors  Last Runtime    Last Run
------------------------------------------------  -----  ---------  --------  ----------  --------------  -------------------
/opt/airflow/dags/movie_batch_pipeline_dag.py                              1           0  1.39s           2026-05-18T20:28:58
/opt/airflow/dags/movie_realtime_pipeline_dag.py                           1           0  0.82s           2026-05-18T20:29:08
/opt/airflow/dags/movie_airbyte_sync_dag.py                                1           0  0.13s           2026-05-18T20:29:08
================================================================================
[2026-05-18T20:29:48.620+0000] {manager.py:878} INFO - 
================================================================================
DAG File Processing Stats

File Path                                         PID    Runtime      # DAGs    # Errors  Last Runtime    Last Run
------------------------------------------------  -----  ---------  --------  ----------  --------------  -------------------
/opt/airflow/dags/movie_batch_pipeline_dag.py                              1           0  1.42s           2026-05-18T20:29:30
/opt/airflow/dags/movie_realtime_pipeline_dag.py                           1           0  0.73s           2026-05-18T20:29:39
/opt/airflow/dags/movie_airbyte_sync_dag.py                                1           0  0.12s           2026-05-18T20:29:38
================================================================================
[2026-05-18T20:30:18.863+0000] {manager.py:878} INFO - 
================================================================================
DAG File Processing Stats

File Path                                         PID    Runtime      # DAGs    # Errors  Last Runtime    Last Run
------------------------------------------------  -----  ---------  --------  ----------  --------------  -------------------
/opt/airflow/dags/movie_batch_pipeline_dag.py                              1           0  1.37s           2026-05-18T20:30:02
/opt/airflow/dags/movie_realtime_pipeline_dag.py                           1           0  0.76s           2026-05-18T20:30:10
/opt/airflow/dags/movie_airbyte_sync_dag.py                                1           0  0.12s           2026-05-18T20:30:08
================================================================================
[2026-05-18T20:30:49.125+0000] {manager.py:878} INFO - 
================================================================================
DAG File Processing Stats

File Path                                         PID    Runtime      # DAGs    # Errors  Last Runtime    Last Run
------------------------------------------------  -----  ---------  --------  ----------  --------------  -------------------
/opt/airflow/dags/movie_batch_pipeline_dag.py                              1           0  1.37s           2026-05-18T20:30:34
/opt/airflow/dags/movie_realtime_pipeline_dag.py                           1           0  0.71s           2026-05-18T20:30:41
/opt/airflow/dags/movie_airbyte_sync_dag.py                                1           0  0.12s           2026-05-18T20:30:39
================================================================================
[2026-05-18T20:31:19.391+0000] {manager.py:878} INFO - 
================================================================================
DAG File Processing Stats

File Path                                         PID    Runtime      # DAGs    # Errors  Last Runtime    Last Run
------------------------------------------------  -----  ---------  --------  ----------  --------------  -------------------
/opt/airflow/dags/movie_batch_pipeline_dag.py                              1           0  1.42s           2026-05-18T20:31:06
/opt/airflow/dags/movie_realtime_pipeline_dag.py                           1           0  0.76s           2026-05-18T20:31:13
/opt/airflow/dags/movie_airbyte_sync_dag.py                                1           0  0.13s           2026-05-18T20:31:09
================================================================================
[2026-05-18T20:31:49.648+0000] {manager.py:878} INFO - 
================================================================================
DAG File Processing Stats

File Path                                         PID    Runtime      # DAGs    # Errors  Last Runtime    Last Run
------------------------------------------------  -----  ---------  --------  ----------  --------------  -------------------
/opt/airflow/dags/movie_batch_pipeline_dag.py                              1           0  1.39s           2026-05-18T20:31:37
/opt/airflow/dags/movie_realtime_pipeline_dag.py                           1           0  0.76s           2026-05-18T20:31:44
/opt/airflow/dags/movie_airbyte_sync_dag.py                                1           0  0.12s           2026-05-18T20:31:39
================================================================================
[2026-05-18T20:32:19.896+0000] {manager.py:878} INFO - 
================================================================================
DAG File Processing Stats

File Path                                         PID    Runtime      # DAGs    # Errors  Last Runtime    Last Run
------------------------------------------------  -----  ---------  --------  ----------  --------------  -------------------
/opt/airflow/dags/movie_batch_pipeline_dag.py                              1           0  1.38s           2026-05-18T20:32:09
/opt/airflow/dags/movie_realtime_pipeline_dag.py                           1           0  0.75s           2026-05-18T20:32:15
/opt/airflow/dags/movie_airbyte_sync_dag.py                                1           0  0.12s           2026-05-18T20:32:09
================================================================================
[2026-05-18T20:32:49.898+0000] {manager.py:878} INFO - 
================================================================================
DAG File Processing Stats

File Path                                         PID    Runtime      # DAGs    # Errors  Last Runtime    Last Run
------------------------------------------------  -----  ---------  --------  ----------  --------------  -------------------
/opt/airflow/dags/movie_batch_pipeline_dag.py                              1           0  1.39s           2026-05-18T20:32:41
/opt/airflow/dags/movie_realtime_pipeline_dag.py                           1           0  0.73s           2026-05-18T20:32:46
/opt/airflow/dags/movie_airbyte_sync_dag.py                                1           0  0.12s           2026-05-18T20:32:40
================================================================================
[2026-05-18T20:33:20.687+0000] {manager.py:878} INFO - 
================================================================================
DAG File Processing Stats

File Path                                         PID    Runtime      # DAGs    # Errors  Last Runtime    Last Run
------------------------------------------------  -----  ---------  --------  ----------  --------------  -------------------
/opt/airflow/dags/movie_batch_pipeline_dag.py                              1           0  1.43s           2026-05-18T20:33:12
/opt/airflow/dags/movie_realtime_pipeline_dag.py                           1           0  0.74s           2026-05-18T20:33:17
/opt/airflow/dags/movie_airbyte_sync_dag.py                                1           0  0.13s           2026-05-18T20:33:10
================================================================================
[2026-05-18T20:33:43.820+0000] {manager.py:737} INFO - Searching for files in /opt/airflow/dags
[2026-05-18T20:33:43.851+0000] {manager.py:740} INFO - There are 3 files in /opt/airflow/dags
[2026-05-18T20:33:50.725+0000] {manager.py:878} INFO - 
================================================================================
DAG File Processing Stats

File Path                                         PID    Runtime      # DAGs    # Errors  Last Runtime    Last Run
------------------------------------------------  -----  ---------  --------  ----------  --------------  -------------------
/opt/airflow/dags/movie_batch_pipeline_dag.py                              1           0  1.38s           2026-05-18T20:33:45
/opt/airflow/dags/movie_realtime_pipeline_dag.py                           1           0  0.76s           2026-05-18T20:33:48
/opt/airflow/dags/movie_airbyte_sync_dag.py                                1           0  0.12s           2026-05-18T20:33:40
================================================================================
[2026-05-18T20:34:21.538+0000] {manager.py:878} INFO - 
================================================================================
DAG File Processing Stats

File Path                                         PID    Runtime      # DAGs    # Errors  Last Runtime    Last Run
------------------------------------------------  -----  ---------  --------  ----------  --------------  -------------------
/opt/airflow/dags/movie_batch_pipeline_dag.py                              1           0  1.38s           2026-05-18T20:34:16
/opt/airflow/dags/movie_realtime_pipeline_dag.py                           1           0  0.75s           2026-05-18T20:34:19
/opt/airflow/dags/movie_airbyte_sync_dag.py                                1           0  0.12s           2026-05-18T20:34:11
================================================================================
[2026-05-18T20:34:52.090+0000] {manager.py:878} INFO - 
================================================================================
DAG File Processing Stats

File Path                                         PID    Runtime      # DAGs    # Errors  Last Runtime    Last Run
------------------------------------------------  -----  ---------  --------  ----------  --------------  -------------------
/opt/airflow/dags/movie_batch_pipeline_dag.py                              1           0  1.39s           2026-05-18T20:34:49
/opt/airflow/dags/movie_realtime_pipeline_dag.py                           1           0  0.71s           2026-05-18T20:34:50
/opt/airflow/dags/movie_airbyte_sync_dag.py                                1           0  0.12s           2026-05-18T20:34:41
================================================================================
[2026-05-18T20:35:22.294+0000] {manager.py:878} INFO - 
================================================================================
DAG File Processing Stats

File Path                                         PID    Runtime      # DAGs    # Errors  Last Runtime    Last Run
------------------------------------------------  -----  ---------  --------  ----------  --------------  -------------------
/opt/airflow/dags/movie_batch_pipeline_dag.py                              1           0  1.36s           2026-05-18T20:35:20
/opt/airflow/dags/movie_realtime_pipeline_dag.py                           1           0  0.69s           2026-05-18T20:35:21
/opt/airflow/dags/movie_airbyte_sync_dag.py                                1           0  0.12s           2026-05-18T20:35:12
================================================================================
[2026-05-18T20:35:52.562+0000] {manager.py:878} INFO - 
================================================================================
DAG File Processing Stats

File Path                                           PID  Runtime      # DAGs    # Errors  Last Runtime    Last Run
------------------------------------------------  -----  ---------  --------  ----------  --------------  -------------------
/opt/airflow/dags/movie_batch_pipeline_dag.py      6811  1.13s             1           0  1.36s           2026-05-18T20:35:20
/opt/airflow/dags/movie_realtime_pipeline_dag.py                           1           0  0.74s           2026-05-18T20:35:52
/opt/airflow/dags/movie_airbyte_sync_dag.py                                1           0  0.13s           2026-05-18T20:35:42
================================================================================
[2026-05-18T20:36:22.713+0000] {manager.py:878} INFO - 
================================================================================
DAG File Processing Stats

File Path                                           PID  Runtime      # DAGs    # Errors  Last Runtime    Last Run
------------------------------------------------  -----  ---------  --------  ----------  --------------  -------------------
/opt/airflow/dags/movie_batch_pipeline_dag.py                              1           0  1.40s           2026-05-18T20:35:52
/opt/airflow/dags/movie_realtime_pipeline_dag.py   6840  0.00s             1           0  0.74s           2026-05-18T20:35:52
/opt/airflow/dags/movie_airbyte_sync_dag.py                                1           0  0.12s           2026-05-18T20:36:12
================================================================================
[2026-05-18T20:36:52.983+0000] {manager.py:878} INFO - 
================================================================================
DAG File Processing Stats

File Path                                         PID    Runtime      # DAGs    # Errors  Last Runtime    Last Run
------------------------------------------------  -----  ---------  --------  ----------  --------------  -------------------
/opt/airflow/dags/movie_batch_pipeline_dag.py                              1           0  1.41s           2026-05-18T20:36:24
/opt/airflow/dags/movie_realtime_pipeline_dag.py                           1           0  0.74s           2026-05-18T20:36:23
/opt/airflow/dags/movie_airbyte_sync_dag.py                                1           0  0.13s           2026-05-18T20:36:43
================================================================================
[2026-05-18T20:37:23.244+0000] {manager.py:878} INFO - 
================================================================================
DAG File Processing Stats

File Path                                         PID    Runtime      # DAGs    # Errors  Last Runtime    Last Run
------------------------------------------------  -----  ---------  --------  ----------  --------------  -------------------
/opt/airflow/dags/movie_batch_pipeline_dag.py                              1           0  1.32s           2026-05-18T20:36:56
/opt/airflow/dags/movie_realtime_pipeline_dag.py                           1           0  0.75s           2026-05-18T20:36:54
/opt/airflow/dags/movie_airbyte_sync_dag.py                                1           0  0.12s           2026-05-18T20:37:13
================================================================================
[2026-05-18T20:37:53.449+0000] {manager.py:878} INFO - 
================================================================================
DAG File Processing Stats

File Path                                         PID    Runtime      # DAGs    # Errors  Last Runtime    Last Run
------------------------------------------------  -----  ---------  --------  ----------  --------------  -------------------
/opt/airflow/dags/movie_batch_pipeline_dag.py                              1           0  1.32s           2026-05-18T20:37:28
/opt/airflow/dags/movie_realtime_pipeline_dag.py                           1           0  0.74s           2026-05-18T20:37:25
/opt/airflow/dags/movie_airbyte_sync_dag.py                                1           0  0.12s           2026-05-18T20:37:43
================================================================================
[2026-05-18T20:38:23.719+0000] {manager.py:878} INFO - 
================================================================================
DAG File Processing Stats

File Path                                         PID    Runtime      # DAGs    # Errors  Last Runtime    Last Run
------------------------------------------------  -----  ---------  --------  ----------  --------------  -------------------
/opt/airflow/dags/movie_batch_pipeline_dag.py                              1           0  1.34s           2026-05-18T20:37:59
/opt/airflow/dags/movie_realtime_pipeline_dag.py                           1           0  0.72s           2026-05-18T20:37:57
/opt/airflow/dags/movie_airbyte_sync_dag.py                                1           0  0.13s           2026-05-18T20:38:13
================================================================================
[2026-05-18T20:38:43.937+0000] {manager.py:737} INFO - Searching for files in /opt/airflow/dags
[2026-05-18T20:38:43.965+0000] {manager.py:740} INFO - There are 3 files in /opt/airflow/dags
[2026-05-18T20:38:54.036+0000] {manager.py:878} INFO - 
================================================================================
DAG File Processing Stats

File Path                                         PID    Runtime      # DAGs    # Errors  Last Runtime    Last Run
------------------------------------------------  -----  ---------  --------  ----------  --------------  -------------------
/opt/airflow/dags/movie_batch_pipeline_dag.py                              1           0  1.39s           2026-05-18T20:38:31
/opt/airflow/dags/movie_realtime_pipeline_dag.py                           1           0  0.73s           2026-05-18T20:38:28
/opt/airflow/dags/movie_airbyte_sync_dag.py                                1           0  0.13s           2026-05-18T20:38:44
================================================================================
[2026-05-18T20:39:24.312+0000] {manager.py:878} INFO - 
================================================================================
DAG File Processing Stats

File Path                                         PID    Runtime      # DAGs    # Errors  Last Runtime    Last Run
------------------------------------------------  -----  ---------  --------  ----------  --------------  -------------------
/opt/airflow/dags/movie_batch_pipeline_dag.py                              1           0  1.38s           2026-05-18T20:39:03
/opt/airflow/dags/movie_realtime_pipeline_dag.py                           1           0  0.73s           2026-05-18T20:38:59
/opt/airflow/dags/movie_airbyte_sync_dag.py                                1           0  0.12s           2026-05-18T20:39:14
================================================================================
[2026-05-18T20:39:54.569+0000] {manager.py:878} INFO - 
================================================================================
DAG File Processing Stats

File Path                                         PID    Runtime      # DAGs    # Errors  Last Runtime    Last Run
------------------------------------------------  -----  ---------  --------  ----------  --------------  -------------------
/opt/airflow/dags/movie_batch_pipeline_dag.py                              1           0  1.38s           2026-05-18T20:39:35
/opt/airflow/dags/movie_realtime_pipeline_dag.py                           1           0  0.74s           2026-05-18T20:39:31
/opt/airflow/dags/movie_airbyte_sync_dag.py                                1           0  0.11s           2026-05-18T20:39:44
================================================================================
[2026-05-18T20:40:24.813+0000] {manager.py:878} INFO - 
================================================================================
DAG File Processing Stats

File Path                                         PID    Runtime      # DAGs    # Errors  Last Runtime    Last Run
------------------------------------------------  -----  ---------  --------  ----------  --------------  -------------------
/opt/airflow/dags/movie_batch_pipeline_dag.py                              1           0  1.38s           2026-05-18T20:40:07
/opt/airflow/dags/movie_realtime_pipeline_dag.py                           1           0  0.71s           2026-05-18T20:40:02
/opt/airflow/dags/movie_airbyte_sync_dag.py                                1           0  0.12s           2026-05-18T20:40:14
================================================================================
[2026-05-18T20:40:55.107+0000] {manager.py:878} INFO - 
================================================================================
DAG File Processing Stats

File Path                                         PID    Runtime      # DAGs    # Errors  Last Runtime    Last Run
------------------------------------------------  -----  ---------  --------  ----------  --------------  -------------------
/opt/airflow/dags/movie_batch_pipeline_dag.py                              1           0  1.41s           2026-05-18T20:40:39
/opt/airflow/dags/movie_realtime_pipeline_dag.py                           1           0  0.74s           2026-05-18T20:40:33
/opt/airflow/dags/movie_airbyte_sync_dag.py                                1           0  0.12s           2026-05-18T20:40:45
================================================================================
[2026-05-18T20:41:25.330+0000] {manager.py:878} INFO - 
================================================================================
DAG File Processing Stats

File Path                                         PID    Runtime      # DAGs    # Errors  Last Runtime    Last Run
------------------------------------------------  -----  ---------  --------  ----------  --------------  -------------------
/opt/airflow/dags/movie_batch_pipeline_dag.py                              1           0  1.53s           2026-05-18T20:41:10
/opt/airflow/dags/movie_realtime_pipeline_dag.py                           1           0  0.80s           2026-05-18T20:41:04
/opt/airflow/dags/movie_airbyte_sync_dag.py                                1           0  0.13s           2026-05-18T20:41:15
================================================================================
[2026-05-18T20:41:55.629+0000] {manager.py:878} INFO - 
================================================================================
DAG File Processing Stats

File Path                                         PID    Runtime      # DAGs    # Errors  Last Runtime    Last Run
------------------------------------------------  -----  ---------  --------  ----------  --------------  -------------------
/opt/airflow/dags/movie_batch_pipeline_dag.py                              1           0  1.38s           2026-05-18T20:41:42
/opt/airflow/dags/movie_realtime_pipeline_dag.py                           1           0  0.77s           2026-05-18T20:41:36
/opt/airflow/dags/movie_airbyte_sync_dag.py                                1           0  0.12s           2026-05-18T20:41:45
================================================================================
[2026-05-18T20:42:25.859+0000] {manager.py:878} INFO - 
================================================================================
DAG File Processing Stats

File Path                                         PID    Runtime      # DAGs    # Errors  Last Runtime    Last Run
------------------------------------------------  -----  ---------  --------  ----------  --------------  -------------------
/opt/airflow/dags/movie_batch_pipeline_dag.py                              1           0  1.47s           2026-05-18T20:42:14
/opt/airflow/dags/movie_realtime_pipeline_dag.py                           1           0  0.77s           2026-05-18T20:42:07
/opt/airflow/dags/movie_airbyte_sync_dag.py                                1           0  0.12s           2026-05-18T20:42:15
================================================================================
[2026-05-18T20:42:56.145+0000] {manager.py:878} INFO - 
================================================================================
DAG File Processing Stats

File Path                                         PID    Runtime      # DAGs    # Errors  Last Runtime    Last Run
------------------------------------------------  -----  ---------  --------  ----------  --------------  -------------------
/opt/airflow/dags/movie_batch_pipeline_dag.py                              1           0  1.39s           2026-05-18T20:42:46
/opt/airflow/dags/movie_realtime_pipeline_dag.py                           1           0  0.75s           2026-05-18T20:42:38
/opt/airflow/dags/movie_airbyte_sync_dag.py                                1           0  0.11s           2026-05-18T20:42:46
================================================================================
[2026-05-18T20:43:26.465+0000] {manager.py:878} INFO - 
================================================================================
DAG File Processing Stats

File Path                                         PID    Runtime      # DAGs    # Errors  Last Runtime    Last Run
------------------------------------------------  -----  ---------  --------  ----------  --------------  -------------------
/opt/airflow/dags/movie_batch_pipeline_dag.py                              1           0  1.36s           2026-05-18T20:43:17
/opt/airflow/dags/movie_realtime_pipeline_dag.py                           1           0  0.71s           2026-05-18T20:43:09
/opt/airflow/dags/movie_airbyte_sync_dag.py                                1           0  0.12s           2026-05-18T20:43:16
================================================================================
[2026-05-18T20:43:44.336+0000] {manager.py:737} INFO - Searching for files in /opt/airflow/dags
[2026-05-18T20:43:44.362+0000] {manager.py:740} INFO - There are 3 files in /opt/airflow/dags
[2026-05-18T20:43:56.954+0000] {manager.py:878} INFO - 
================================================================================
DAG File Processing Stats

File Path                                         PID    Runtime      # DAGs    # Errors  Last Runtime    Last Run
------------------------------------------------  -----  ---------  --------  ----------  --------------  -------------------
/opt/airflow/dags/movie_batch_pipeline_dag.py                              1           0  1.45s           2026-05-18T20:43:49
/opt/airflow/dags/movie_realtime_pipeline_dag.py                           1           0  0.79s           2026-05-18T20:43:41
/opt/airflow/dags/movie_airbyte_sync_dag.py                                1           0  0.12s           2026-05-18T20:43:46
================================================================================
[2026-05-18T20:44:27.212+0000] {manager.py:878} INFO - 
================================================================================
DAG File Processing Stats

File Path                                         PID    Runtime      # DAGs    # Errors  Last Runtime    Last Run
------------------------------------------------  -----  ---------  --------  ----------  --------------  -------------------
/opt/airflow/dags/movie_batch_pipeline_dag.py                              1           0  1.37s           2026-05-18T20:44:21
/opt/airflow/dags/movie_realtime_pipeline_dag.py                           1           0  0.75s           2026-05-18T20:44:12
/opt/airflow/dags/movie_airbyte_sync_dag.py                                1           0  0.12s           2026-05-18T20:44:17
================================================================================
[2026-05-18T20:44:57.822+0000] {manager.py:878} INFO - 
================================================================================
DAG File Processing Stats

File Path                                         PID    Runtime      # DAGs    # Errors  Last Runtime    Last Run
------------------------------------------------  -----  ---------  --------  ----------  --------------  -------------------
/opt/airflow/dags/movie_batch_pipeline_dag.py                              1           0  1.41s           2026-05-18T20:44:53
/opt/airflow/dags/movie_realtime_pipeline_dag.py                           1           0  0.78s           2026-05-18T20:44:43
/opt/airflow/dags/movie_airbyte_sync_dag.py                                1           0  0.14s           2026-05-18T20:44:47
================================================================================
[2026-05-18T20:45:28.109+0000] {manager.py:878} INFO - 
================================================================================
DAG File Processing Stats

File Path                                         PID    Runtime      # DAGs    # Errors  Last Runtime    Last Run
------------------------------------------------  -----  ---------  --------  ----------  --------------  -------------------
/opt/airflow/dags/movie_batch_pipeline_dag.py                              1           0  1.38s           2026-05-18T20:45:24
/opt/airflow/dags/movie_realtime_pipeline_dag.py                           1           0  0.81s           2026-05-18T20:45:13
/opt/airflow/dags/movie_airbyte_sync_dag.py                                1           0  0.13s           2026-05-18T20:45:18
================================================================================
[2026-05-18T20:45:58.751+0000] {manager.py:878} INFO - 
================================================================================
DAG File Processing Stats

File Path                                         PID    Runtime      # DAGs    # Errors  Last Runtime    Last Run
------------------------------------------------  -----  ---------  --------  ----------  --------------  -------------------
/opt/airflow/dags/movie_batch_pipeline_dag.py                              1           0  1.46s           2026-05-18T20:45:56
/opt/airflow/dags/movie_realtime_pipeline_dag.py                           1           0  0.72s           2026-05-18T20:45:44
/opt/airflow/dags/movie_airbyte_sync_dag.py                                1           0  0.13s           2026-05-18T20:45:48
================================================================================
[2026-05-18T20:46:29.011+0000] {manager.py:878} INFO - 
================================================================================
DAG File Processing Stats

File Path                                         PID    Runtime      # DAGs    # Errors  Last Runtime    Last Run
------------------------------------------------  -----  ---------  --------  ----------  --------------  -------------------
/opt/airflow/dags/movie_batch_pipeline_dag.py                              1           0  1.47s           2026-05-18T20:46:28
/opt/airflow/dags/movie_realtime_pipeline_dag.py                           1           0  0.73s           2026-05-18T20:46:15
/opt/airflow/dags/movie_airbyte_sync_dag.py                                1           0  0.12s           2026-05-18T20:46:18
================================================================================
[2026-05-18T20:46:59.579+0000] {manager.py:878} INFO - 
================================================================================
DAG File Processing Stats

File Path                                           PID  Runtime      # DAGs    # Errors  Last Runtime    Last Run
------------------------------------------------  -----  ---------  --------  ----------  --------------  -------------------
/opt/airflow/dags/movie_batch_pipeline_dag.py      7423  1.01s             1           0  1.47s           2026-05-18T20:46:28
/opt/airflow/dags/movie_realtime_pipeline_dag.py                           1           0  0.74s           2026-05-18T20:46:46
/opt/airflow/dags/movie_airbyte_sync_dag.py                                1           0  0.13s           2026-05-18T20:46:49
================================================================================
[2026-05-18T20:47:29.880+0000] {manager.py:878} INFO - 
================================================================================
DAG File Processing Stats

File Path                                         PID    Runtime      # DAGs    # Errors  Last Runtime    Last Run
------------------------------------------------  -----  ---------  --------  ----------  --------------  -------------------
/opt/airflow/dags/movie_batch_pipeline_dag.py                              1           0  1.40s           2026-05-18T20:46:59
/opt/airflow/dags/movie_realtime_pipeline_dag.py                           1           0  0.78s           2026-05-18T20:47:17
/opt/airflow/dags/movie_airbyte_sync_dag.py                                1           0  0.12s           2026-05-18T20:47:19
================================================================================
