[2026-05-05T08:29:22.169+0000] {processor.py:161} INFO - Started process (PID=30) to work on /opt/airflow/dags/movie_batch_pipeline_dag.py
[2026-05-05T08:29:22.171+0000] {processor.py:830} INFO - Processing file /opt/airflow/dags/movie_batch_pipeline_dag.py for tasks to queue
[2026-05-05T08:29:22.175+0000] {logging_mixin.py:188} INFO - [2026-05-05T08:29:22.175+0000] {dagbag.py:545} INFO - Filling up the DagBag from /opt/airflow/dags/movie_batch_pipeline_dag.py
[2026-05-05T08:29:22.262+0000] {processor.py:840} INFO - DAG(s) 'movie_batch_pipeline_dag' retrieved from /opt/airflow/dags/movie_batch_pipeline_dag.py
[2026-05-05T08:29:22.284+0000] {logging_mixin.py:188} INFO - [2026-05-05T08:29:22.284+0000] {dag.py:3096} INFO - Sync 1 DAGs
[2026-05-05T08:29:22.308+0000] {logging_mixin.py:188} INFO - [2026-05-05T08:29:22.308+0000] {dag.py:3954} INFO - Setting next_dagrun for movie_batch_pipeline_dag to 2026-05-04 00:00:00+00:00, run_after=2026-05-05 00:00:00+00:00
[2026-05-05T08:29:22.333+0000] {processor.py:183} INFO - Processing /opt/airflow/dags/movie_batch_pipeline_dag.py took 0.169 seconds
[2026-05-05T08:29:52.391+0000] {processor.py:161} INFO - Started process (PID=45) to work on /opt/airflow/dags/movie_batch_pipeline_dag.py
[2026-05-05T08:29:52.392+0000] {processor.py:830} INFO - Processing file /opt/airflow/dags/movie_batch_pipeline_dag.py for tasks to queue
[2026-05-05T08:29:52.395+0000] {logging_mixin.py:188} INFO - [2026-05-05T08:29:52.394+0000] {dagbag.py:545} INFO - Filling up the DagBag from /opt/airflow/dags/movie_batch_pipeline_dag.py
[2026-05-05T08:29:52.463+0000] {processor.py:840} INFO - DAG(s) 'movie_batch_pipeline_dag' retrieved from /opt/airflow/dags/movie_batch_pipeline_dag.py
[2026-05-05T08:29:52.807+0000] {logging_mixin.py:188} INFO - [2026-05-05T08:29:52.807+0000] {dag.py:3096} INFO - Sync 1 DAGs
[2026-05-05T08:29:52.823+0000] {logging_mixin.py:188} INFO - [2026-05-05T08:29:52.822+0000] {dag.py:3954} INFO - Setting next_dagrun for movie_batch_pipeline_dag to 2026-05-05 00:00:00+00:00, run_after=2026-05-06 00:00:00+00:00
[2026-05-05T08:29:52.845+0000] {processor.py:183} INFO - Processing /opt/airflow/dags/movie_batch_pipeline_dag.py took 0.461 seconds
[2026-05-05T08:30:23.047+0000] {processor.py:161} INFO - Started process (PID=54) to work on /opt/airflow/dags/movie_batch_pipeline_dag.py
[2026-05-05T08:30:23.048+0000] {processor.py:830} INFO - Processing file /opt/airflow/dags/movie_batch_pipeline_dag.py for tasks to queue
[2026-05-05T08:30:23.050+0000] {logging_mixin.py:188} INFO - [2026-05-05T08:30:23.049+0000] {dagbag.py:545} INFO - Filling up the DagBag from /opt/airflow/dags/movie_batch_pipeline_dag.py
[2026-05-05T08:30:23.108+0000] {processor.py:840} INFO - DAG(s) 'movie_batch_pipeline_dag' retrieved from /opt/airflow/dags/movie_batch_pipeline_dag.py
[2026-05-05T08:30:23.133+0000] {logging_mixin.py:188} INFO - [2026-05-05T08:30:23.133+0000] {dag.py:3096} INFO - Sync 1 DAGs
[2026-05-05T08:30:23.338+0000] {logging_mixin.py:188} INFO - [2026-05-05T08:30:23.338+0000] {dag.py:3954} INFO - Setting next_dagrun for movie_batch_pipeline_dag to 2026-05-05 00:00:00+00:00, run_after=2026-05-06 00:00:00+00:00
[2026-05-05T08:30:23.361+0000] {processor.py:183} INFO - Processing /opt/airflow/dags/movie_batch_pipeline_dag.py took 0.320 seconds
[2026-05-05T08:30:53.622+0000] {processor.py:161} INFO - Started process (PID=55) to work on /opt/airflow/dags/movie_batch_pipeline_dag.py
[2026-05-05T08:30:53.623+0000] {processor.py:830} INFO - Processing file /opt/airflow/dags/movie_batch_pipeline_dag.py for tasks to queue
[2026-05-05T08:30:53.625+0000] {logging_mixin.py:188} INFO - [2026-05-05T08:30:53.625+0000] {dagbag.py:545} INFO - Filling up the DagBag from /opt/airflow/dags/movie_batch_pipeline_dag.py
[2026-05-05T08:30:53.690+0000] {processor.py:840} INFO - DAG(s) 'movie_batch_pipeline_dag' retrieved from /opt/airflow/dags/movie_batch_pipeline_dag.py
[2026-05-05T08:30:53.846+0000] {logging_mixin.py:188} INFO - [2026-05-05T08:30:53.846+0000] {dag.py:3096} INFO - Sync 1 DAGs
[2026-05-05T08:30:53.863+0000] {logging_mixin.py:188} INFO - [2026-05-05T08:30:53.863+0000] {dag.py:3954} INFO - Setting next_dagrun for movie_batch_pipeline_dag to 2026-05-05 00:00:00+00:00, run_after=2026-05-06 00:00:00+00:00
[2026-05-05T08:30:53.883+0000] {processor.py:183} INFO - Processing /opt/airflow/dags/movie_batch_pipeline_dag.py took 0.267 seconds
[2026-05-05T08:31:24.082+0000] {processor.py:161} INFO - Started process (PID=56) to work on /opt/airflow/dags/movie_batch_pipeline_dag.py
[2026-05-05T08:31:24.083+0000] {processor.py:830} INFO - Processing file /opt/airflow/dags/movie_batch_pipeline_dag.py for tasks to queue
[2026-05-05T08:31:24.086+0000] {logging_mixin.py:188} INFO - [2026-05-05T08:31:24.085+0000] {dagbag.py:545} INFO - Filling up the DagBag from /opt/airflow/dags/movie_batch_pipeline_dag.py
[2026-05-05T08:31:24.274+0000] {processor.py:840} INFO - DAG(s) 'movie_batch_pipeline_dag' retrieved from /opt/airflow/dags/movie_batch_pipeline_dag.py
[2026-05-05T08:31:24.295+0000] {logging_mixin.py:188} INFO - [2026-05-05T08:31:24.295+0000] {dag.py:3096} INFO - Sync 1 DAGs
[2026-05-05T08:31:24.312+0000] {logging_mixin.py:188} INFO - [2026-05-05T08:31:24.312+0000] {dag.py:3954} INFO - Setting next_dagrun for movie_batch_pipeline_dag to 2026-05-05 00:00:00+00:00, run_after=2026-05-06 00:00:00+00:00
[2026-05-05T08:31:24.340+0000] {processor.py:183} INFO - Processing /opt/airflow/dags/movie_batch_pipeline_dag.py took 0.265 seconds
[2026-05-05T08:31:54.406+0000] {processor.py:161} INFO - Started process (PID=57) to work on /opt/airflow/dags/movie_batch_pipeline_dag.py
[2026-05-05T08:31:54.407+0000] {processor.py:830} INFO - Processing file /opt/airflow/dags/movie_batch_pipeline_dag.py for tasks to queue
[2026-05-05T08:31:54.409+0000] {logging_mixin.py:188} INFO - [2026-05-05T08:31:54.409+0000] {dagbag.py:545} INFO - Filling up the DagBag from /opt/airflow/dags/movie_batch_pipeline_dag.py
[2026-05-05T08:31:54.468+0000] {processor.py:840} INFO - DAG(s) 'movie_batch_pipeline_dag' retrieved from /opt/airflow/dags/movie_batch_pipeline_dag.py
[2026-05-05T08:31:54.497+0000] {logging_mixin.py:188} INFO - [2026-05-05T08:31:54.497+0000] {dag.py:3096} INFO - Sync 1 DAGs
[2026-05-05T08:31:54.519+0000] {logging_mixin.py:188} INFO - [2026-05-05T08:31:54.519+0000] {dag.py:3954} INFO - Setting next_dagrun for movie_batch_pipeline_dag to 2026-05-05 00:00:00+00:00, run_after=2026-05-06 00:00:00+00:00
[2026-05-05T08:31:54.553+0000] {processor.py:183} INFO - Processing /opt/airflow/dags/movie_batch_pipeline_dag.py took 0.152 seconds
[2026-05-05T08:32:24.759+0000] {processor.py:161} INFO - Started process (PID=58) to work on /opt/airflow/dags/movie_batch_pipeline_dag.py
[2026-05-05T08:32:24.760+0000] {processor.py:830} INFO - Processing file /opt/airflow/dags/movie_batch_pipeline_dag.py for tasks to queue
[2026-05-05T08:32:24.762+0000] {logging_mixin.py:188} INFO - [2026-05-05T08:32:24.761+0000] {dagbag.py:545} INFO - Filling up the DagBag from /opt/airflow/dags/movie_batch_pipeline_dag.py
[2026-05-05T08:32:24.828+0000] {processor.py:840} INFO - DAG(s) 'movie_batch_pipeline_dag' retrieved from /opt/airflow/dags/movie_batch_pipeline_dag.py
[2026-05-05T08:32:24.856+0000] {logging_mixin.py:188} INFO - [2026-05-05T08:32:24.856+0000] {dag.py:3096} INFO - Sync 1 DAGs
[2026-05-05T08:32:24.881+0000] {logging_mixin.py:188} INFO - [2026-05-05T08:32:24.881+0000] {dag.py:3954} INFO - Setting next_dagrun for movie_batch_pipeline_dag to 2026-05-05 00:00:00+00:00, run_after=2026-05-06 00:00:00+00:00
[2026-05-05T08:32:24.905+0000] {processor.py:183} INFO - Processing /opt/airflow/dags/movie_batch_pipeline_dag.py took 0.153 seconds
[2026-05-05T08:32:54.974+0000] {processor.py:161} INFO - Started process (PID=59) to work on /opt/airflow/dags/movie_batch_pipeline_dag.py
[2026-05-05T08:32:54.975+0000] {processor.py:830} INFO - Processing file /opt/airflow/dags/movie_batch_pipeline_dag.py for tasks to queue
[2026-05-05T08:32:54.977+0000] {logging_mixin.py:188} INFO - [2026-05-05T08:32:54.977+0000] {dagbag.py:545} INFO - Filling up the DagBag from /opt/airflow/dags/movie_batch_pipeline_dag.py
[2026-05-05T08:32:55.042+0000] {processor.py:840} INFO - DAG(s) 'movie_batch_pipeline_dag' retrieved from /opt/airflow/dags/movie_batch_pipeline_dag.py
[2026-05-05T08:32:55.070+0000] {logging_mixin.py:188} INFO - [2026-05-05T08:32:55.069+0000] {dag.py:3096} INFO - Sync 1 DAGs
[2026-05-05T08:32:55.095+0000] {logging_mixin.py:188} INFO - [2026-05-05T08:32:55.095+0000] {dag.py:3954} INFO - Setting next_dagrun for movie_batch_pipeline_dag to 2026-05-05 00:00:00+00:00, run_after=2026-05-06 00:00:00+00:00
[2026-05-05T08:32:55.128+0000] {processor.py:183} INFO - Processing /opt/airflow/dags/movie_batch_pipeline_dag.py took 0.161 seconds
[2026-05-05T08:33:25.304+0000] {processor.py:161} INFO - Started process (PID=60) to work on /opt/airflow/dags/movie_batch_pipeline_dag.py
[2026-05-05T08:33:25.306+0000] {processor.py:830} INFO - Processing file /opt/airflow/dags/movie_batch_pipeline_dag.py for tasks to queue
[2026-05-05T08:33:25.310+0000] {logging_mixin.py:188} INFO - [2026-05-05T08:33:25.310+0000] {dagbag.py:545} INFO - Filling up the DagBag from /opt/airflow/dags/movie_batch_pipeline_dag.py
[2026-05-05T08:33:25.410+0000] {processor.py:840} INFO - DAG(s) 'movie_batch_pipeline_dag' retrieved from /opt/airflow/dags/movie_batch_pipeline_dag.py
[2026-05-05T08:33:25.444+0000] {logging_mixin.py:188} INFO - [2026-05-05T08:33:25.443+0000] {dag.py:3096} INFO - Sync 1 DAGs
[2026-05-05T08:33:25.473+0000] {logging_mixin.py:188} INFO - [2026-05-05T08:33:25.472+0000] {dag.py:3954} INFO - Setting next_dagrun for movie_batch_pipeline_dag to 2026-05-05 00:00:00+00:00, run_after=2026-05-06 00:00:00+00:00
[2026-05-05T08:33:25.494+0000] {processor.py:183} INFO - Processing /opt/airflow/dags/movie_batch_pipeline_dag.py took 0.208 seconds
[2026-05-05T08:33:55.593+0000] {processor.py:161} INFO - Started process (PID=61) to work on /opt/airflow/dags/movie_batch_pipeline_dag.py
[2026-05-05T08:33:55.595+0000] {processor.py:830} INFO - Processing file /opt/airflow/dags/movie_batch_pipeline_dag.py for tasks to queue
[2026-05-05T08:33:55.598+0000] {logging_mixin.py:188} INFO - [2026-05-05T08:33:55.598+0000] {dagbag.py:545} INFO - Filling up the DagBag from /opt/airflow/dags/movie_batch_pipeline_dag.py
[2026-05-05T08:33:55.663+0000] {processor.py:840} INFO - DAG(s) 'movie_batch_pipeline_dag' retrieved from /opt/airflow/dags/movie_batch_pipeline_dag.py
[2026-05-05T08:33:55.691+0000] {logging_mixin.py:188} INFO - [2026-05-05T08:33:55.691+0000] {dag.py:3096} INFO - Sync 1 DAGs
[2026-05-05T08:33:55.718+0000] {logging_mixin.py:188} INFO - [2026-05-05T08:33:55.718+0000] {dag.py:3954} INFO - Setting next_dagrun for movie_batch_pipeline_dag to 2026-05-05 00:00:00+00:00, run_after=2026-05-06 00:00:00+00:00
[2026-05-05T08:33:55.743+0000] {processor.py:183} INFO - Processing /opt/airflow/dags/movie_batch_pipeline_dag.py took 0.155 seconds
[2026-05-05T08:34:25.939+0000] {processor.py:161} INFO - Started process (PID=62) to work on /opt/airflow/dags/movie_batch_pipeline_dag.py
[2026-05-05T08:34:25.941+0000] {processor.py:830} INFO - Processing file /opt/airflow/dags/movie_batch_pipeline_dag.py for tasks to queue
[2026-05-05T08:34:25.944+0000] {logging_mixin.py:188} INFO - [2026-05-05T08:34:25.944+0000] {dagbag.py:545} INFO - Filling up the DagBag from /opt/airflow/dags/movie_batch_pipeline_dag.py
[2026-05-05T08:34:26.032+0000] {processor.py:840} INFO - DAG(s) 'movie_batch_pipeline_dag' retrieved from /opt/airflow/dags/movie_batch_pipeline_dag.py
[2026-05-05T08:34:26.067+0000] {logging_mixin.py:188} INFO - [2026-05-05T08:34:26.066+0000] {dag.py:3096} INFO - Sync 1 DAGs
[2026-05-05T08:34:26.095+0000] {logging_mixin.py:188} INFO - [2026-05-05T08:34:26.094+0000] {dag.py:3954} INFO - Setting next_dagrun for movie_batch_pipeline_dag to 2026-05-05 00:00:00+00:00, run_after=2026-05-06 00:00:00+00:00
[2026-05-05T08:34:26.121+0000] {processor.py:183} INFO - Processing /opt/airflow/dags/movie_batch_pipeline_dag.py took 0.191 seconds
[2026-05-05T08:34:56.175+0000] {processor.py:161} INFO - Started process (PID=63) to work on /opt/airflow/dags/movie_batch_pipeline_dag.py
[2026-05-05T08:34:56.177+0000] {processor.py:830} INFO - Processing file /opt/airflow/dags/movie_batch_pipeline_dag.py for tasks to queue
[2026-05-05T08:34:56.180+0000] {logging_mixin.py:188} INFO - [2026-05-05T08:34:56.179+0000] {dagbag.py:545} INFO - Filling up the DagBag from /opt/airflow/dags/movie_batch_pipeline_dag.py
[2026-05-05T08:34:56.260+0000] {processor.py:840} INFO - DAG(s) 'movie_batch_pipeline_dag' retrieved from /opt/airflow/dags/movie_batch_pipeline_dag.py
[2026-05-05T08:34:56.287+0000] {logging_mixin.py:188} INFO - [2026-05-05T08:34:56.287+0000] {dag.py:3096} INFO - Sync 1 DAGs
[2026-05-05T08:34:56.309+0000] {logging_mixin.py:188} INFO - [2026-05-05T08:34:56.309+0000] {dag.py:3954} INFO - Setting next_dagrun for movie_batch_pipeline_dag to 2026-05-05 00:00:00+00:00, run_after=2026-05-06 00:00:00+00:00
[2026-05-05T08:34:56.336+0000] {processor.py:183} INFO - Processing /opt/airflow/dags/movie_batch_pipeline_dag.py took 0.168 seconds
[2026-05-05T08:35:26.526+0000] {processor.py:161} INFO - Started process (PID=64) to work on /opt/airflow/dags/movie_batch_pipeline_dag.py
[2026-05-05T08:35:26.527+0000] {processor.py:830} INFO - Processing file /opt/airflow/dags/movie_batch_pipeline_dag.py for tasks to queue
[2026-05-05T08:35:26.530+0000] {logging_mixin.py:188} INFO - [2026-05-05T08:35:26.529+0000] {dagbag.py:545} INFO - Filling up the DagBag from /opt/airflow/dags/movie_batch_pipeline_dag.py
[2026-05-05T08:35:26.599+0000] {processor.py:840} INFO - DAG(s) 'movie_batch_pipeline_dag' retrieved from /opt/airflow/dags/movie_batch_pipeline_dag.py
[2026-05-05T08:35:26.626+0000] {logging_mixin.py:188} INFO - [2026-05-05T08:35:26.626+0000] {dag.py:3096} INFO - Sync 1 DAGs
[2026-05-05T08:35:26.648+0000] {logging_mixin.py:188} INFO - [2026-05-05T08:35:26.648+0000] {dag.py:3954} INFO - Setting next_dagrun for movie_batch_pipeline_dag to 2026-05-05 00:00:00+00:00, run_after=2026-05-06 00:00:00+00:00
[2026-05-05T08:35:26.671+0000] {processor.py:183} INFO - Processing /opt/airflow/dags/movie_batch_pipeline_dag.py took 0.152 seconds
[2026-05-05T08:35:56.744+0000] {processor.py:161} INFO - Started process (PID=65) to work on /opt/airflow/dags/movie_batch_pipeline_dag.py
[2026-05-05T08:35:56.744+0000] {processor.py:830} INFO - Processing file /opt/airflow/dags/movie_batch_pipeline_dag.py for tasks to queue
[2026-05-05T08:35:56.746+0000] {logging_mixin.py:188} INFO - [2026-05-05T08:35:56.746+0000] {dagbag.py:545} INFO - Filling up the DagBag from /opt/airflow/dags/movie_batch_pipeline_dag.py
[2026-05-05T08:35:56.807+0000] {processor.py:840} INFO - DAG(s) 'movie_batch_pipeline_dag' retrieved from /opt/airflow/dags/movie_batch_pipeline_dag.py
[2026-05-05T08:35:56.839+0000] {logging_mixin.py:188} INFO - [2026-05-05T08:35:56.839+0000] {dag.py:3096} INFO - Sync 1 DAGs
[2026-05-05T08:35:56.863+0000] {logging_mixin.py:188} INFO - [2026-05-05T08:35:56.862+0000] {dag.py:3954} INFO - Setting next_dagrun for movie_batch_pipeline_dag to 2026-05-05 00:00:00+00:00, run_after=2026-05-06 00:00:00+00:00
[2026-05-05T08:35:56.888+0000] {processor.py:183} INFO - Processing /opt/airflow/dags/movie_batch_pipeline_dag.py took 0.150 seconds
[2026-05-05T08:36:27.104+0000] {processor.py:161} INFO - Started process (PID=66) to work on /opt/airflow/dags/movie_batch_pipeline_dag.py
[2026-05-05T08:36:27.106+0000] {processor.py:830} INFO - Processing file /opt/airflow/dags/movie_batch_pipeline_dag.py for tasks to queue
[2026-05-05T08:36:27.110+0000] {logging_mixin.py:188} INFO - [2026-05-05T08:36:27.109+0000] {dagbag.py:545} INFO - Filling up the DagBag from /opt/airflow/dags/movie_batch_pipeline_dag.py
[2026-05-05T08:36:27.215+0000] {processor.py:840} INFO - DAG(s) 'movie_batch_pipeline_dag' retrieved from /opt/airflow/dags/movie_batch_pipeline_dag.py
[2026-05-05T08:36:27.247+0000] {logging_mixin.py:188} INFO - [2026-05-05T08:36:27.247+0000] {dag.py:3096} INFO - Sync 1 DAGs
[2026-05-05T08:36:27.271+0000] {logging_mixin.py:188} INFO - [2026-05-05T08:36:27.270+0000] {dag.py:3954} INFO - Setting next_dagrun for movie_batch_pipeline_dag to 2026-05-05 00:00:00+00:00, run_after=2026-05-06 00:00:00+00:00
[2026-05-05T08:36:27.294+0000] {processor.py:183} INFO - Processing /opt/airflow/dags/movie_batch_pipeline_dag.py took 0.200 seconds
[2026-05-05T08:36:57.524+0000] {processor.py:161} INFO - Started process (PID=67) to work on /opt/airflow/dags/movie_batch_pipeline_dag.py
[2026-05-05T08:36:57.525+0000] {processor.py:830} INFO - Processing file /opt/airflow/dags/movie_batch_pipeline_dag.py for tasks to queue
[2026-05-05T08:36:57.528+0000] {logging_mixin.py:188} INFO - [2026-05-05T08:36:57.527+0000] {dagbag.py:545} INFO - Filling up the DagBag from /opt/airflow/dags/movie_batch_pipeline_dag.py
[2026-05-05T08:36:57.611+0000] {processor.py:840} INFO - DAG(s) 'movie_batch_pipeline_dag' retrieved from /opt/airflow/dags/movie_batch_pipeline_dag.py
[2026-05-05T08:36:57.644+0000] {logging_mixin.py:188} INFO - [2026-05-05T08:36:57.644+0000] {dag.py:3096} INFO - Sync 1 DAGs
[2026-05-05T08:36:57.670+0000] {logging_mixin.py:188} INFO - [2026-05-05T08:36:57.670+0000] {dag.py:3954} INFO - Setting next_dagrun for movie_batch_pipeline_dag to 2026-05-05 00:00:00+00:00, run_after=2026-05-06 00:00:00+00:00
[2026-05-05T08:36:57.699+0000] {processor.py:183} INFO - Processing /opt/airflow/dags/movie_batch_pipeline_dag.py took 0.181 seconds
[2026-05-05T08:37:27.743+0000] {processor.py:161} INFO - Started process (PID=68) to work on /opt/airflow/dags/movie_batch_pipeline_dag.py
[2026-05-05T08:37:27.744+0000] {processor.py:830} INFO - Processing file /opt/airflow/dags/movie_batch_pipeline_dag.py for tasks to queue
[2026-05-05T08:37:27.747+0000] {logging_mixin.py:188} INFO - [2026-05-05T08:37:27.747+0000] {dagbag.py:545} INFO - Filling up the DagBag from /opt/airflow/dags/movie_batch_pipeline_dag.py
[2026-05-05T08:37:27.818+0000] {processor.py:840} INFO - DAG(s) 'movie_batch_pipeline_dag' retrieved from /opt/airflow/dags/movie_batch_pipeline_dag.py
[2026-05-05T08:37:27.849+0000] {logging_mixin.py:188} INFO - [2026-05-05T08:37:27.849+0000] {dag.py:3096} INFO - Sync 1 DAGs
[2026-05-05T08:37:27.871+0000] {logging_mixin.py:188} INFO - [2026-05-05T08:37:27.871+0000] {dag.py:3954} INFO - Setting next_dagrun for movie_batch_pipeline_dag to 2026-05-05 00:00:00+00:00, run_after=2026-05-06 00:00:00+00:00
[2026-05-05T08:37:27.904+0000] {processor.py:183} INFO - Processing /opt/airflow/dags/movie_batch_pipeline_dag.py took 0.167 seconds
[2026-05-05T08:37:58.142+0000] {processor.py:161} INFO - Started process (PID=69) to work on /opt/airflow/dags/movie_batch_pipeline_dag.py
[2026-05-05T08:37:58.143+0000] {processor.py:830} INFO - Processing file /opt/airflow/dags/movie_batch_pipeline_dag.py for tasks to queue
[2026-05-05T08:37:58.145+0000] {logging_mixin.py:188} INFO - [2026-05-05T08:37:58.145+0000] {dagbag.py:545} INFO - Filling up the DagBag from /opt/airflow/dags/movie_batch_pipeline_dag.py
[2026-05-05T08:37:58.215+0000] {processor.py:840} INFO - DAG(s) 'movie_batch_pipeline_dag' retrieved from /opt/airflow/dags/movie_batch_pipeline_dag.py
[2026-05-05T08:37:58.245+0000] {logging_mixin.py:188} INFO - [2026-05-05T08:37:58.244+0000] {dag.py:3096} INFO - Sync 1 DAGs
[2026-05-05T08:37:58.268+0000] {logging_mixin.py:188} INFO - [2026-05-05T08:37:58.268+0000] {dag.py:3954} INFO - Setting next_dagrun for movie_batch_pipeline_dag to 2026-05-05 00:00:00+00:00, run_after=2026-05-06 00:00:00+00:00
[2026-05-05T08:37:58.303+0000] {processor.py:183} INFO - Processing /opt/airflow/dags/movie_batch_pipeline_dag.py took 0.168 seconds
[2026-05-05T08:38:28.390+0000] {processor.py:161} INFO - Started process (PID=70) to work on /opt/airflow/dags/movie_batch_pipeline_dag.py
[2026-05-05T08:38:28.391+0000] {processor.py:830} INFO - Processing file /opt/airflow/dags/movie_batch_pipeline_dag.py for tasks to queue
[2026-05-05T08:38:28.393+0000] {logging_mixin.py:188} INFO - [2026-05-05T08:38:28.393+0000] {dagbag.py:545} INFO - Filling up the DagBag from /opt/airflow/dags/movie_batch_pipeline_dag.py
[2026-05-05T08:38:28.482+0000] {processor.py:840} INFO - DAG(s) 'movie_batch_pipeline_dag' retrieved from /opt/airflow/dags/movie_batch_pipeline_dag.py
[2026-05-05T08:38:28.510+0000] {logging_mixin.py:188} INFO - [2026-05-05T08:38:28.510+0000] {dag.py:3096} INFO - Sync 1 DAGs
[2026-05-05T08:38:28.532+0000] {logging_mixin.py:188} INFO - [2026-05-05T08:38:28.532+0000] {dag.py:3954} INFO - Setting next_dagrun for movie_batch_pipeline_dag to 2026-05-05 00:00:00+00:00, run_after=2026-05-06 00:00:00+00:00
[2026-05-05T08:38:28.555+0000] {processor.py:183} INFO - Processing /opt/airflow/dags/movie_batch_pipeline_dag.py took 0.171 seconds
[2026-05-05T08:38:58.693+0000] {processor.py:161} INFO - Started process (PID=71) to work on /opt/airflow/dags/movie_batch_pipeline_dag.py
[2026-05-05T08:38:58.694+0000] {processor.py:830} INFO - Processing file /opt/airflow/dags/movie_batch_pipeline_dag.py for tasks to queue
[2026-05-05T08:38:58.696+0000] {logging_mixin.py:188} INFO - [2026-05-05T08:38:58.696+0000] {dagbag.py:545} INFO - Filling up the DagBag from /opt/airflow/dags/movie_batch_pipeline_dag.py
[2026-05-05T08:38:58.759+0000] {processor.py:840} INFO - DAG(s) 'movie_batch_pipeline_dag' retrieved from /opt/airflow/dags/movie_batch_pipeline_dag.py
[2026-05-05T08:38:58.787+0000] {logging_mixin.py:188} INFO - [2026-05-05T08:38:58.787+0000] {dag.py:3096} INFO - Sync 1 DAGs
[2026-05-05T08:38:58.810+0000] {logging_mixin.py:188} INFO - [2026-05-05T08:38:58.810+0000] {dag.py:3954} INFO - Setting next_dagrun for movie_batch_pipeline_dag to 2026-05-05 00:00:00+00:00, run_after=2026-05-06 00:00:00+00:00
[2026-05-05T08:38:58.843+0000] {processor.py:183} INFO - Processing /opt/airflow/dags/movie_batch_pipeline_dag.py took 0.155 seconds
[2026-05-05T08:39:29.012+0000] {processor.py:161} INFO - Started process (PID=72) to work on /opt/airflow/dags/movie_batch_pipeline_dag.py
[2026-05-05T08:39:29.013+0000] {processor.py:830} INFO - Processing file /opt/airflow/dags/movie_batch_pipeline_dag.py for tasks to queue
[2026-05-05T08:39:29.016+0000] {logging_mixin.py:188} INFO - [2026-05-05T08:39:29.016+0000] {dagbag.py:545} INFO - Filling up the DagBag from /opt/airflow/dags/movie_batch_pipeline_dag.py
[2026-05-05T08:39:29.089+0000] {processor.py:840} INFO - DAG(s) 'movie_batch_pipeline_dag' retrieved from /opt/airflow/dags/movie_batch_pipeline_dag.py
[2026-05-05T08:39:29.118+0000] {logging_mixin.py:188} INFO - [2026-05-05T08:39:29.118+0000] {dag.py:3096} INFO - Sync 1 DAGs
[2026-05-05T08:39:29.140+0000] {logging_mixin.py:188} INFO - [2026-05-05T08:39:29.140+0000] {dag.py:3954} INFO - Setting next_dagrun for movie_batch_pipeline_dag to 2026-05-05 00:00:00+00:00, run_after=2026-05-06 00:00:00+00:00
[2026-05-05T08:39:29.163+0000] {processor.py:183} INFO - Processing /opt/airflow/dags/movie_batch_pipeline_dag.py took 0.157 seconds
[2026-05-05T08:39:59.266+0000] {processor.py:161} INFO - Started process (PID=73) to work on /opt/airflow/dags/movie_batch_pipeline_dag.py
[2026-05-05T08:39:59.267+0000] {processor.py:830} INFO - Processing file /opt/airflow/dags/movie_batch_pipeline_dag.py for tasks to queue
[2026-05-05T08:39:59.269+0000] {logging_mixin.py:188} INFO - [2026-05-05T08:39:59.269+0000] {dagbag.py:545} INFO - Filling up the DagBag from /opt/airflow/dags/movie_batch_pipeline_dag.py
[2026-05-05T08:39:59.332+0000] {processor.py:840} INFO - DAG(s) 'movie_batch_pipeline_dag' retrieved from /opt/airflow/dags/movie_batch_pipeline_dag.py
[2026-05-05T08:39:59.362+0000] {logging_mixin.py:188} INFO - [2026-05-05T08:39:59.361+0000] {dag.py:3096} INFO - Sync 1 DAGs
[2026-05-05T08:39:59.382+0000] {logging_mixin.py:188} INFO - [2026-05-05T08:39:59.382+0000] {dag.py:3954} INFO - Setting next_dagrun for movie_batch_pipeline_dag to 2026-05-05 00:00:00+00:00, run_after=2026-05-06 00:00:00+00:00
[2026-05-05T08:39:59.407+0000] {processor.py:183} INFO - Processing /opt/airflow/dags/movie_batch_pipeline_dag.py took 0.147 seconds
[2026-05-05T08:40:29.603+0000] {processor.py:161} INFO - Started process (PID=74) to work on /opt/airflow/dags/movie_batch_pipeline_dag.py
[2026-05-05T08:40:29.604+0000] {processor.py:830} INFO - Processing file /opt/airflow/dags/movie_batch_pipeline_dag.py for tasks to queue
[2026-05-05T08:40:29.606+0000] {logging_mixin.py:188} INFO - [2026-05-05T08:40:29.606+0000] {dagbag.py:545} INFO - Filling up the DagBag from /opt/airflow/dags/movie_batch_pipeline_dag.py
[2026-05-05T08:40:29.678+0000] {processor.py:840} INFO - DAG(s) 'movie_batch_pipeline_dag' retrieved from /opt/airflow/dags/movie_batch_pipeline_dag.py
[2026-05-05T08:40:29.709+0000] {logging_mixin.py:188} INFO - [2026-05-05T08:40:29.709+0000] {dag.py:3096} INFO - Sync 1 DAGs
[2026-05-05T08:40:29.730+0000] {logging_mixin.py:188} INFO - [2026-05-05T08:40:29.730+0000] {dag.py:3954} INFO - Setting next_dagrun for movie_batch_pipeline_dag to 2026-05-05 00:00:00+00:00, run_after=2026-05-06 00:00:00+00:00
[2026-05-05T08:40:29.755+0000] {processor.py:183} INFO - Processing /opt/airflow/dags/movie_batch_pipeline_dag.py took 0.158 seconds
[2026-05-05T08:40:59.882+0000] {processor.py:161} INFO - Started process (PID=75) to work on /opt/airflow/dags/movie_batch_pipeline_dag.py
[2026-05-05T08:40:59.883+0000] {processor.py:830} INFO - Processing file /opt/airflow/dags/movie_batch_pipeline_dag.py for tasks to queue
[2026-05-05T08:40:59.885+0000] {logging_mixin.py:188} INFO - [2026-05-05T08:40:59.884+0000] {dagbag.py:545} INFO - Filling up the DagBag from /opt/airflow/dags/movie_batch_pipeline_dag.py
[2026-05-05T08:40:59.954+0000] {processor.py:840} INFO - DAG(s) 'movie_batch_pipeline_dag' retrieved from /opt/airflow/dags/movie_batch_pipeline_dag.py
[2026-05-05T08:40:59.983+0000] {logging_mixin.py:188} INFO - [2026-05-05T08:40:59.983+0000] {dag.py:3096} INFO - Sync 1 DAGs
[2026-05-05T08:41:00.005+0000] {logging_mixin.py:188} INFO - [2026-05-05T08:41:00.004+0000] {dag.py:3954} INFO - Setting next_dagrun for movie_batch_pipeline_dag to 2026-05-05 00:00:00+00:00, run_after=2026-05-06 00:00:00+00:00
[2026-05-05T08:41:00.032+0000] {processor.py:183} INFO - Processing /opt/airflow/dags/movie_batch_pipeline_dag.py took 0.156 seconds
[2026-05-05T08:41:30.219+0000] {processor.py:161} INFO - Started process (PID=76) to work on /opt/airflow/dags/movie_batch_pipeline_dag.py
[2026-05-05T08:41:30.220+0000] {processor.py:830} INFO - Processing file /opt/airflow/dags/movie_batch_pipeline_dag.py for tasks to queue
[2026-05-05T08:41:30.222+0000] {logging_mixin.py:188} INFO - [2026-05-05T08:41:30.221+0000] {dagbag.py:545} INFO - Filling up the DagBag from /opt/airflow/dags/movie_batch_pipeline_dag.py
[2026-05-05T08:41:30.290+0000] {processor.py:840} INFO - DAG(s) 'movie_batch_pipeline_dag' retrieved from /opt/airflow/dags/movie_batch_pipeline_dag.py
[2026-05-05T08:41:30.317+0000] {logging_mixin.py:188} INFO - [2026-05-05T08:41:30.317+0000] {dag.py:3096} INFO - Sync 1 DAGs
[2026-05-05T08:41:30.339+0000] {logging_mixin.py:188} INFO - [2026-05-05T08:41:30.339+0000] {dag.py:3954} INFO - Setting next_dagrun for movie_batch_pipeline_dag to 2026-05-05 00:00:00+00:00, run_after=2026-05-06 00:00:00+00:00
[2026-05-05T08:41:30.370+0000] {processor.py:183} INFO - Processing /opt/airflow/dags/movie_batch_pipeline_dag.py took 0.159 seconds
[2026-05-05T08:42:00.474+0000] {processor.py:161} INFO - Started process (PID=77) to work on /opt/airflow/dags/movie_batch_pipeline_dag.py
[2026-05-05T08:42:00.475+0000] {processor.py:830} INFO - Processing file /opt/airflow/dags/movie_batch_pipeline_dag.py for tasks to queue
[2026-05-05T08:42:00.477+0000] {logging_mixin.py:188} INFO - [2026-05-05T08:42:00.476+0000] {dagbag.py:545} INFO - Filling up the DagBag from /opt/airflow/dags/movie_batch_pipeline_dag.py
[2026-05-05T08:42:00.534+0000] {processor.py:840} INFO - DAG(s) 'movie_batch_pipeline_dag' retrieved from /opt/airflow/dags/movie_batch_pipeline_dag.py
[2026-05-05T08:42:00.563+0000] {logging_mixin.py:188} INFO - [2026-05-05T08:42:00.562+0000] {dag.py:3096} INFO - Sync 1 DAGs
[2026-05-05T08:42:00.586+0000] {logging_mixin.py:188} INFO - [2026-05-05T08:42:00.585+0000] {dag.py:3954} INFO - Setting next_dagrun for movie_batch_pipeline_dag to 2026-05-05 00:00:00+00:00, run_after=2026-05-06 00:00:00+00:00
[2026-05-05T08:42:00.616+0000] {processor.py:183} INFO - Processing /opt/airflow/dags/movie_batch_pipeline_dag.py took 0.148 seconds
[2026-05-05T08:42:30.848+0000] {processor.py:161} INFO - Started process (PID=78) to work on /opt/airflow/dags/movie_batch_pipeline_dag.py
[2026-05-05T08:42:30.849+0000] {processor.py:830} INFO - Processing file /opt/airflow/dags/movie_batch_pipeline_dag.py for tasks to queue
[2026-05-05T08:42:30.851+0000] {logging_mixin.py:188} INFO - [2026-05-05T08:42:30.850+0000] {dagbag.py:545} INFO - Filling up the DagBag from /opt/airflow/dags/movie_batch_pipeline_dag.py
[2026-05-05T08:42:30.911+0000] {processor.py:840} INFO - DAG(s) 'movie_batch_pipeline_dag' retrieved from /opt/airflow/dags/movie_batch_pipeline_dag.py
[2026-05-05T08:42:30.939+0000] {logging_mixin.py:188} INFO - [2026-05-05T08:42:30.939+0000] {dag.py:3096} INFO - Sync 1 DAGs
[2026-05-05T08:42:30.961+0000] {logging_mixin.py:188} INFO - [2026-05-05T08:42:30.961+0000] {dag.py:3954} INFO - Setting next_dagrun for movie_batch_pipeline_dag to 2026-05-05 00:00:00+00:00, run_after=2026-05-06 00:00:00+00:00
[2026-05-05T08:42:30.986+0000] {processor.py:183} INFO - Processing /opt/airflow/dags/movie_batch_pipeline_dag.py took 0.143 seconds
[2026-05-05T08:43:01.068+0000] {processor.py:161} INFO - Started process (PID=79) to work on /opt/airflow/dags/movie_batch_pipeline_dag.py
[2026-05-05T08:43:01.069+0000] {processor.py:830} INFO - Processing file /opt/airflow/dags/movie_batch_pipeline_dag.py for tasks to queue
[2026-05-05T08:43:01.072+0000] {logging_mixin.py:188} INFO - [2026-05-05T08:43:01.072+0000] {dagbag.py:545} INFO - Filling up the DagBag from /opt/airflow/dags/movie_batch_pipeline_dag.py
[2026-05-05T08:43:01.157+0000] {processor.py:840} INFO - DAG(s) 'movie_batch_pipeline_dag' retrieved from /opt/airflow/dags/movie_batch_pipeline_dag.py
[2026-05-05T08:43:01.189+0000] {logging_mixin.py:188} INFO - [2026-05-05T08:43:01.189+0000] {dag.py:3096} INFO - Sync 1 DAGs
[2026-05-05T08:43:01.213+0000] {logging_mixin.py:188} INFO - [2026-05-05T08:43:01.212+0000] {dag.py:3954} INFO - Setting next_dagrun for movie_batch_pipeline_dag to 2026-05-05 00:00:00+00:00, run_after=2026-05-06 00:00:00+00:00
[2026-05-05T08:43:01.236+0000] {processor.py:183} INFO - Processing /opt/airflow/dags/movie_batch_pipeline_dag.py took 0.176 seconds
[2026-05-05T08:43:31.366+0000] {processor.py:161} INFO - Started process (PID=80) to work on /opt/airflow/dags/movie_batch_pipeline_dag.py
[2026-05-05T08:43:31.367+0000] {processor.py:830} INFO - Processing file /opt/airflow/dags/movie_batch_pipeline_dag.py for tasks to queue
[2026-05-05T08:43:31.370+0000] {logging_mixin.py:188} INFO - [2026-05-05T08:43:31.369+0000] {dagbag.py:545} INFO - Filling up the DagBag from /opt/airflow/dags/movie_batch_pipeline_dag.py
[2026-05-05T08:43:31.465+0000] {processor.py:840} INFO - DAG(s) 'movie_batch_pipeline_dag' retrieved from /opt/airflow/dags/movie_batch_pipeline_dag.py
[2026-05-05T08:43:31.500+0000] {logging_mixin.py:188} INFO - [2026-05-05T08:43:31.500+0000] {dag.py:3096} INFO - Sync 1 DAGs
[2026-05-05T08:43:31.527+0000] {logging_mixin.py:188} INFO - [2026-05-05T08:43:31.526+0000] {dag.py:3954} INFO - Setting next_dagrun for movie_batch_pipeline_dag to 2026-05-05 00:00:00+00:00, run_after=2026-05-06 00:00:00+00:00
[2026-05-05T08:43:31.550+0000] {processor.py:183} INFO - Processing /opt/airflow/dags/movie_batch_pipeline_dag.py took 0.191 seconds
[2026-05-05T08:44:01.592+0000] {processor.py:161} INFO - Started process (PID=81) to work on /opt/airflow/dags/movie_batch_pipeline_dag.py
[2026-05-05T08:44:01.593+0000] {processor.py:830} INFO - Processing file /opt/airflow/dags/movie_batch_pipeline_dag.py for tasks to queue
[2026-05-05T08:44:01.595+0000] {logging_mixin.py:188} INFO - [2026-05-05T08:44:01.595+0000] {dagbag.py:545} INFO - Filling up the DagBag from /opt/airflow/dags/movie_batch_pipeline_dag.py
[2026-05-05T08:44:01.694+0000] {processor.py:840} INFO - DAG(s) 'movie_batch_pipeline_dag' retrieved from /opt/airflow/dags/movie_batch_pipeline_dag.py
[2026-05-05T08:44:01.741+0000] {logging_mixin.py:188} INFO - [2026-05-05T08:44:01.741+0000] {dag.py:3096} INFO - Sync 1 DAGs
[2026-05-05T08:44:01.771+0000] {logging_mixin.py:188} INFO - [2026-05-05T08:44:01.771+0000] {dag.py:3954} INFO - Setting next_dagrun for movie_batch_pipeline_dag to 2026-05-05 00:00:00+00:00, run_after=2026-05-06 00:00:00+00:00
[2026-05-05T08:44:01.802+0000] {processor.py:183} INFO - Processing /opt/airflow/dags/movie_batch_pipeline_dag.py took 0.216 seconds
[2026-05-05T08:44:31.959+0000] {processor.py:161} INFO - Started process (PID=82) to work on /opt/airflow/dags/movie_batch_pipeline_dag.py
[2026-05-05T08:44:31.960+0000] {processor.py:830} INFO - Processing file /opt/airflow/dags/movie_batch_pipeline_dag.py for tasks to queue
[2026-05-05T08:44:31.968+0000] {logging_mixin.py:188} INFO - [2026-05-05T08:44:31.968+0000] {dagbag.py:545} INFO - Filling up the DagBag from /opt/airflow/dags/movie_batch_pipeline_dag.py
[2026-05-05T08:44:32.106+0000] {processor.py:840} INFO - DAG(s) 'movie_batch_pipeline_dag' retrieved from /opt/airflow/dags/movie_batch_pipeline_dag.py
[2026-05-05T08:44:32.138+0000] {logging_mixin.py:188} INFO - [2026-05-05T08:44:32.138+0000] {dag.py:3096} INFO - Sync 1 DAGs
[2026-05-05T08:44:32.164+0000] {logging_mixin.py:188} INFO - [2026-05-05T08:44:32.164+0000] {dag.py:3954} INFO - Setting next_dagrun for movie_batch_pipeline_dag to 2026-05-05 00:00:00+00:00, run_after=2026-05-06 00:00:00+00:00
[2026-05-05T08:44:32.188+0000] {processor.py:183} INFO - Processing /opt/airflow/dags/movie_batch_pipeline_dag.py took 0.241 seconds
[2026-05-05T08:45:02.231+0000] {processor.py:161} INFO - Started process (PID=83) to work on /opt/airflow/dags/movie_batch_pipeline_dag.py
[2026-05-05T08:45:02.232+0000] {processor.py:830} INFO - Processing file /opt/airflow/dags/movie_batch_pipeline_dag.py for tasks to queue
[2026-05-05T08:45:02.236+0000] {logging_mixin.py:188} INFO - [2026-05-05T08:45:02.235+0000] {dagbag.py:545} INFO - Filling up the DagBag from /opt/airflow/dags/movie_batch_pipeline_dag.py
[2026-05-05T08:45:02.321+0000] {processor.py:840} INFO - DAG(s) 'movie_batch_pipeline_dag' retrieved from /opt/airflow/dags/movie_batch_pipeline_dag.py
[2026-05-05T08:45:02.353+0000] {logging_mixin.py:188} INFO - [2026-05-05T08:45:02.353+0000] {dag.py:3096} INFO - Sync 1 DAGs
[2026-05-05T08:45:02.379+0000] {logging_mixin.py:188} INFO - [2026-05-05T08:45:02.379+0000] {dag.py:3954} INFO - Setting next_dagrun for movie_batch_pipeline_dag to 2026-05-05 00:00:00+00:00, run_after=2026-05-06 00:00:00+00:00
[2026-05-05T08:45:02.402+0000] {processor.py:183} INFO - Processing /opt/airflow/dags/movie_batch_pipeline_dag.py took 0.177 seconds
[2026-05-05T08:45:32.567+0000] {processor.py:161} INFO - Started process (PID=84) to work on /opt/airflow/dags/movie_batch_pipeline_dag.py
[2026-05-05T08:45:32.568+0000] {processor.py:830} INFO - Processing file /opt/airflow/dags/movie_batch_pipeline_dag.py for tasks to queue
[2026-05-05T08:45:32.571+0000] {logging_mixin.py:188} INFO - [2026-05-05T08:45:32.571+0000] {dagbag.py:545} INFO - Filling up the DagBag from /opt/airflow/dags/movie_batch_pipeline_dag.py
[2026-05-05T08:45:32.633+0000] {processor.py:840} INFO - DAG(s) 'movie_batch_pipeline_dag' retrieved from /opt/airflow/dags/movie_batch_pipeline_dag.py
[2026-05-05T08:45:32.660+0000] {logging_mixin.py:188} INFO - [2026-05-05T08:45:32.660+0000] {dag.py:3096} INFO - Sync 1 DAGs
[2026-05-05T08:45:32.682+0000] {logging_mixin.py:188} INFO - [2026-05-05T08:45:32.682+0000] {dag.py:3954} INFO - Setting next_dagrun for movie_batch_pipeline_dag to 2026-05-05 00:00:00+00:00, run_after=2026-05-06 00:00:00+00:00
[2026-05-05T08:45:32.706+0000] {processor.py:183} INFO - Processing /opt/airflow/dags/movie_batch_pipeline_dag.py took 0.144 seconds
[2026-05-05T08:46:02.811+0000] {processor.py:161} INFO - Started process (PID=85) to work on /opt/airflow/dags/movie_batch_pipeline_dag.py
[2026-05-05T08:46:02.813+0000] {processor.py:830} INFO - Processing file /opt/airflow/dags/movie_batch_pipeline_dag.py for tasks to queue
[2026-05-05T08:46:02.816+0000] {logging_mixin.py:188} INFO - [2026-05-05T08:46:02.815+0000] {dagbag.py:545} INFO - Filling up the DagBag from /opt/airflow/dags/movie_batch_pipeline_dag.py
[2026-05-05T08:46:02.878+0000] {processor.py:840} INFO - DAG(s) 'movie_batch_pipeline_dag' retrieved from /opt/airflow/dags/movie_batch_pipeline_dag.py
[2026-05-05T08:46:02.906+0000] {logging_mixin.py:188} INFO - [2026-05-05T08:46:02.906+0000] {dag.py:3096} INFO - Sync 1 DAGs
[2026-05-05T08:46:02.929+0000] {logging_mixin.py:188} INFO - [2026-05-05T08:46:02.929+0000] {dag.py:3954} INFO - Setting next_dagrun for movie_batch_pipeline_dag to 2026-05-05 00:00:00+00:00, run_after=2026-05-06 00:00:00+00:00
[2026-05-05T08:46:02.953+0000] {processor.py:183} INFO - Processing /opt/airflow/dags/movie_batch_pipeline_dag.py took 0.149 seconds
[2026-05-05T08:46:33.096+0000] {processor.py:161} INFO - Started process (PID=86) to work on /opt/airflow/dags/movie_batch_pipeline_dag.py
[2026-05-05T08:46:33.097+0000] {processor.py:830} INFO - Processing file /opt/airflow/dags/movie_batch_pipeline_dag.py for tasks to queue
[2026-05-05T08:46:33.100+0000] {logging_mixin.py:188} INFO - [2026-05-05T08:46:33.099+0000] {dagbag.py:545} INFO - Filling up the DagBag from /opt/airflow/dags/movie_batch_pipeline_dag.py
[2026-05-05T08:46:33.163+0000] {processor.py:840} INFO - DAG(s) 'movie_batch_pipeline_dag' retrieved from /opt/airflow/dags/movie_batch_pipeline_dag.py
[2026-05-05T08:46:33.189+0000] {logging_mixin.py:188} INFO - [2026-05-05T08:46:33.189+0000] {dag.py:3096} INFO - Sync 1 DAGs
[2026-05-05T08:46:33.211+0000] {logging_mixin.py:188} INFO - [2026-05-05T08:46:33.211+0000] {dag.py:3954} INFO - Setting next_dagrun for movie_batch_pipeline_dag to 2026-05-05 00:00:00+00:00, run_after=2026-05-06 00:00:00+00:00
[2026-05-05T08:46:33.233+0000] {processor.py:183} INFO - Processing /opt/airflow/dags/movie_batch_pipeline_dag.py took 0.143 seconds
[2026-05-05T08:47:03.357+0000] {processor.py:161} INFO - Started process (PID=87) to work on /opt/airflow/dags/movie_batch_pipeline_dag.py
[2026-05-05T08:47:03.359+0000] {processor.py:830} INFO - Processing file /opt/airflow/dags/movie_batch_pipeline_dag.py for tasks to queue
[2026-05-05T08:47:03.362+0000] {logging_mixin.py:188} INFO - [2026-05-05T08:47:03.361+0000] {dagbag.py:545} INFO - Filling up the DagBag from /opt/airflow/dags/movie_batch_pipeline_dag.py
[2026-05-05T08:47:03.421+0000] {processor.py:840} INFO - DAG(s) 'movie_batch_pipeline_dag' retrieved from /opt/airflow/dags/movie_batch_pipeline_dag.py
[2026-05-05T08:47:03.450+0000] {logging_mixin.py:188} INFO - [2026-05-05T08:47:03.450+0000] {dag.py:3096} INFO - Sync 1 DAGs
[2026-05-05T08:47:03.473+0000] {logging_mixin.py:188} INFO - [2026-05-05T08:47:03.472+0000] {dag.py:3954} INFO - Setting next_dagrun for movie_batch_pipeline_dag to 2026-05-05 00:00:00+00:00, run_after=2026-05-06 00:00:00+00:00
[2026-05-05T08:47:03.501+0000] {processor.py:183} INFO - Processing /opt/airflow/dags/movie_batch_pipeline_dag.py took 0.150 seconds
[2026-05-05T08:47:33.698+0000] {processor.py:161} INFO - Started process (PID=88) to work on /opt/airflow/dags/movie_batch_pipeline_dag.py
[2026-05-05T08:47:33.699+0000] {processor.py:830} INFO - Processing file /opt/airflow/dags/movie_batch_pipeline_dag.py for tasks to queue
[2026-05-05T08:47:33.702+0000] {logging_mixin.py:188} INFO - [2026-05-05T08:47:33.702+0000] {dagbag.py:545} INFO - Filling up the DagBag from /opt/airflow/dags/movie_batch_pipeline_dag.py
[2026-05-05T08:47:33.762+0000] {processor.py:840} INFO - DAG(s) 'movie_batch_pipeline_dag' retrieved from /opt/airflow/dags/movie_batch_pipeline_dag.py
[2026-05-05T08:47:33.791+0000] {logging_mixin.py:188} INFO - [2026-05-05T08:47:33.790+0000] {dag.py:3096} INFO - Sync 1 DAGs
[2026-05-05T08:47:33.822+0000] {logging_mixin.py:188} INFO - [2026-05-05T08:47:33.822+0000] {dag.py:3954} INFO - Setting next_dagrun for movie_batch_pipeline_dag to 2026-05-05 00:00:00+00:00, run_after=2026-05-06 00:00:00+00:00
[2026-05-05T08:47:33.852+0000] {processor.py:183} INFO - Processing /opt/airflow/dags/movie_batch_pipeline_dag.py took 0.159 seconds
[2026-05-05T08:48:03.904+0000] {processor.py:161} INFO - Started process (PID=89) to work on /opt/airflow/dags/movie_batch_pipeline_dag.py
[2026-05-05T08:48:03.905+0000] {processor.py:830} INFO - Processing file /opt/airflow/dags/movie_batch_pipeline_dag.py for tasks to queue
[2026-05-05T08:48:03.909+0000] {logging_mixin.py:188} INFO - [2026-05-05T08:48:03.908+0000] {dagbag.py:545} INFO - Filling up the DagBag from /opt/airflow/dags/movie_batch_pipeline_dag.py
[2026-05-05T08:48:03.972+0000] {processor.py:840} INFO - DAG(s) 'movie_batch_pipeline_dag' retrieved from /opt/airflow/dags/movie_batch_pipeline_dag.py
[2026-05-05T08:48:04.004+0000] {logging_mixin.py:188} INFO - [2026-05-05T08:48:04.004+0000] {dag.py:3096} INFO - Sync 1 DAGs
[2026-05-05T08:48:04.030+0000] {logging_mixin.py:188} INFO - [2026-05-05T08:48:04.030+0000] {dag.py:3954} INFO - Setting next_dagrun for movie_batch_pipeline_dag to 2026-05-05 00:00:00+00:00, run_after=2026-05-06 00:00:00+00:00
[2026-05-05T08:48:04.052+0000] {processor.py:183} INFO - Processing /opt/airflow/dags/movie_batch_pipeline_dag.py took 0.155 seconds
[2026-05-05T08:48:34.236+0000] {processor.py:161} INFO - Started process (PID=90) to work on /opt/airflow/dags/movie_batch_pipeline_dag.py
[2026-05-05T08:48:34.237+0000] {processor.py:830} INFO - Processing file /opt/airflow/dags/movie_batch_pipeline_dag.py for tasks to queue
[2026-05-05T08:48:34.239+0000] {logging_mixin.py:188} INFO - [2026-05-05T08:48:34.239+0000] {dagbag.py:545} INFO - Filling up the DagBag from /opt/airflow/dags/movie_batch_pipeline_dag.py
[2026-05-05T08:48:34.308+0000] {processor.py:840} INFO - DAG(s) 'movie_batch_pipeline_dag' retrieved from /opt/airflow/dags/movie_batch_pipeline_dag.py
[2026-05-05T08:48:34.335+0000] {logging_mixin.py:188} INFO - [2026-05-05T08:48:34.335+0000] {dag.py:3096} INFO - Sync 1 DAGs
[2026-05-05T08:48:34.356+0000] {logging_mixin.py:188} INFO - [2026-05-05T08:48:34.355+0000] {dag.py:3954} INFO - Setting next_dagrun for movie_batch_pipeline_dag to 2026-05-05 00:00:00+00:00, run_after=2026-05-06 00:00:00+00:00
[2026-05-05T08:48:34.380+0000] {processor.py:183} INFO - Processing /opt/airflow/dags/movie_batch_pipeline_dag.py took 0.151 seconds
[2026-05-05T08:49:04.455+0000] {processor.py:161} INFO - Started process (PID=91) to work on /opt/airflow/dags/movie_batch_pipeline_dag.py
[2026-05-05T08:49:04.456+0000] {processor.py:830} INFO - Processing file /opt/airflow/dags/movie_batch_pipeline_dag.py for tasks to queue
[2026-05-05T08:49:04.459+0000] {logging_mixin.py:188} INFO - [2026-05-05T08:49:04.458+0000] {dagbag.py:545} INFO - Filling up the DagBag from /opt/airflow/dags/movie_batch_pipeline_dag.py
[2026-05-05T08:49:04.527+0000] {processor.py:840} INFO - DAG(s) 'movie_batch_pipeline_dag' retrieved from /opt/airflow/dags/movie_batch_pipeline_dag.py
[2026-05-05T08:49:04.556+0000] {logging_mixin.py:188} INFO - [2026-05-05T08:49:04.555+0000] {dag.py:3096} INFO - Sync 1 DAGs
[2026-05-05T08:49:04.577+0000] {logging_mixin.py:188} INFO - [2026-05-05T08:49:04.576+0000] {dag.py:3954} INFO - Setting next_dagrun for movie_batch_pipeline_dag to 2026-05-05 00:00:00+00:00, run_after=2026-05-06 00:00:00+00:00
[2026-05-05T08:49:04.603+0000] {processor.py:183} INFO - Processing /opt/airflow/dags/movie_batch_pipeline_dag.py took 0.154 seconds
[2026-05-05T08:49:34.820+0000] {processor.py:161} INFO - Started process (PID=92) to work on /opt/airflow/dags/movie_batch_pipeline_dag.py
[2026-05-05T08:49:34.821+0000] {processor.py:830} INFO - Processing file /opt/airflow/dags/movie_batch_pipeline_dag.py for tasks to queue
[2026-05-05T08:49:34.824+0000] {logging_mixin.py:188} INFO - [2026-05-05T08:49:34.823+0000] {dagbag.py:545} INFO - Filling up the DagBag from /opt/airflow/dags/movie_batch_pipeline_dag.py
[2026-05-05T08:49:34.888+0000] {processor.py:840} INFO - DAG(s) 'movie_batch_pipeline_dag' retrieved from /opt/airflow/dags/movie_batch_pipeline_dag.py
[2026-05-05T08:49:34.916+0000] {logging_mixin.py:188} INFO - [2026-05-05T08:49:34.916+0000] {dag.py:3096} INFO - Sync 1 DAGs
[2026-05-05T08:49:34.940+0000] {logging_mixin.py:188} INFO - [2026-05-05T08:49:34.940+0000] {dag.py:3954} INFO - Setting next_dagrun for movie_batch_pipeline_dag to 2026-05-05 00:00:00+00:00, run_after=2026-05-06 00:00:00+00:00
[2026-05-05T08:49:34.966+0000] {processor.py:183} INFO - Processing /opt/airflow/dags/movie_batch_pipeline_dag.py took 0.152 seconds
[2026-05-05T08:50:05.036+0000] {processor.py:161} INFO - Started process (PID=93) to work on /opt/airflow/dags/movie_batch_pipeline_dag.py
[2026-05-05T08:50:05.037+0000] {processor.py:830} INFO - Processing file /opt/airflow/dags/movie_batch_pipeline_dag.py for tasks to queue
[2026-05-05T08:50:05.039+0000] {logging_mixin.py:188} INFO - [2026-05-05T08:50:05.039+0000] {dagbag.py:545} INFO - Filling up the DagBag from /opt/airflow/dags/movie_batch_pipeline_dag.py
[2026-05-05T08:50:05.095+0000] {processor.py:840} INFO - DAG(s) 'movie_batch_pipeline_dag' retrieved from /opt/airflow/dags/movie_batch_pipeline_dag.py
[2026-05-05T08:50:05.123+0000] {logging_mixin.py:188} INFO - [2026-05-05T08:50:05.123+0000] {dag.py:3096} INFO - Sync 1 DAGs
[2026-05-05T08:50:05.145+0000] {logging_mixin.py:188} INFO - [2026-05-05T08:50:05.145+0000] {dag.py:3954} INFO - Setting next_dagrun for movie_batch_pipeline_dag to 2026-05-05 00:00:00+00:00, run_after=2026-05-06 00:00:00+00:00
[2026-05-05T08:50:05.177+0000] {processor.py:183} INFO - Processing /opt/airflow/dags/movie_batch_pipeline_dag.py took 0.146 seconds
[2026-05-05T08:50:35.375+0000] {processor.py:161} INFO - Started process (PID=94) to work on /opt/airflow/dags/movie_batch_pipeline_dag.py
[2026-05-05T08:50:35.376+0000] {processor.py:830} INFO - Processing file /opt/airflow/dags/movie_batch_pipeline_dag.py for tasks to queue
[2026-05-05T08:50:35.379+0000] {logging_mixin.py:188} INFO - [2026-05-05T08:50:35.378+0000] {dagbag.py:545} INFO - Filling up the DagBag from /opt/airflow/dags/movie_batch_pipeline_dag.py
[2026-05-05T08:50:35.445+0000] {processor.py:840} INFO - DAG(s) 'movie_batch_pipeline_dag' retrieved from /opt/airflow/dags/movie_batch_pipeline_dag.py
[2026-05-05T08:50:35.478+0000] {logging_mixin.py:188} INFO - [2026-05-05T08:50:35.478+0000] {dag.py:3096} INFO - Sync 1 DAGs
[2026-05-05T08:50:35.504+0000] {logging_mixin.py:188} INFO - [2026-05-05T08:50:35.504+0000] {dag.py:3954} INFO - Setting next_dagrun for movie_batch_pipeline_dag to 2026-05-05 00:00:00+00:00, run_after=2026-05-06 00:00:00+00:00
[2026-05-05T08:50:35.529+0000] {processor.py:183} INFO - Processing /opt/airflow/dags/movie_batch_pipeline_dag.py took 0.160 seconds
[2026-05-05T08:51:05.609+0000] {processor.py:161} INFO - Started process (PID=95) to work on /opt/airflow/dags/movie_batch_pipeline_dag.py
[2026-05-05T08:51:05.610+0000] {processor.py:830} INFO - Processing file /opt/airflow/dags/movie_batch_pipeline_dag.py for tasks to queue
[2026-05-05T08:51:05.613+0000] {logging_mixin.py:188} INFO - [2026-05-05T08:51:05.613+0000] {dagbag.py:545} INFO - Filling up the DagBag from /opt/airflow/dags/movie_batch_pipeline_dag.py
[2026-05-05T08:51:05.694+0000] {processor.py:840} INFO - DAG(s) 'movie_batch_pipeline_dag' retrieved from /opt/airflow/dags/movie_batch_pipeline_dag.py
[2026-05-05T08:51:05.735+0000] {logging_mixin.py:188} INFO - [2026-05-05T08:51:05.734+0000] {dag.py:3096} INFO - Sync 1 DAGs
[2026-05-05T08:51:05.764+0000] {logging_mixin.py:188} INFO - [2026-05-05T08:51:05.763+0000] {dag.py:3954} INFO - Setting next_dagrun for movie_batch_pipeline_dag to 2026-05-05 00:00:00+00:00, run_after=2026-05-06 00:00:00+00:00
[2026-05-05T08:51:05.797+0000] {processor.py:183} INFO - Processing /opt/airflow/dags/movie_batch_pipeline_dag.py took 0.194 seconds
[2026-05-05T08:51:35.965+0000] {processor.py:161} INFO - Started process (PID=96) to work on /opt/airflow/dags/movie_batch_pipeline_dag.py
[2026-05-05T08:51:35.966+0000] {processor.py:830} INFO - Processing file /opt/airflow/dags/movie_batch_pipeline_dag.py for tasks to queue
[2026-05-05T08:51:35.968+0000] {logging_mixin.py:188} INFO - [2026-05-05T08:51:35.967+0000] {dagbag.py:545} INFO - Filling up the DagBag from /opt/airflow/dags/movie_batch_pipeline_dag.py
[2026-05-05T08:51:36.037+0000] {processor.py:840} INFO - DAG(s) 'movie_batch_pipeline_dag' retrieved from /opt/airflow/dags/movie_batch_pipeline_dag.py
[2026-05-05T08:51:36.066+0000] {logging_mixin.py:188} INFO - [2026-05-05T08:51:36.066+0000] {dag.py:3096} INFO - Sync 1 DAGs
[2026-05-05T08:51:36.090+0000] {logging_mixin.py:188} INFO - [2026-05-05T08:51:36.090+0000] {dag.py:3954} INFO - Setting next_dagrun for movie_batch_pipeline_dag to 2026-05-05 00:00:00+00:00, run_after=2026-05-06 00:00:00+00:00
[2026-05-05T08:51:36.117+0000] {processor.py:183} INFO - Processing /opt/airflow/dags/movie_batch_pipeline_dag.py took 0.158 seconds
[2026-05-05T08:52:06.212+0000] {processor.py:161} INFO - Started process (PID=97) to work on /opt/airflow/dags/movie_batch_pipeline_dag.py
[2026-05-05T08:52:06.213+0000] {processor.py:830} INFO - Processing file /opt/airflow/dags/movie_batch_pipeline_dag.py for tasks to queue
[2026-05-05T08:52:06.215+0000] {logging_mixin.py:188} INFO - [2026-05-05T08:52:06.215+0000] {dagbag.py:545} INFO - Filling up the DagBag from /opt/airflow/dags/movie_batch_pipeline_dag.py
[2026-05-05T08:52:06.275+0000] {processor.py:840} INFO - DAG(s) 'movie_batch_pipeline_dag' retrieved from /opt/airflow/dags/movie_batch_pipeline_dag.py
[2026-05-05T08:52:06.309+0000] {logging_mixin.py:188} INFO - [2026-05-05T08:52:06.309+0000] {dag.py:3096} INFO - Sync 1 DAGs
[2026-05-05T08:52:06.338+0000] {logging_mixin.py:188} INFO - [2026-05-05T08:52:06.338+0000] {dag.py:3954} INFO - Setting next_dagrun for movie_batch_pipeline_dag to 2026-05-05 00:00:00+00:00, run_after=2026-05-06 00:00:00+00:00
[2026-05-05T08:52:06.366+0000] {processor.py:183} INFO - Processing /opt/airflow/dags/movie_batch_pipeline_dag.py took 0.160 seconds
[2026-05-05T09:24:35.011+0000] {processor.py:161} INFO - Started process (PID=29) to work on /opt/airflow/dags/movie_batch_pipeline_dag.py
[2026-05-05T09:24:35.014+0000] {processor.py:830} INFO - Processing file /opt/airflow/dags/movie_batch_pipeline_dag.py for tasks to queue
[2026-05-05T09:24:35.019+0000] {logging_mixin.py:188} INFO - [2026-05-05T09:24:35.018+0000] {dagbag.py:545} INFO - Filling up the DagBag from /opt/airflow/dags/movie_batch_pipeline_dag.py
[2026-05-05T09:24:35.144+0000] {processor.py:840} INFO - DAG(s) 'movie_batch_pipeline_dag' retrieved from /opt/airflow/dags/movie_batch_pipeline_dag.py
[2026-05-05T09:24:35.185+0000] {logging_mixin.py:188} INFO - [2026-05-05T09:24:35.185+0000] {dag.py:3096} INFO - Sync 1 DAGs
[2026-05-05T09:24:35.218+0000] {logging_mixin.py:188} INFO - [2026-05-05T09:24:35.218+0000] {dag.py:3954} INFO - Setting next_dagrun for movie_batch_pipeline_dag to 2026-05-05 00:00:00+00:00, run_after=2026-05-06 00:00:00+00:00
[2026-05-05T09:24:35.252+0000] {processor.py:183} INFO - Processing /opt/airflow/dags/movie_batch_pipeline_dag.py took 0.254 seconds
[2026-05-05T09:25:05.449+0000] {processor.py:161} INFO - Started process (PID=38) to work on /opt/airflow/dags/movie_batch_pipeline_dag.py
[2026-05-05T09:25:05.451+0000] {processor.py:830} INFO - Processing file /opt/airflow/dags/movie_batch_pipeline_dag.py for tasks to queue
[2026-05-05T09:25:05.453+0000] {logging_mixin.py:188} INFO - [2026-05-05T09:25:05.453+0000] {dagbag.py:545} INFO - Filling up the DagBag from /opt/airflow/dags/movie_batch_pipeline_dag.py
[2026-05-05T09:25:05.520+0000] {processor.py:840} INFO - DAG(s) 'movie_batch_pipeline_dag' retrieved from /opt/airflow/dags/movie_batch_pipeline_dag.py
[2026-05-05T09:25:05.886+0000] {logging_mixin.py:188} INFO - [2026-05-05T09:25:05.886+0000] {dag.py:3096} INFO - Sync 1 DAGs
[2026-05-05T09:25:05.904+0000] {logging_mixin.py:188} INFO - [2026-05-05T09:25:05.903+0000] {dag.py:3954} INFO - Setting next_dagrun for movie_batch_pipeline_dag to 2026-05-05 00:00:00+00:00, run_after=2026-05-06 00:00:00+00:00
[2026-05-05T09:25:05.927+0000] {processor.py:183} INFO - Processing /opt/airflow/dags/movie_batch_pipeline_dag.py took 0.484 seconds
[2026-05-05T09:25:36.126+0000] {processor.py:161} INFO - Started process (PID=39) to work on /opt/airflow/dags/movie_batch_pipeline_dag.py
[2026-05-05T09:25:36.127+0000] {processor.py:830} INFO - Processing file /opt/airflow/dags/movie_batch_pipeline_dag.py for tasks to queue
[2026-05-05T09:25:36.129+0000] {logging_mixin.py:188} INFO - [2026-05-05T09:25:36.129+0000] {dagbag.py:545} INFO - Filling up the DagBag from /opt/airflow/dags/movie_batch_pipeline_dag.py
[2026-05-05T09:25:36.184+0000] {processor.py:840} INFO - DAG(s) 'movie_batch_pipeline_dag' retrieved from /opt/airflow/dags/movie_batch_pipeline_dag.py
[2026-05-05T09:25:36.209+0000] {logging_mixin.py:188} INFO - [2026-05-05T09:25:36.209+0000] {dag.py:3096} INFO - Sync 1 DAGs
[2026-05-05T09:25:36.339+0000] {logging_mixin.py:188} INFO - [2026-05-05T09:25:36.339+0000] {dag.py:3954} INFO - Setting next_dagrun for movie_batch_pipeline_dag to 2026-05-05 00:00:00+00:00, run_after=2026-05-06 00:00:00+00:00
[2026-05-05T09:25:36.360+0000] {processor.py:183} INFO - Processing /opt/airflow/dags/movie_batch_pipeline_dag.py took 0.240 seconds
[2026-05-05T09:26:06.581+0000] {processor.py:161} INFO - Started process (PID=40) to work on /opt/airflow/dags/movie_batch_pipeline_dag.py
[2026-05-05T09:26:06.582+0000] {processor.py:830} INFO - Processing file /opt/airflow/dags/movie_batch_pipeline_dag.py for tasks to queue
[2026-05-05T09:26:06.584+0000] {logging_mixin.py:188} INFO - [2026-05-05T09:26:06.583+0000] {dagbag.py:545} INFO - Filling up the DagBag from /opt/airflow/dags/movie_batch_pipeline_dag.py
[2026-05-05T09:26:06.641+0000] {processor.py:840} INFO - DAG(s) 'movie_batch_pipeline_dag' retrieved from /opt/airflow/dags/movie_batch_pipeline_dag.py
[2026-05-05T09:26:06.803+0000] {logging_mixin.py:188} INFO - [2026-05-05T09:26:06.803+0000] {dag.py:3096} INFO - Sync 1 DAGs
[2026-05-05T09:26:06.818+0000] {logging_mixin.py:188} INFO - [2026-05-05T09:26:06.818+0000] {dag.py:3954} INFO - Setting next_dagrun for movie_batch_pipeline_dag to 2026-05-05 00:00:00+00:00, run_after=2026-05-06 00:00:00+00:00
[2026-05-05T09:26:06.837+0000] {processor.py:183} INFO - Processing /opt/airflow/dags/movie_batch_pipeline_dag.py took 0.262 seconds
[2026-05-05T09:26:37.065+0000] {processor.py:161} INFO - Started process (PID=41) to work on /opt/airflow/dags/movie_batch_pipeline_dag.py
[2026-05-05T09:26:37.066+0000] {processor.py:830} INFO - Processing file /opt/airflow/dags/movie_batch_pipeline_dag.py for tasks to queue
[2026-05-05T09:26:37.069+0000] {logging_mixin.py:188} INFO - [2026-05-05T09:26:37.069+0000] {dagbag.py:545} INFO - Filling up the DagBag from /opt/airflow/dags/movie_batch_pipeline_dag.py
[2026-05-05T09:26:37.269+0000] {processor.py:840} INFO - DAG(s) 'movie_batch_pipeline_dag' retrieved from /opt/airflow/dags/movie_batch_pipeline_dag.py
[2026-05-05T09:26:37.291+0000] {logging_mixin.py:188} INFO - [2026-05-05T09:26:37.290+0000] {dag.py:3096} INFO - Sync 1 DAGs
[2026-05-05T09:26:37.308+0000] {logging_mixin.py:188} INFO - [2026-05-05T09:26:37.308+0000] {dag.py:3954} INFO - Setting next_dagrun for movie_batch_pipeline_dag to 2026-05-05 00:00:00+00:00, run_after=2026-05-06 00:00:00+00:00
[2026-05-05T09:26:37.329+0000] {processor.py:183} INFO - Processing /opt/airflow/dags/movie_batch_pipeline_dag.py took 0.270 seconds
[2026-05-05T09:27:07.565+0000] {processor.py:161} INFO - Started process (PID=42) to work on /opt/airflow/dags/movie_batch_pipeline_dag.py
[2026-05-05T09:27:07.566+0000] {processor.py:830} INFO - Processing file /opt/airflow/dags/movie_batch_pipeline_dag.py for tasks to queue
[2026-05-05T09:27:07.568+0000] {logging_mixin.py:188} INFO - [2026-05-05T09:27:07.568+0000] {dagbag.py:545} INFO - Filling up the DagBag from /opt/airflow/dags/movie_batch_pipeline_dag.py
[2026-05-05T09:27:07.625+0000] {processor.py:840} INFO - DAG(s) 'movie_batch_pipeline_dag' retrieved from /opt/airflow/dags/movie_batch_pipeline_dag.py
[2026-05-05T09:27:07.653+0000] {logging_mixin.py:188} INFO - [2026-05-05T09:27:07.652+0000] {dag.py:3096} INFO - Sync 1 DAGs
[2026-05-05T09:27:07.675+0000] {logging_mixin.py:188} INFO - [2026-05-05T09:27:07.675+0000] {dag.py:3954} INFO - Setting next_dagrun for movie_batch_pipeline_dag to 2026-05-05 00:00:00+00:00, run_after=2026-05-06 00:00:00+00:00
[2026-05-05T09:27:07.699+0000] {processor.py:183} INFO - Processing /opt/airflow/dags/movie_batch_pipeline_dag.py took 0.141 seconds
[2026-05-05T09:27:37.746+0000] {processor.py:161} INFO - Started process (PID=43) to work on /opt/airflow/dags/movie_batch_pipeline_dag.py
[2026-05-05T09:27:37.747+0000] {processor.py:830} INFO - Processing file /opt/airflow/dags/movie_batch_pipeline_dag.py for tasks to queue
[2026-05-05T09:27:37.750+0000] {logging_mixin.py:188} INFO - [2026-05-05T09:27:37.749+0000] {dagbag.py:545} INFO - Filling up the DagBag from /opt/airflow/dags/movie_batch_pipeline_dag.py
[2026-05-05T09:27:37.812+0000] {processor.py:840} INFO - DAG(s) 'movie_batch_pipeline_dag' retrieved from /opt/airflow/dags/movie_batch_pipeline_dag.py
[2026-05-05T09:27:37.840+0000] {logging_mixin.py:188} INFO - [2026-05-05T09:27:37.840+0000] {dag.py:3096} INFO - Sync 1 DAGs
[2026-05-05T09:27:37.861+0000] {logging_mixin.py:188} INFO - [2026-05-05T09:27:37.861+0000] {dag.py:3954} INFO - Setting next_dagrun for movie_batch_pipeline_dag to 2026-05-05 00:00:00+00:00, run_after=2026-05-06 00:00:00+00:00
[2026-05-05T09:27:37.884+0000] {processor.py:183} INFO - Processing /opt/airflow/dags/movie_batch_pipeline_dag.py took 0.144 seconds
[2026-05-05T09:28:08.079+0000] {processor.py:161} INFO - Started process (PID=44) to work on /opt/airflow/dags/movie_batch_pipeline_dag.py
[2026-05-05T09:28:08.080+0000] {processor.py:830} INFO - Processing file /opt/airflow/dags/movie_batch_pipeline_dag.py for tasks to queue
[2026-05-05T09:28:08.084+0000] {logging_mixin.py:188} INFO - [2026-05-05T09:28:08.083+0000] {dagbag.py:545} INFO - Filling up the DagBag from /opt/airflow/dags/movie_batch_pipeline_dag.py
[2026-05-05T09:28:08.171+0000] {processor.py:840} INFO - DAG(s) 'movie_batch_pipeline_dag' retrieved from /opt/airflow/dags/movie_batch_pipeline_dag.py
[2026-05-05T09:28:08.206+0000] {logging_mixin.py:188} INFO - [2026-05-05T09:28:08.206+0000] {dag.py:3096} INFO - Sync 1 DAGs
[2026-05-05T09:28:08.247+0000] {logging_mixin.py:188} INFO - [2026-05-05T09:28:08.246+0000] {dag.py:3954} INFO - Setting next_dagrun for movie_batch_pipeline_dag to 2026-05-05 00:00:00+00:00, run_after=2026-05-06 00:00:00+00:00
[2026-05-05T09:28:08.278+0000] {processor.py:183} INFO - Processing /opt/airflow/dags/movie_batch_pipeline_dag.py took 0.205 seconds
[2026-05-05T09:28:38.490+0000] {processor.py:161} INFO - Started process (PID=45) to work on /opt/airflow/dags/movie_batch_pipeline_dag.py
[2026-05-05T09:28:38.491+0000] {processor.py:830} INFO - Processing file /opt/airflow/dags/movie_batch_pipeline_dag.py for tasks to queue
[2026-05-05T09:28:38.493+0000] {logging_mixin.py:188} INFO - [2026-05-05T09:28:38.493+0000] {dagbag.py:545} INFO - Filling up the DagBag from /opt/airflow/dags/movie_batch_pipeline_dag.py
[2026-05-05T09:28:38.648+0000] {processor.py:840} INFO - DAG(s) 'movie_batch_pipeline_dag' retrieved from /opt/airflow/dags/movie_batch_pipeline_dag.py
[2026-05-05T09:28:38.679+0000] {logging_mixin.py:188} INFO - [2026-05-05T09:28:38.679+0000] {dag.py:3096} INFO - Sync 1 DAGs
[2026-05-05T09:28:38.701+0000] {logging_mixin.py:188} INFO - [2026-05-05T09:28:38.701+0000] {dag.py:3954} INFO - Setting next_dagrun for movie_batch_pipeline_dag to 2026-05-05 00:00:00+00:00, run_after=2026-05-06 00:00:00+00:00
[2026-05-05T09:28:38.721+0000] {processor.py:183} INFO - Processing /opt/airflow/dags/movie_batch_pipeline_dag.py took 0.237 seconds
[2026-05-05T09:29:08.903+0000] {processor.py:161} INFO - Started process (PID=46) to work on /opt/airflow/dags/movie_batch_pipeline_dag.py
[2026-05-05T09:29:08.905+0000] {processor.py:830} INFO - Processing file /opt/airflow/dags/movie_batch_pipeline_dag.py for tasks to queue
[2026-05-05T09:29:08.908+0000] {logging_mixin.py:188} INFO - [2026-05-05T09:29:08.908+0000] {dagbag.py:545} INFO - Filling up the DagBag from /opt/airflow/dags/movie_batch_pipeline_dag.py
[2026-05-05T09:29:08.975+0000] {processor.py:840} INFO - DAG(s) 'movie_batch_pipeline_dag' retrieved from /opt/airflow/dags/movie_batch_pipeline_dag.py
[2026-05-05T09:29:09.004+0000] {logging_mixin.py:188} INFO - [2026-05-05T09:29:09.003+0000] {dag.py:3096} INFO - Sync 1 DAGs
[2026-05-05T09:29:09.026+0000] {logging_mixin.py:188} INFO - [2026-05-05T09:29:09.026+0000] {dag.py:3954} INFO - Setting next_dagrun for movie_batch_pipeline_dag to 2026-05-05 00:00:00+00:00, run_after=2026-05-06 00:00:00+00:00
[2026-05-05T09:29:09.047+0000] {processor.py:183} INFO - Processing /opt/airflow/dags/movie_batch_pipeline_dag.py took 0.150 seconds
[2026-05-05T09:29:39.167+0000] {processor.py:161} INFO - Started process (PID=47) to work on /opt/airflow/dags/movie_batch_pipeline_dag.py
[2026-05-05T09:29:39.168+0000] {processor.py:830} INFO - Processing file /opt/airflow/dags/movie_batch_pipeline_dag.py for tasks to queue
[2026-05-05T09:29:39.170+0000] {logging_mixin.py:188} INFO - [2026-05-05T09:29:39.170+0000] {dagbag.py:545} INFO - Filling up the DagBag from /opt/airflow/dags/movie_batch_pipeline_dag.py
[2026-05-05T09:29:39.227+0000] {processor.py:840} INFO - DAG(s) 'movie_batch_pipeline_dag' retrieved from /opt/airflow/dags/movie_batch_pipeline_dag.py
[2026-05-05T09:29:39.255+0000] {logging_mixin.py:188} INFO - [2026-05-05T09:29:39.255+0000] {dag.py:3096} INFO - Sync 1 DAGs
[2026-05-05T09:29:39.280+0000] {logging_mixin.py:188} INFO - [2026-05-05T09:29:39.279+0000] {dag.py:3954} INFO - Setting next_dagrun for movie_batch_pipeline_dag to 2026-05-05 00:00:00+00:00, run_after=2026-05-06 00:00:00+00:00
[2026-05-05T09:29:39.301+0000] {processor.py:183} INFO - Processing /opt/airflow/dags/movie_batch_pipeline_dag.py took 0.141 seconds
[2026-05-05T09:30:09.461+0000] {processor.py:161} INFO - Started process (PID=48) to work on /opt/airflow/dags/movie_batch_pipeline_dag.py
[2026-05-05T09:30:09.462+0000] {processor.py:830} INFO - Processing file /opt/airflow/dags/movie_batch_pipeline_dag.py for tasks to queue
[2026-05-05T09:30:09.464+0000] {logging_mixin.py:188} INFO - [2026-05-05T09:30:09.463+0000] {dagbag.py:545} INFO - Filling up the DagBag from /opt/airflow/dags/movie_batch_pipeline_dag.py
[2026-05-05T09:30:09.522+0000] {processor.py:840} INFO - DAG(s) 'movie_batch_pipeline_dag' retrieved from /opt/airflow/dags/movie_batch_pipeline_dag.py
[2026-05-05T09:30:09.548+0000] {logging_mixin.py:188} INFO - [2026-05-05T09:30:09.548+0000] {dag.py:3096} INFO - Sync 1 DAGs
[2026-05-05T09:30:09.570+0000] {logging_mixin.py:188} INFO - [2026-05-05T09:30:09.570+0000] {dag.py:3954} INFO - Setting next_dagrun for movie_batch_pipeline_dag to 2026-05-05 00:00:00+00:00, run_after=2026-05-06 00:00:00+00:00
[2026-05-05T09:30:09.595+0000] {processor.py:183} INFO - Processing /opt/airflow/dags/movie_batch_pipeline_dag.py took 0.140 seconds
[2026-05-05T09:30:39.719+0000] {processor.py:161} INFO - Started process (PID=49) to work on /opt/airflow/dags/movie_batch_pipeline_dag.py
[2026-05-05T09:30:39.720+0000] {processor.py:830} INFO - Processing file /opt/airflow/dags/movie_batch_pipeline_dag.py for tasks to queue
[2026-05-05T09:30:39.723+0000] {logging_mixin.py:188} INFO - [2026-05-05T09:30:39.722+0000] {dagbag.py:545} INFO - Filling up the DagBag from /opt/airflow/dags/movie_batch_pipeline_dag.py
[2026-05-05T09:30:39.781+0000] {processor.py:840} INFO - DAG(s) 'movie_batch_pipeline_dag' retrieved from /opt/airflow/dags/movie_batch_pipeline_dag.py
[2026-05-05T09:30:39.806+0000] {logging_mixin.py:188} INFO - [2026-05-05T09:30:39.806+0000] {dag.py:3096} INFO - Sync 1 DAGs
[2026-05-05T09:30:39.827+0000] {logging_mixin.py:188} INFO - [2026-05-05T09:30:39.827+0000] {dag.py:3954} INFO - Setting next_dagrun for movie_batch_pipeline_dag to 2026-05-05 00:00:00+00:00, run_after=2026-05-06 00:00:00+00:00
[2026-05-05T09:30:39.849+0000] {processor.py:183} INFO - Processing /opt/airflow/dags/movie_batch_pipeline_dag.py took 0.136 seconds
[2026-05-05T09:31:09.967+0000] {processor.py:161} INFO - Started process (PID=50) to work on /opt/airflow/dags/movie_batch_pipeline_dag.py
[2026-05-05T09:31:09.969+0000] {processor.py:830} INFO - Processing file /opt/airflow/dags/movie_batch_pipeline_dag.py for tasks to queue
[2026-05-05T09:31:09.971+0000] {logging_mixin.py:188} INFO - [2026-05-05T09:31:09.971+0000] {dagbag.py:545} INFO - Filling up the DagBag from /opt/airflow/dags/movie_batch_pipeline_dag.py
[2026-05-05T09:31:10.049+0000] {processor.py:840} INFO - DAG(s) 'movie_batch_pipeline_dag' retrieved from /opt/airflow/dags/movie_batch_pipeline_dag.py
[2026-05-05T09:31:10.080+0000] {logging_mixin.py:188} INFO - [2026-05-05T09:31:10.080+0000] {dag.py:3096} INFO - Sync 1 DAGs
[2026-05-05T09:31:10.104+0000] {logging_mixin.py:188} INFO - [2026-05-05T09:31:10.104+0000] {dag.py:3954} INFO - Setting next_dagrun for movie_batch_pipeline_dag to 2026-05-05 00:00:00+00:00, run_after=2026-05-06 00:00:00+00:00
[2026-05-05T09:31:10.127+0000] {processor.py:183} INFO - Processing /opt/airflow/dags/movie_batch_pipeline_dag.py took 0.166 seconds
[2026-05-05T09:31:40.223+0000] {processor.py:161} INFO - Started process (PID=51) to work on /opt/airflow/dags/movie_batch_pipeline_dag.py
[2026-05-05T09:31:40.224+0000] {processor.py:830} INFO - Processing file /opt/airflow/dags/movie_batch_pipeline_dag.py for tasks to queue
[2026-05-05T09:31:40.227+0000] {logging_mixin.py:188} INFO - [2026-05-05T09:31:40.227+0000] {dagbag.py:545} INFO - Filling up the DagBag from /opt/airflow/dags/movie_batch_pipeline_dag.py
[2026-05-05T09:31:40.295+0000] {processor.py:840} INFO - DAG(s) 'movie_batch_pipeline_dag' retrieved from /opt/airflow/dags/movie_batch_pipeline_dag.py
[2026-05-05T09:31:40.331+0000] {logging_mixin.py:188} INFO - [2026-05-05T09:31:40.330+0000] {dag.py:3096} INFO - Sync 1 DAGs
[2026-05-05T09:31:40.354+0000] {logging_mixin.py:188} INFO - [2026-05-05T09:31:40.353+0000] {dag.py:3954} INFO - Setting next_dagrun for movie_batch_pipeline_dag to 2026-05-05 00:00:00+00:00, run_after=2026-05-06 00:00:00+00:00
[2026-05-05T09:31:40.374+0000] {processor.py:183} INFO - Processing /opt/airflow/dags/movie_batch_pipeline_dag.py took 0.157 seconds
[2026-05-05T09:32:10.555+0000] {processor.py:161} INFO - Started process (PID=52) to work on /opt/airflow/dags/movie_batch_pipeline_dag.py
[2026-05-05T09:32:10.556+0000] {processor.py:830} INFO - Processing file /opt/airflow/dags/movie_batch_pipeline_dag.py for tasks to queue
[2026-05-05T09:32:10.558+0000] {logging_mixin.py:188} INFO - [2026-05-05T09:32:10.558+0000] {dagbag.py:545} INFO - Filling up the DagBag from /opt/airflow/dags/movie_batch_pipeline_dag.py
[2026-05-05T09:32:10.620+0000] {processor.py:840} INFO - DAG(s) 'movie_batch_pipeline_dag' retrieved from /opt/airflow/dags/movie_batch_pipeline_dag.py
[2026-05-05T09:32:10.649+0000] {logging_mixin.py:188} INFO - [2026-05-05T09:32:10.648+0000] {dag.py:3096} INFO - Sync 1 DAGs
[2026-05-05T09:32:10.671+0000] {logging_mixin.py:188} INFO - [2026-05-05T09:32:10.671+0000] {dag.py:3954} INFO - Setting next_dagrun for movie_batch_pipeline_dag to 2026-05-05 00:00:00+00:00, run_after=2026-05-06 00:00:00+00:00
[2026-05-05T09:32:10.693+0000] {processor.py:183} INFO - Processing /opt/airflow/dags/movie_batch_pipeline_dag.py took 0.143 seconds
[2026-05-05T09:32:40.785+0000] {processor.py:161} INFO - Started process (PID=53) to work on /opt/airflow/dags/movie_batch_pipeline_dag.py
[2026-05-05T09:32:40.786+0000] {processor.py:830} INFO - Processing file /opt/airflow/dags/movie_batch_pipeline_dag.py for tasks to queue
[2026-05-05T09:32:40.789+0000] {logging_mixin.py:188} INFO - [2026-05-05T09:32:40.789+0000] {dagbag.py:545} INFO - Filling up the DagBag from /opt/airflow/dags/movie_batch_pipeline_dag.py
[2026-05-05T09:32:40.954+0000] {processor.py:840} INFO - DAG(s) 'movie_batch_pipeline_dag' retrieved from /opt/airflow/dags/movie_batch_pipeline_dag.py
[2026-05-05T09:32:41.000+0000] {logging_mixin.py:188} INFO - [2026-05-05T09:32:41.000+0000] {dag.py:3096} INFO - Sync 1 DAGs
[2026-05-05T09:32:41.025+0000] {logging_mixin.py:188} INFO - [2026-05-05T09:32:41.025+0000] {dag.py:3954} INFO - Setting next_dagrun for movie_batch_pipeline_dag to 2026-05-05 00:00:00+00:00, run_after=2026-05-06 00:00:00+00:00
[2026-05-05T09:32:41.045+0000] {processor.py:183} INFO - Processing /opt/airflow/dags/movie_batch_pipeline_dag.py took 0.269 seconds
[2026-05-05T09:33:11.083+0000] {processor.py:161} INFO - Started process (PID=54) to work on /opt/airflow/dags/movie_batch_pipeline_dag.py
[2026-05-05T09:33:11.084+0000] {processor.py:830} INFO - Processing file /opt/airflow/dags/movie_batch_pipeline_dag.py for tasks to queue
[2026-05-05T09:33:11.086+0000] {logging_mixin.py:188} INFO - [2026-05-05T09:33:11.086+0000] {dagbag.py:545} INFO - Filling up the DagBag from /opt/airflow/dags/movie_batch_pipeline_dag.py
[2026-05-05T09:33:11.152+0000] {processor.py:840} INFO - DAG(s) 'movie_batch_pipeline_dag' retrieved from /opt/airflow/dags/movie_batch_pipeline_dag.py
[2026-05-05T09:33:11.184+0000] {logging_mixin.py:188} INFO - [2026-05-05T09:33:11.184+0000] {dag.py:3096} INFO - Sync 1 DAGs
[2026-05-05T09:33:11.207+0000] {logging_mixin.py:188} INFO - [2026-05-05T09:33:11.206+0000] {dag.py:3954} INFO - Setting next_dagrun for movie_batch_pipeline_dag to 2026-05-05 00:00:00+00:00, run_after=2026-05-06 00:00:00+00:00
[2026-05-05T09:33:11.232+0000] {processor.py:183} INFO - Processing /opt/airflow/dags/movie_batch_pipeline_dag.py took 0.155 seconds
[2026-05-05T09:33:41.405+0000] {processor.py:161} INFO - Started process (PID=55) to work on /opt/airflow/dags/movie_batch_pipeline_dag.py
[2026-05-05T09:33:41.406+0000] {processor.py:830} INFO - Processing file /opt/airflow/dags/movie_batch_pipeline_dag.py for tasks to queue
[2026-05-05T09:33:41.409+0000] {logging_mixin.py:188} INFO - [2026-05-05T09:33:41.409+0000] {dagbag.py:545} INFO - Filling up the DagBag from /opt/airflow/dags/movie_batch_pipeline_dag.py
[2026-05-05T09:33:41.491+0000] {processor.py:840} INFO - DAG(s) 'movie_batch_pipeline_dag' retrieved from /opt/airflow/dags/movie_batch_pipeline_dag.py
[2026-05-05T09:33:41.520+0000] {logging_mixin.py:188} INFO - [2026-05-05T09:33:41.520+0000] {dag.py:3096} INFO - Sync 1 DAGs
[2026-05-05T09:33:41.543+0000] {logging_mixin.py:188} INFO - [2026-05-05T09:33:41.543+0000] {dag.py:3954} INFO - Setting next_dagrun for movie_batch_pipeline_dag to 2026-05-05 00:00:00+00:00, run_after=2026-05-06 00:00:00+00:00
[2026-05-05T09:33:41.564+0000] {processor.py:183} INFO - Processing /opt/airflow/dags/movie_batch_pipeline_dag.py took 0.165 seconds
[2026-05-05T09:34:11.612+0000] {processor.py:161} INFO - Started process (PID=56) to work on /opt/airflow/dags/movie_batch_pipeline_dag.py
[2026-05-05T09:34:11.613+0000] {processor.py:830} INFO - Processing file /opt/airflow/dags/movie_batch_pipeline_dag.py for tasks to queue
[2026-05-05T09:34:11.615+0000] {logging_mixin.py:188} INFO - [2026-05-05T09:34:11.614+0000] {dagbag.py:545} INFO - Filling up the DagBag from /opt/airflow/dags/movie_batch_pipeline_dag.py
[2026-05-05T09:34:11.674+0000] {processor.py:840} INFO - DAG(s) 'movie_batch_pipeline_dag' retrieved from /opt/airflow/dags/movie_batch_pipeline_dag.py
[2026-05-05T09:34:11.705+0000] {logging_mixin.py:188} INFO - [2026-05-05T09:34:11.704+0000] {dag.py:3096} INFO - Sync 1 DAGs
[2026-05-05T09:34:11.727+0000] {logging_mixin.py:188} INFO - [2026-05-05T09:34:11.727+0000] {dag.py:3954} INFO - Setting next_dagrun for movie_batch_pipeline_dag to 2026-05-05 00:00:00+00:00, run_after=2026-05-06 00:00:00+00:00
[2026-05-05T09:34:11.754+0000] {processor.py:183} INFO - Processing /opt/airflow/dags/movie_batch_pipeline_dag.py took 0.150 seconds
[2026-05-05T09:34:41.985+0000] {processor.py:161} INFO - Started process (PID=57) to work on /opt/airflow/dags/movie_batch_pipeline_dag.py
[2026-05-05T09:34:41.987+0000] {processor.py:830} INFO - Processing file /opt/airflow/dags/movie_batch_pipeline_dag.py for tasks to queue
[2026-05-05T09:34:41.989+0000] {logging_mixin.py:188} INFO - [2026-05-05T09:34:41.989+0000] {dagbag.py:545} INFO - Filling up the DagBag from /opt/airflow/dags/movie_batch_pipeline_dag.py
[2026-05-05T09:34:42.048+0000] {processor.py:840} INFO - DAG(s) 'movie_batch_pipeline_dag' retrieved from /opt/airflow/dags/movie_batch_pipeline_dag.py
[2026-05-05T09:34:42.075+0000] {logging_mixin.py:188} INFO - [2026-05-05T09:34:42.075+0000] {dag.py:3096} INFO - Sync 1 DAGs
[2026-05-05T09:34:42.099+0000] {logging_mixin.py:188} INFO - [2026-05-05T09:34:42.098+0000] {dag.py:3954} INFO - Setting next_dagrun for movie_batch_pipeline_dag to 2026-05-05 00:00:00+00:00, run_after=2026-05-06 00:00:00+00:00
[2026-05-05T09:34:42.127+0000] {processor.py:183} INFO - Processing /opt/airflow/dags/movie_batch_pipeline_dag.py took 0.147 seconds
[2026-05-05T09:35:12.227+0000] {processor.py:161} INFO - Started process (PID=58) to work on /opt/airflow/dags/movie_batch_pipeline_dag.py
[2026-05-05T09:35:12.228+0000] {processor.py:830} INFO - Processing file /opt/airflow/dags/movie_batch_pipeline_dag.py for tasks to queue
[2026-05-05T09:35:12.230+0000] {logging_mixin.py:188} INFO - [2026-05-05T09:35:12.230+0000] {dagbag.py:545} INFO - Filling up the DagBag from /opt/airflow/dags/movie_batch_pipeline_dag.py
[2026-05-05T09:35:12.290+0000] {processor.py:840} INFO - DAG(s) 'movie_batch_pipeline_dag' retrieved from /opt/airflow/dags/movie_batch_pipeline_dag.py
[2026-05-05T09:35:12.318+0000] {logging_mixin.py:188} INFO - [2026-05-05T09:35:12.318+0000] {dag.py:3096} INFO - Sync 1 DAGs
[2026-05-05T09:35:12.340+0000] {logging_mixin.py:188} INFO - [2026-05-05T09:35:12.340+0000] {dag.py:3954} INFO - Setting next_dagrun for movie_batch_pipeline_dag to 2026-05-05 00:00:00+00:00, run_after=2026-05-06 00:00:00+00:00
[2026-05-05T09:35:12.361+0000] {processor.py:183} INFO - Processing /opt/airflow/dags/movie_batch_pipeline_dag.py took 0.140 seconds
[2026-05-05T09:35:42.578+0000] {processor.py:161} INFO - Started process (PID=59) to work on /opt/airflow/dags/movie_batch_pipeline_dag.py
[2026-05-05T09:35:42.580+0000] {processor.py:830} INFO - Processing file /opt/airflow/dags/movie_batch_pipeline_dag.py for tasks to queue
[2026-05-05T09:35:42.583+0000] {logging_mixin.py:188} INFO - [2026-05-05T09:35:42.582+0000] {dagbag.py:545} INFO - Filling up the DagBag from /opt/airflow/dags/movie_batch_pipeline_dag.py
[2026-05-05T09:35:42.648+0000] {processor.py:840} INFO - DAG(s) 'movie_batch_pipeline_dag' retrieved from /opt/airflow/dags/movie_batch_pipeline_dag.py
[2026-05-05T09:35:42.676+0000] {logging_mixin.py:188} INFO - [2026-05-05T09:35:42.676+0000] {dag.py:3096} INFO - Sync 1 DAGs
[2026-05-05T09:35:42.699+0000] {logging_mixin.py:188} INFO - [2026-05-05T09:35:42.699+0000] {dag.py:3954} INFO - Setting next_dagrun for movie_batch_pipeline_dag to 2026-05-05 00:00:00+00:00, run_after=2026-05-06 00:00:00+00:00
[2026-05-05T09:35:42.722+0000] {processor.py:183} INFO - Processing /opt/airflow/dags/movie_batch_pipeline_dag.py took 0.151 seconds
[2026-05-05T09:36:12.822+0000] {processor.py:161} INFO - Started process (PID=60) to work on /opt/airflow/dags/movie_batch_pipeline_dag.py
[2026-05-05T09:36:12.823+0000] {processor.py:830} INFO - Processing file /opt/airflow/dags/movie_batch_pipeline_dag.py for tasks to queue
[2026-05-05T09:36:12.825+0000] {logging_mixin.py:188} INFO - [2026-05-05T09:36:12.825+0000] {dagbag.py:545} INFO - Filling up the DagBag from /opt/airflow/dags/movie_batch_pipeline_dag.py
[2026-05-05T09:36:12.887+0000] {processor.py:840} INFO - DAG(s) 'movie_batch_pipeline_dag' retrieved from /opt/airflow/dags/movie_batch_pipeline_dag.py
[2026-05-05T09:36:12.915+0000] {logging_mixin.py:188} INFO - [2026-05-05T09:36:12.915+0000] {dag.py:3096} INFO - Sync 1 DAGs
[2026-05-05T09:36:12.936+0000] {logging_mixin.py:188} INFO - [2026-05-05T09:36:12.936+0000] {dag.py:3954} INFO - Setting next_dagrun for movie_batch_pipeline_dag to 2026-05-05 00:00:00+00:00, run_after=2026-05-06 00:00:00+00:00
[2026-05-05T09:36:12.959+0000] {processor.py:183} INFO - Processing /opt/airflow/dags/movie_batch_pipeline_dag.py took 0.142 seconds
[2026-05-05T09:36:43.070+0000] {processor.py:161} INFO - Started process (PID=61) to work on /opt/airflow/dags/movie_batch_pipeline_dag.py
[2026-05-05T09:36:43.071+0000] {processor.py:830} INFO - Processing file /opt/airflow/dags/movie_batch_pipeline_dag.py for tasks to queue
[2026-05-05T09:36:43.074+0000] {logging_mixin.py:188} INFO - [2026-05-05T09:36:43.073+0000] {dagbag.py:545} INFO - Filling up the DagBag from /opt/airflow/dags/movie_batch_pipeline_dag.py
[2026-05-05T09:36:43.159+0000] {processor.py:840} INFO - DAG(s) 'movie_batch_pipeline_dag' retrieved from /opt/airflow/dags/movie_batch_pipeline_dag.py
[2026-05-05T09:36:43.188+0000] {logging_mixin.py:188} INFO - [2026-05-05T09:36:43.188+0000] {dag.py:3096} INFO - Sync 1 DAGs
[2026-05-05T09:36:43.210+0000] {logging_mixin.py:188} INFO - [2026-05-05T09:36:43.210+0000] {dag.py:3954} INFO - Setting next_dagrun for movie_batch_pipeline_dag to 2026-05-05 00:00:00+00:00, run_after=2026-05-06 00:00:00+00:00
[2026-05-05T09:36:43.232+0000] {processor.py:183} INFO - Processing /opt/airflow/dags/movie_batch_pipeline_dag.py took 0.168 seconds
[2026-05-05T09:37:13.415+0000] {processor.py:161} INFO - Started process (PID=62) to work on /opt/airflow/dags/movie_batch_pipeline_dag.py
[2026-05-05T09:37:13.416+0000] {processor.py:830} INFO - Processing file /opt/airflow/dags/movie_batch_pipeline_dag.py for tasks to queue
[2026-05-05T09:37:13.418+0000] {logging_mixin.py:188} INFO - [2026-05-05T09:37:13.418+0000] {dagbag.py:545} INFO - Filling up the DagBag from /opt/airflow/dags/movie_batch_pipeline_dag.py
[2026-05-05T09:37:13.495+0000] {processor.py:840} INFO - DAG(s) 'movie_batch_pipeline_dag' retrieved from /opt/airflow/dags/movie_batch_pipeline_dag.py
[2026-05-05T09:37:13.521+0000] {logging_mixin.py:188} INFO - [2026-05-05T09:37:13.521+0000] {dag.py:3096} INFO - Sync 1 DAGs
[2026-05-05T09:37:13.542+0000] {logging_mixin.py:188} INFO - [2026-05-05T09:37:13.542+0000] {dag.py:3954} INFO - Setting next_dagrun for movie_batch_pipeline_dag to 2026-05-05 00:00:00+00:00, run_after=2026-05-06 00:00:00+00:00
[2026-05-05T09:37:13.564+0000] {processor.py:183} INFO - Processing /opt/airflow/dags/movie_batch_pipeline_dag.py took 0.154 seconds
[2026-05-05T09:37:43.766+0000] {processor.py:161} INFO - Started process (PID=63) to work on /opt/airflow/dags/movie_batch_pipeline_dag.py
[2026-05-05T09:37:43.766+0000] {processor.py:830} INFO - Processing file /opt/airflow/dags/movie_batch_pipeline_dag.py for tasks to queue
[2026-05-05T09:37:43.768+0000] {logging_mixin.py:188} INFO - [2026-05-05T09:37:43.768+0000] {dagbag.py:545} INFO - Filling up the DagBag from /opt/airflow/dags/movie_batch_pipeline_dag.py
[2026-05-05T09:37:43.825+0000] {processor.py:840} INFO - DAG(s) 'movie_batch_pipeline_dag' retrieved from /opt/airflow/dags/movie_batch_pipeline_dag.py
[2026-05-05T09:37:43.854+0000] {logging_mixin.py:188} INFO - [2026-05-05T09:37:43.854+0000] {dag.py:3096} INFO - Sync 1 DAGs
[2026-05-05T09:37:43.877+0000] {logging_mixin.py:188} INFO - [2026-05-05T09:37:43.877+0000] {dag.py:3954} INFO - Setting next_dagrun for movie_batch_pipeline_dag to 2026-05-05 00:00:00+00:00, run_after=2026-05-06 00:00:00+00:00
[2026-05-05T09:37:43.901+0000] {processor.py:183} INFO - Processing /opt/airflow/dags/movie_batch_pipeline_dag.py took 0.140 seconds
[2026-05-05T09:38:14.007+0000] {processor.py:161} INFO - Started process (PID=64) to work on /opt/airflow/dags/movie_batch_pipeline_dag.py
[2026-05-05T09:38:14.008+0000] {processor.py:830} INFO - Processing file /opt/airflow/dags/movie_batch_pipeline_dag.py for tasks to queue
[2026-05-05T09:38:14.011+0000] {logging_mixin.py:188} INFO - [2026-05-05T09:38:14.010+0000] {dagbag.py:545} INFO - Filling up the DagBag from /opt/airflow/dags/movie_batch_pipeline_dag.py
[2026-05-05T09:38:14.071+0000] {processor.py:840} INFO - DAG(s) 'movie_batch_pipeline_dag' retrieved from /opt/airflow/dags/movie_batch_pipeline_dag.py
[2026-05-05T09:38:14.100+0000] {logging_mixin.py:188} INFO - [2026-05-05T09:38:14.100+0000] {dag.py:3096} INFO - Sync 1 DAGs
[2026-05-05T09:38:14.124+0000] {logging_mixin.py:188} INFO - [2026-05-05T09:38:14.123+0000] {dag.py:3954} INFO - Setting next_dagrun for movie_batch_pipeline_dag to 2026-05-05 00:00:00+00:00, run_after=2026-05-06 00:00:00+00:00
[2026-05-05T09:38:14.147+0000] {processor.py:183} INFO - Processing /opt/airflow/dags/movie_batch_pipeline_dag.py took 0.148 seconds
[2026-05-05T09:38:44.338+0000] {processor.py:161} INFO - Started process (PID=65) to work on /opt/airflow/dags/movie_batch_pipeline_dag.py
[2026-05-05T09:38:44.340+0000] {processor.py:830} INFO - Processing file /opt/airflow/dags/movie_batch_pipeline_dag.py for tasks to queue
[2026-05-05T09:38:44.342+0000] {logging_mixin.py:188} INFO - [2026-05-05T09:38:44.342+0000] {dagbag.py:545} INFO - Filling up the DagBag from /opt/airflow/dags/movie_batch_pipeline_dag.py
[2026-05-05T09:38:44.401+0000] {processor.py:840} INFO - DAG(s) 'movie_batch_pipeline_dag' retrieved from /opt/airflow/dags/movie_batch_pipeline_dag.py
[2026-05-05T09:38:44.427+0000] {logging_mixin.py:188} INFO - [2026-05-05T09:38:44.427+0000] {dag.py:3096} INFO - Sync 1 DAGs
[2026-05-05T09:38:44.449+0000] {logging_mixin.py:188} INFO - [2026-05-05T09:38:44.449+0000] {dag.py:3954} INFO - Setting next_dagrun for movie_batch_pipeline_dag to 2026-05-05 00:00:00+00:00, run_after=2026-05-06 00:00:00+00:00
[2026-05-05T09:38:44.471+0000] {processor.py:183} INFO - Processing /opt/airflow/dags/movie_batch_pipeline_dag.py took 0.139 seconds
[2026-05-05T09:39:14.566+0000] {processor.py:161} INFO - Started process (PID=66) to work on /opt/airflow/dags/movie_batch_pipeline_dag.py
[2026-05-05T09:39:14.567+0000] {processor.py:830} INFO - Processing file /opt/airflow/dags/movie_batch_pipeline_dag.py for tasks to queue
[2026-05-05T09:39:14.570+0000] {logging_mixin.py:188} INFO - [2026-05-05T09:39:14.569+0000] {dagbag.py:545} INFO - Filling up the DagBag from /opt/airflow/dags/movie_batch_pipeline_dag.py
[2026-05-05T09:39:14.627+0000] {processor.py:840} INFO - DAG(s) 'movie_batch_pipeline_dag' retrieved from /opt/airflow/dags/movie_batch_pipeline_dag.py
[2026-05-05T09:39:14.654+0000] {logging_mixin.py:188} INFO - [2026-05-05T09:39:14.654+0000] {dag.py:3096} INFO - Sync 1 DAGs
[2026-05-05T09:39:14.675+0000] {logging_mixin.py:188} INFO - [2026-05-05T09:39:14.674+0000] {dag.py:3954} INFO - Setting next_dagrun for movie_batch_pipeline_dag to 2026-05-05 00:00:00+00:00, run_after=2026-05-06 00:00:00+00:00
[2026-05-05T09:39:14.697+0000] {processor.py:183} INFO - Processing /opt/airflow/dags/movie_batch_pipeline_dag.py took 0.137 seconds
[2026-05-05T09:39:44.955+0000] {processor.py:161} INFO - Started process (PID=67) to work on /opt/airflow/dags/movie_batch_pipeline_dag.py
[2026-05-05T09:39:44.956+0000] {processor.py:830} INFO - Processing file /opt/airflow/dags/movie_batch_pipeline_dag.py for tasks to queue
[2026-05-05T09:39:44.959+0000] {logging_mixin.py:188} INFO - [2026-05-05T09:39:44.958+0000] {dagbag.py:545} INFO - Filling up the DagBag from /opt/airflow/dags/movie_batch_pipeline_dag.py
[2026-05-05T09:39:45.020+0000] {processor.py:840} INFO - DAG(s) 'movie_batch_pipeline_dag' retrieved from /opt/airflow/dags/movie_batch_pipeline_dag.py
[2026-05-05T09:39:45.049+0000] {logging_mixin.py:188} INFO - [2026-05-05T09:39:45.049+0000] {dag.py:3096} INFO - Sync 1 DAGs
[2026-05-05T09:39:45.073+0000] {logging_mixin.py:188} INFO - [2026-05-05T09:39:45.072+0000] {dag.py:3954} INFO - Setting next_dagrun for movie_batch_pipeline_dag to 2026-05-05 00:00:00+00:00, run_after=2026-05-06 00:00:00+00:00
[2026-05-05T09:39:45.095+0000] {processor.py:183} INFO - Processing /opt/airflow/dags/movie_batch_pipeline_dag.py took 0.146 seconds
[2026-05-05T09:40:15.199+0000] {processor.py:161} INFO - Started process (PID=68) to work on /opt/airflow/dags/movie_batch_pipeline_dag.py
[2026-05-05T09:40:15.200+0000] {processor.py:830} INFO - Processing file /opt/airflow/dags/movie_batch_pipeline_dag.py for tasks to queue
[2026-05-05T09:40:15.203+0000] {logging_mixin.py:188} INFO - [2026-05-05T09:40:15.202+0000] {dagbag.py:545} INFO - Filling up the DagBag from /opt/airflow/dags/movie_batch_pipeline_dag.py
[2026-05-05T09:40:15.260+0000] {processor.py:840} INFO - DAG(s) 'movie_batch_pipeline_dag' retrieved from /opt/airflow/dags/movie_batch_pipeline_dag.py
[2026-05-05T09:40:15.285+0000] {logging_mixin.py:188} INFO - [2026-05-05T09:40:15.285+0000] {dag.py:3096} INFO - Sync 1 DAGs
[2026-05-05T09:40:15.307+0000] {logging_mixin.py:188} INFO - [2026-05-05T09:40:15.307+0000] {dag.py:3954} INFO - Setting next_dagrun for movie_batch_pipeline_dag to 2026-05-05 00:00:00+00:00, run_after=2026-05-06 00:00:00+00:00
[2026-05-05T09:40:15.330+0000] {processor.py:183} INFO - Processing /opt/airflow/dags/movie_batch_pipeline_dag.py took 0.137 seconds
[2026-05-05T09:40:45.534+0000] {processor.py:161} INFO - Started process (PID=69) to work on /opt/airflow/dags/movie_batch_pipeline_dag.py
[2026-05-05T09:40:45.535+0000] {processor.py:830} INFO - Processing file /opt/airflow/dags/movie_batch_pipeline_dag.py for tasks to queue
[2026-05-05T09:40:45.539+0000] {logging_mixin.py:188} INFO - [2026-05-05T09:40:45.538+0000] {dagbag.py:545} INFO - Filling up the DagBag from /opt/airflow/dags/movie_batch_pipeline_dag.py
[2026-05-05T09:40:45.598+0000] {processor.py:840} INFO - DAG(s) 'movie_batch_pipeline_dag' retrieved from /opt/airflow/dags/movie_batch_pipeline_dag.py
[2026-05-05T09:40:45.625+0000] {logging_mixin.py:188} INFO - [2026-05-05T09:40:45.625+0000] {dag.py:3096} INFO - Sync 1 DAGs
[2026-05-05T09:40:45.646+0000] {logging_mixin.py:188} INFO - [2026-05-05T09:40:45.646+0000] {dag.py:3954} INFO - Setting next_dagrun for movie_batch_pipeline_dag to 2026-05-05 00:00:00+00:00, run_after=2026-05-06 00:00:00+00:00
[2026-05-05T09:40:45.669+0000] {processor.py:183} INFO - Processing /opt/airflow/dags/movie_batch_pipeline_dag.py took 0.141 seconds
[2026-05-05T09:41:15.775+0000] {processor.py:161} INFO - Started process (PID=70) to work on /opt/airflow/dags/movie_batch_pipeline_dag.py
[2026-05-05T09:41:15.776+0000] {processor.py:830} INFO - Processing file /opt/airflow/dags/movie_batch_pipeline_dag.py for tasks to queue
[2026-05-05T09:41:15.779+0000] {logging_mixin.py:188} INFO - [2026-05-05T09:41:15.779+0000] {dagbag.py:545} INFO - Filling up the DagBag from /opt/airflow/dags/movie_batch_pipeline_dag.py
[2026-05-05T09:41:15.834+0000] {processor.py:840} INFO - DAG(s) 'movie_batch_pipeline_dag' retrieved from /opt/airflow/dags/movie_batch_pipeline_dag.py
[2026-05-05T09:41:15.861+0000] {logging_mixin.py:188} INFO - [2026-05-05T09:41:15.861+0000] {dag.py:3096} INFO - Sync 1 DAGs
[2026-05-05T09:41:15.882+0000] {logging_mixin.py:188} INFO - [2026-05-05T09:41:15.881+0000] {dag.py:3954} INFO - Setting next_dagrun for movie_batch_pipeline_dag to 2026-05-05 00:00:00+00:00, run_after=2026-05-06 00:00:00+00:00
[2026-05-05T09:41:15.914+0000] {processor.py:183} INFO - Processing /opt/airflow/dags/movie_batch_pipeline_dag.py took 0.143 seconds
[2026-05-05T09:41:46.069+0000] {processor.py:161} INFO - Started process (PID=71) to work on /opt/airflow/dags/movie_batch_pipeline_dag.py
[2026-05-05T09:41:46.072+0000] {processor.py:830} INFO - Processing file /opt/airflow/dags/movie_batch_pipeline_dag.py for tasks to queue
[2026-05-05T09:41:46.076+0000] {logging_mixin.py:188} INFO - [2026-05-05T09:41:46.075+0000] {dagbag.py:545} INFO - Filling up the DagBag from /opt/airflow/dags/movie_batch_pipeline_dag.py
[2026-05-05T09:41:46.134+0000] {processor.py:840} INFO - DAG(s) 'movie_batch_pipeline_dag' retrieved from /opt/airflow/dags/movie_batch_pipeline_dag.py
[2026-05-05T09:41:46.160+0000] {logging_mixin.py:188} INFO - [2026-05-05T09:41:46.160+0000] {dag.py:3096} INFO - Sync 1 DAGs
[2026-05-05T09:41:46.181+0000] {logging_mixin.py:188} INFO - [2026-05-05T09:41:46.181+0000] {dag.py:3954} INFO - Setting next_dagrun for movie_batch_pipeline_dag to 2026-05-05 00:00:00+00:00, run_after=2026-05-06 00:00:00+00:00
[2026-05-05T09:41:46.204+0000] {processor.py:183} INFO - Processing /opt/airflow/dags/movie_batch_pipeline_dag.py took 0.141 seconds
[2026-05-05T09:42:16.310+0000] {processor.py:161} INFO - Started process (PID=72) to work on /opt/airflow/dags/movie_batch_pipeline_dag.py
[2026-05-05T09:42:16.311+0000] {processor.py:830} INFO - Processing file /opt/airflow/dags/movie_batch_pipeline_dag.py for tasks to queue
[2026-05-05T09:42:16.314+0000] {logging_mixin.py:188} INFO - [2026-05-05T09:42:16.313+0000] {dagbag.py:545} INFO - Filling up the DagBag from /opt/airflow/dags/movie_batch_pipeline_dag.py
[2026-05-05T09:42:16.374+0000] {processor.py:840} INFO - DAG(s) 'movie_batch_pipeline_dag' retrieved from /opt/airflow/dags/movie_batch_pipeline_dag.py
[2026-05-05T09:42:16.401+0000] {logging_mixin.py:188} INFO - [2026-05-05T09:42:16.400+0000] {dag.py:3096} INFO - Sync 1 DAGs
[2026-05-05T09:42:16.422+0000] {logging_mixin.py:188} INFO - [2026-05-05T09:42:16.422+0000] {dag.py:3954} INFO - Setting next_dagrun for movie_batch_pipeline_dag to 2026-05-05 00:00:00+00:00, run_after=2026-05-06 00:00:00+00:00
[2026-05-05T09:42:16.454+0000] {processor.py:183} INFO - Processing /opt/airflow/dags/movie_batch_pipeline_dag.py took 0.150 seconds
[2026-05-05T09:42:46.625+0000] {processor.py:161} INFO - Started process (PID=73) to work on /opt/airflow/dags/movie_batch_pipeline_dag.py
[2026-05-05T09:42:46.626+0000] {processor.py:830} INFO - Processing file /opt/airflow/dags/movie_batch_pipeline_dag.py for tasks to queue
[2026-05-05T09:42:46.630+0000] {logging_mixin.py:188} INFO - [2026-05-05T09:42:46.629+0000] {dagbag.py:545} INFO - Filling up the DagBag from /opt/airflow/dags/movie_batch_pipeline_dag.py
[2026-05-05T09:42:46.698+0000] {processor.py:840} INFO - DAG(s) 'movie_batch_pipeline_dag' retrieved from /opt/airflow/dags/movie_batch_pipeline_dag.py
[2026-05-05T09:42:46.723+0000] {logging_mixin.py:188} INFO - [2026-05-05T09:42:46.723+0000] {dag.py:3096} INFO - Sync 1 DAGs
[2026-05-05T09:42:46.744+0000] {logging_mixin.py:188} INFO - [2026-05-05T09:42:46.744+0000] {dag.py:3954} INFO - Setting next_dagrun for movie_batch_pipeline_dag to 2026-05-05 00:00:00+00:00, run_after=2026-05-06 00:00:00+00:00
[2026-05-05T09:42:46.775+0000] {processor.py:183} INFO - Processing /opt/airflow/dags/movie_batch_pipeline_dag.py took 0.156 seconds
[2026-05-05T09:43:16.863+0000] {processor.py:161} INFO - Started process (PID=74) to work on /opt/airflow/dags/movie_batch_pipeline_dag.py
[2026-05-05T09:43:16.865+0000] {processor.py:830} INFO - Processing file /opt/airflow/dags/movie_batch_pipeline_dag.py for tasks to queue
[2026-05-05T09:43:16.868+0000] {logging_mixin.py:188} INFO - [2026-05-05T09:43:16.868+0000] {dagbag.py:545} INFO - Filling up the DagBag from /opt/airflow/dags/movie_batch_pipeline_dag.py
[2026-05-05T09:43:16.934+0000] {processor.py:840} INFO - DAG(s) 'movie_batch_pipeline_dag' retrieved from /opt/airflow/dags/movie_batch_pipeline_dag.py
[2026-05-05T09:43:16.963+0000] {logging_mixin.py:188} INFO - [2026-05-05T09:43:16.963+0000] {dag.py:3096} INFO - Sync 1 DAGs
[2026-05-05T09:43:16.985+0000] {logging_mixin.py:188} INFO - [2026-05-05T09:43:16.985+0000] {dag.py:3954} INFO - Setting next_dagrun for movie_batch_pipeline_dag to 2026-05-05 00:00:00+00:00, run_after=2026-05-06 00:00:00+00:00
[2026-05-05T09:43:17.018+0000] {processor.py:183} INFO - Processing /opt/airflow/dags/movie_batch_pipeline_dag.py took 0.160 seconds
[2026-05-05T09:43:47.187+0000] {processor.py:161} INFO - Started process (PID=75) to work on /opt/airflow/dags/movie_batch_pipeline_dag.py
[2026-05-05T09:43:47.188+0000] {processor.py:830} INFO - Processing file /opt/airflow/dags/movie_batch_pipeline_dag.py for tasks to queue
[2026-05-05T09:43:47.190+0000] {logging_mixin.py:188} INFO - [2026-05-05T09:43:47.190+0000] {dagbag.py:545} INFO - Filling up the DagBag from /opt/airflow/dags/movie_batch_pipeline_dag.py
[2026-05-05T09:43:47.247+0000] {processor.py:840} INFO - DAG(s) 'movie_batch_pipeline_dag' retrieved from /opt/airflow/dags/movie_batch_pipeline_dag.py
[2026-05-05T09:43:47.272+0000] {logging_mixin.py:188} INFO - [2026-05-05T09:43:47.272+0000] {dag.py:3096} INFO - Sync 1 DAGs
[2026-05-05T09:43:47.292+0000] {logging_mixin.py:188} INFO - [2026-05-05T09:43:47.292+0000] {dag.py:3954} INFO - Setting next_dagrun for movie_batch_pipeline_dag to 2026-05-05 00:00:00+00:00, run_after=2026-05-06 00:00:00+00:00
[2026-05-05T09:43:47.311+0000] {processor.py:183} INFO - Processing /opt/airflow/dags/movie_batch_pipeline_dag.py took 0.132 seconds
[2026-05-05T09:44:17.496+0000] {processor.py:161} INFO - Started process (PID=76) to work on /opt/airflow/dags/movie_batch_pipeline_dag.py
[2026-05-05T09:44:17.497+0000] {processor.py:830} INFO - Processing file /opt/airflow/dags/movie_batch_pipeline_dag.py for tasks to queue
[2026-05-05T09:44:17.499+0000] {logging_mixin.py:188} INFO - [2026-05-05T09:44:17.499+0000] {dagbag.py:545} INFO - Filling up the DagBag from /opt/airflow/dags/movie_batch_pipeline_dag.py
[2026-05-05T09:44:17.572+0000] {processor.py:840} INFO - DAG(s) 'movie_batch_pipeline_dag' retrieved from /opt/airflow/dags/movie_batch_pipeline_dag.py
[2026-05-05T09:44:17.601+0000] {logging_mixin.py:188} INFO - [2026-05-05T09:44:17.600+0000] {dag.py:3096} INFO - Sync 1 DAGs
[2026-05-05T09:44:17.621+0000] {logging_mixin.py:188} INFO - [2026-05-05T09:44:17.621+0000] {dag.py:3954} INFO - Setting next_dagrun for movie_batch_pipeline_dag to 2026-05-05 00:00:00+00:00, run_after=2026-05-06 00:00:00+00:00
[2026-05-05T09:44:17.654+0000] {processor.py:183} INFO - Processing /opt/airflow/dags/movie_batch_pipeline_dag.py took 0.167 seconds
[2026-05-05T09:44:47.729+0000] {processor.py:161} INFO - Started process (PID=77) to work on /opt/airflow/dags/movie_batch_pipeline_dag.py
[2026-05-05T09:44:47.730+0000] {processor.py:830} INFO - Processing file /opt/airflow/dags/movie_batch_pipeline_dag.py for tasks to queue
[2026-05-05T09:44:47.732+0000] {logging_mixin.py:188} INFO - [2026-05-05T09:44:47.732+0000] {dagbag.py:545} INFO - Filling up the DagBag from /opt/airflow/dags/movie_batch_pipeline_dag.py
[2026-05-05T09:44:47.792+0000] {processor.py:840} INFO - DAG(s) 'movie_batch_pipeline_dag' retrieved from /opt/airflow/dags/movie_batch_pipeline_dag.py
[2026-05-05T09:44:47.822+0000] {logging_mixin.py:188} INFO - [2026-05-05T09:44:47.822+0000] {dag.py:3096} INFO - Sync 1 DAGs
[2026-05-05T09:44:47.846+0000] {logging_mixin.py:188} INFO - [2026-05-05T09:44:47.846+0000] {dag.py:3954} INFO - Setting next_dagrun for movie_batch_pipeline_dag to 2026-05-05 00:00:00+00:00, run_after=2026-05-06 00:00:00+00:00
[2026-05-05T09:44:47.876+0000] {processor.py:183} INFO - Processing /opt/airflow/dags/movie_batch_pipeline_dag.py took 0.153 seconds
[2026-05-05T09:45:18.079+0000] {processor.py:161} INFO - Started process (PID=78) to work on /opt/airflow/dags/movie_batch_pipeline_dag.py
[2026-05-05T09:45:18.080+0000] {processor.py:830} INFO - Processing file /opt/airflow/dags/movie_batch_pipeline_dag.py for tasks to queue
[2026-05-05T09:45:18.082+0000] {logging_mixin.py:188} INFO - [2026-05-05T09:45:18.082+0000] {dagbag.py:545} INFO - Filling up the DagBag from /opt/airflow/dags/movie_batch_pipeline_dag.py
[2026-05-05T09:45:18.152+0000] {processor.py:840} INFO - DAG(s) 'movie_batch_pipeline_dag' retrieved from /opt/airflow/dags/movie_batch_pipeline_dag.py
[2026-05-05T09:45:18.181+0000] {logging_mixin.py:188} INFO - [2026-05-05T09:45:18.181+0000] {dag.py:3096} INFO - Sync 1 DAGs
[2026-05-05T09:45:18.204+0000] {logging_mixin.py:188} INFO - [2026-05-05T09:45:18.203+0000] {dag.py:3954} INFO - Setting next_dagrun for movie_batch_pipeline_dag to 2026-05-05 00:00:00+00:00, run_after=2026-05-06 00:00:00+00:00
[2026-05-05T09:45:18.231+0000] {processor.py:183} INFO - Processing /opt/airflow/dags/movie_batch_pipeline_dag.py took 0.159 seconds
[2026-05-05T09:45:48.284+0000] {processor.py:161} INFO - Started process (PID=79) to work on /opt/airflow/dags/movie_batch_pipeline_dag.py
[2026-05-05T09:45:48.285+0000] {processor.py:830} INFO - Processing file /opt/airflow/dags/movie_batch_pipeline_dag.py for tasks to queue
[2026-05-05T09:45:48.287+0000] {logging_mixin.py:188} INFO - [2026-05-05T09:45:48.287+0000] {dagbag.py:545} INFO - Filling up the DagBag from /opt/airflow/dags/movie_batch_pipeline_dag.py
[2026-05-05T09:45:48.347+0000] {processor.py:840} INFO - DAG(s) 'movie_batch_pipeline_dag' retrieved from /opt/airflow/dags/movie_batch_pipeline_dag.py
[2026-05-05T09:45:48.378+0000] {logging_mixin.py:188} INFO - [2026-05-05T09:45:48.378+0000] {dag.py:3096} INFO - Sync 1 DAGs
[2026-05-05T09:45:48.401+0000] {logging_mixin.py:188} INFO - [2026-05-05T09:45:48.400+0000] {dag.py:3954} INFO - Setting next_dagrun for movie_batch_pipeline_dag to 2026-05-05 00:00:00+00:00, run_after=2026-05-06 00:00:00+00:00
[2026-05-05T09:45:48.430+0000] {processor.py:183} INFO - Processing /opt/airflow/dags/movie_batch_pipeline_dag.py took 0.153 seconds
[2026-05-05T09:46:18.663+0000] {processor.py:161} INFO - Started process (PID=80) to work on /opt/airflow/dags/movie_batch_pipeline_dag.py
[2026-05-05T09:46:18.664+0000] {processor.py:830} INFO - Processing file /opt/airflow/dags/movie_batch_pipeline_dag.py for tasks to queue
[2026-05-05T09:46:18.666+0000] {logging_mixin.py:188} INFO - [2026-05-05T09:46:18.666+0000] {dagbag.py:545} INFO - Filling up the DagBag from /opt/airflow/dags/movie_batch_pipeline_dag.py
[2026-05-05T09:46:18.733+0000] {processor.py:840} INFO - DAG(s) 'movie_batch_pipeline_dag' retrieved from /opt/airflow/dags/movie_batch_pipeline_dag.py
[2026-05-05T09:46:18.763+0000] {logging_mixin.py:188} INFO - [2026-05-05T09:46:18.762+0000] {dag.py:3096} INFO - Sync 1 DAGs
[2026-05-05T09:46:18.784+0000] {logging_mixin.py:188} INFO - [2026-05-05T09:46:18.784+0000] {dag.py:3954} INFO - Setting next_dagrun for movie_batch_pipeline_dag to 2026-05-05 00:00:00+00:00, run_after=2026-05-06 00:00:00+00:00
[2026-05-05T09:46:18.817+0000] {processor.py:183} INFO - Processing /opt/airflow/dags/movie_batch_pipeline_dag.py took 0.161 seconds
[2026-05-05T09:46:48.897+0000] {processor.py:161} INFO - Started process (PID=81) to work on /opt/airflow/dags/movie_batch_pipeline_dag.py
[2026-05-05T09:46:48.898+0000] {processor.py:830} INFO - Processing file /opt/airflow/dags/movie_batch_pipeline_dag.py for tasks to queue
[2026-05-05T09:46:48.900+0000] {logging_mixin.py:188} INFO - [2026-05-05T09:46:48.900+0000] {dagbag.py:545} INFO - Filling up the DagBag from /opt/airflow/dags/movie_batch_pipeline_dag.py
[2026-05-05T09:46:48.957+0000] {processor.py:840} INFO - DAG(s) 'movie_batch_pipeline_dag' retrieved from /opt/airflow/dags/movie_batch_pipeline_dag.py
[2026-05-05T09:46:48.984+0000] {logging_mixin.py:188} INFO - [2026-05-05T09:46:48.984+0000] {dag.py:3096} INFO - Sync 1 DAGs
[2026-05-05T09:46:49.006+0000] {logging_mixin.py:188} INFO - [2026-05-05T09:46:49.006+0000] {dag.py:3954} INFO - Setting next_dagrun for movie_batch_pipeline_dag to 2026-05-05 00:00:00+00:00, run_after=2026-05-06 00:00:00+00:00
[2026-05-05T09:46:49.038+0000] {processor.py:183} INFO - Processing /opt/airflow/dags/movie_batch_pipeline_dag.py took 0.147 seconds
[2026-05-05T09:47:19.131+0000] {processor.py:161} INFO - Started process (PID=82) to work on /opt/airflow/dags/movie_batch_pipeline_dag.py
[2026-05-05T09:47:19.132+0000] {processor.py:830} INFO - Processing file /opt/airflow/dags/movie_batch_pipeline_dag.py for tasks to queue
[2026-05-05T09:47:19.133+0000] {logging_mixin.py:188} INFO - [2026-05-05T09:47:19.133+0000] {dagbag.py:545} INFO - Filling up the DagBag from /opt/airflow/dags/movie_batch_pipeline_dag.py
[2026-05-05T09:47:19.194+0000] {processor.py:840} INFO - DAG(s) 'movie_batch_pipeline_dag' retrieved from /opt/airflow/dags/movie_batch_pipeline_dag.py
[2026-05-05T09:47:19.222+0000] {logging_mixin.py:188} INFO - [2026-05-05T09:47:19.222+0000] {dag.py:3096} INFO - Sync 1 DAGs
[2026-05-05T09:47:19.244+0000] {logging_mixin.py:188} INFO - [2026-05-05T09:47:19.244+0000] {dag.py:3954} INFO - Setting next_dagrun for movie_batch_pipeline_dag to 2026-05-05 00:00:00+00:00, run_after=2026-05-06 00:00:00+00:00
[2026-05-05T09:47:19.276+0000] {processor.py:183} INFO - Processing /opt/airflow/dags/movie_batch_pipeline_dag.py took 0.151 seconds
[2026-05-05T09:47:49.537+0000] {processor.py:161} INFO - Started process (PID=83) to work on /opt/airflow/dags/movie_batch_pipeline_dag.py
[2026-05-05T09:47:49.538+0000] {processor.py:830} INFO - Processing file /opt/airflow/dags/movie_batch_pipeline_dag.py for tasks to queue
[2026-05-05T09:47:49.540+0000] {logging_mixin.py:188} INFO - [2026-05-05T09:47:49.540+0000] {dagbag.py:545} INFO - Filling up the DagBag from /opt/airflow/dags/movie_batch_pipeline_dag.py
[2026-05-05T09:47:49.613+0000] {processor.py:840} INFO - DAG(s) 'movie_batch_pipeline_dag' retrieved from /opt/airflow/dags/movie_batch_pipeline_dag.py
[2026-05-05T09:47:49.641+0000] {logging_mixin.py:188} INFO - [2026-05-05T09:47:49.641+0000] {dag.py:3096} INFO - Sync 1 DAGs
[2026-05-05T09:47:49.663+0000] {logging_mixin.py:188} INFO - [2026-05-05T09:47:49.663+0000] {dag.py:3954} INFO - Setting next_dagrun for movie_batch_pipeline_dag to 2026-05-05 00:00:00+00:00, run_after=2026-05-06 00:00:00+00:00
[2026-05-05T09:47:49.686+0000] {processor.py:183} INFO - Processing /opt/airflow/dags/movie_batch_pipeline_dag.py took 0.156 seconds
[2026-05-05T09:48:19.781+0000] {processor.py:161} INFO - Started process (PID=84) to work on /opt/airflow/dags/movie_batch_pipeline_dag.py
[2026-05-05T09:48:19.782+0000] {processor.py:830} INFO - Processing file /opt/airflow/dags/movie_batch_pipeline_dag.py for tasks to queue
[2026-05-05T09:48:19.785+0000] {logging_mixin.py:188} INFO - [2026-05-05T09:48:19.785+0000] {dagbag.py:545} INFO - Filling up the DagBag from /opt/airflow/dags/movie_batch_pipeline_dag.py
[2026-05-05T09:48:19.847+0000] {processor.py:840} INFO - DAG(s) 'movie_batch_pipeline_dag' retrieved from /opt/airflow/dags/movie_batch_pipeline_dag.py
[2026-05-05T09:48:19.876+0000] {logging_mixin.py:188} INFO - [2026-05-05T09:48:19.876+0000] {dag.py:3096} INFO - Sync 1 DAGs
[2026-05-05T09:48:19.897+0000] {logging_mixin.py:188} INFO - [2026-05-05T09:48:19.897+0000] {dag.py:3954} INFO - Setting next_dagrun for movie_batch_pipeline_dag to 2026-05-05 00:00:00+00:00, run_after=2026-05-06 00:00:00+00:00
[2026-05-05T09:48:19.919+0000] {processor.py:183} INFO - Processing /opt/airflow/dags/movie_batch_pipeline_dag.py took 0.144 seconds
[2026-05-05T09:48:50.205+0000] {processor.py:161} INFO - Started process (PID=85) to work on /opt/airflow/dags/movie_batch_pipeline_dag.py
[2026-05-05T09:48:50.206+0000] {processor.py:830} INFO - Processing file /opt/airflow/dags/movie_batch_pipeline_dag.py for tasks to queue
[2026-05-05T09:48:50.208+0000] {logging_mixin.py:188} INFO - [2026-05-05T09:48:50.208+0000] {dagbag.py:545} INFO - Filling up the DagBag from /opt/airflow/dags/movie_batch_pipeline_dag.py
[2026-05-05T09:48:50.263+0000] {processor.py:840} INFO - DAG(s) 'movie_batch_pipeline_dag' retrieved from /opt/airflow/dags/movie_batch_pipeline_dag.py
[2026-05-05T09:48:50.290+0000] {logging_mixin.py:188} INFO - [2026-05-05T09:48:50.290+0000] {dag.py:3096} INFO - Sync 1 DAGs
[2026-05-05T09:48:50.312+0000] {logging_mixin.py:188} INFO - [2026-05-05T09:48:50.312+0000] {dag.py:3954} INFO - Setting next_dagrun for movie_batch_pipeline_dag to 2026-05-05 00:00:00+00:00, run_after=2026-05-06 00:00:00+00:00
[2026-05-05T09:48:50.334+0000] {processor.py:183} INFO - Processing /opt/airflow/dags/movie_batch_pipeline_dag.py took 0.134 seconds
[2026-05-05T09:49:20.446+0000] {processor.py:161} INFO - Started process (PID=86) to work on /opt/airflow/dags/movie_batch_pipeline_dag.py
[2026-05-05T09:49:20.447+0000] {processor.py:830} INFO - Processing file /opt/airflow/dags/movie_batch_pipeline_dag.py for tasks to queue
[2026-05-05T09:49:20.450+0000] {logging_mixin.py:188} INFO - [2026-05-05T09:49:20.449+0000] {dagbag.py:545} INFO - Filling up the DagBag from /opt/airflow/dags/movie_batch_pipeline_dag.py
[2026-05-05T09:49:20.506+0000] {processor.py:840} INFO - DAG(s) 'movie_batch_pipeline_dag' retrieved from /opt/airflow/dags/movie_batch_pipeline_dag.py
[2026-05-05T09:49:20.533+0000] {logging_mixin.py:188} INFO - [2026-05-05T09:49:20.533+0000] {dag.py:3096} INFO - Sync 1 DAGs
[2026-05-05T09:49:20.554+0000] {logging_mixin.py:188} INFO - [2026-05-05T09:49:20.554+0000] {dag.py:3954} INFO - Setting next_dagrun for movie_batch_pipeline_dag to 2026-05-05 00:00:00+00:00, run_after=2026-05-06 00:00:00+00:00
[2026-05-05T09:49:20.576+0000] {processor.py:183} INFO - Processing /opt/airflow/dags/movie_batch_pipeline_dag.py took 0.135 seconds
[2026-05-05T09:49:50.861+0000] {processor.py:161} INFO - Started process (PID=87) to work on /opt/airflow/dags/movie_batch_pipeline_dag.py
[2026-05-05T09:49:50.862+0000] {processor.py:830} INFO - Processing file /opt/airflow/dags/movie_batch_pipeline_dag.py for tasks to queue
[2026-05-05T09:49:50.864+0000] {logging_mixin.py:188} INFO - [2026-05-05T09:49:50.863+0000] {dagbag.py:545} INFO - Filling up the DagBag from /opt/airflow/dags/movie_batch_pipeline_dag.py
[2026-05-05T09:49:50.919+0000] {processor.py:840} INFO - DAG(s) 'movie_batch_pipeline_dag' retrieved from /opt/airflow/dags/movie_batch_pipeline_dag.py
[2026-05-05T09:49:50.945+0000] {logging_mixin.py:188} INFO - [2026-05-05T09:49:50.945+0000] {dag.py:3096} INFO - Sync 1 DAGs
[2026-05-05T09:49:50.966+0000] {logging_mixin.py:188} INFO - [2026-05-05T09:49:50.965+0000] {dag.py:3954} INFO - Setting next_dagrun for movie_batch_pipeline_dag to 2026-05-05 00:00:00+00:00, run_after=2026-05-06 00:00:00+00:00
[2026-05-05T09:49:50.996+0000] {processor.py:183} INFO - Processing /opt/airflow/dags/movie_batch_pipeline_dag.py took 0.140 seconds
[2026-05-05T09:50:21.092+0000] {processor.py:161} INFO - Started process (PID=88) to work on /opt/airflow/dags/movie_batch_pipeline_dag.py
[2026-05-05T09:50:21.093+0000] {processor.py:830} INFO - Processing file /opt/airflow/dags/movie_batch_pipeline_dag.py for tasks to queue
[2026-05-05T09:50:21.095+0000] {logging_mixin.py:188} INFO - [2026-05-05T09:50:21.094+0000] {dagbag.py:545} INFO - Filling up the DagBag from /opt/airflow/dags/movie_batch_pipeline_dag.py
[2026-05-05T09:50:21.156+0000] {processor.py:840} INFO - DAG(s) 'movie_batch_pipeline_dag' retrieved from /opt/airflow/dags/movie_batch_pipeline_dag.py
[2026-05-05T09:50:21.187+0000] {logging_mixin.py:188} INFO - [2026-05-05T09:50:21.187+0000] {dag.py:3096} INFO - Sync 1 DAGs
[2026-05-05T09:50:21.208+0000] {logging_mixin.py:188} INFO - [2026-05-05T09:50:21.208+0000] {dag.py:3954} INFO - Setting next_dagrun for movie_batch_pipeline_dag to 2026-05-05 00:00:00+00:00, run_after=2026-05-06 00:00:00+00:00
[2026-05-05T09:50:21.229+0000] {processor.py:183} INFO - Processing /opt/airflow/dags/movie_batch_pipeline_dag.py took 0.143 seconds
[2026-05-05T09:50:51.419+0000] {processor.py:161} INFO - Started process (PID=89) to work on /opt/airflow/dags/movie_batch_pipeline_dag.py
[2026-05-05T09:50:51.420+0000] {processor.py:830} INFO - Processing file /opt/airflow/dags/movie_batch_pipeline_dag.py for tasks to queue
[2026-05-05T09:50:51.423+0000] {logging_mixin.py:188} INFO - [2026-05-05T09:50:51.422+0000] {dagbag.py:545} INFO - Filling up the DagBag from /opt/airflow/dags/movie_batch_pipeline_dag.py
[2026-05-05T09:50:51.486+0000] {processor.py:840} INFO - DAG(s) 'movie_batch_pipeline_dag' retrieved from /opt/airflow/dags/movie_batch_pipeline_dag.py
[2026-05-05T09:50:51.513+0000] {logging_mixin.py:188} INFO - [2026-05-05T09:50:51.513+0000] {dag.py:3096} INFO - Sync 1 DAGs
[2026-05-05T09:50:51.536+0000] {logging_mixin.py:188} INFO - [2026-05-05T09:50:51.536+0000] {dag.py:3954} INFO - Setting next_dagrun for movie_batch_pipeline_dag to 2026-05-05 00:00:00+00:00, run_after=2026-05-06 00:00:00+00:00
[2026-05-05T09:50:51.566+0000] {processor.py:183} INFO - Processing /opt/airflow/dags/movie_batch_pipeline_dag.py took 0.153 seconds
[2026-05-05T09:51:21.645+0000] {processor.py:161} INFO - Started process (PID=90) to work on /opt/airflow/dags/movie_batch_pipeline_dag.py
[2026-05-05T09:51:21.646+0000] {processor.py:830} INFO - Processing file /opt/airflow/dags/movie_batch_pipeline_dag.py for tasks to queue
[2026-05-05T09:51:21.649+0000] {logging_mixin.py:188} INFO - [2026-05-05T09:51:21.648+0000] {dagbag.py:545} INFO - Filling up the DagBag from /opt/airflow/dags/movie_batch_pipeline_dag.py
[2026-05-05T09:51:21.767+0000] {processor.py:840} INFO - DAG(s) 'movie_batch_pipeline_dag' retrieved from /opt/airflow/dags/movie_batch_pipeline_dag.py
[2026-05-05T09:51:21.818+0000] {logging_mixin.py:188} INFO - [2026-05-05T09:51:21.818+0000] {dag.py:3096} INFO - Sync 1 DAGs
[2026-05-05T09:51:21.858+0000] {logging_mixin.py:188} INFO - [2026-05-05T09:51:21.857+0000] {dag.py:3954} INFO - Setting next_dagrun for movie_batch_pipeline_dag to 2026-05-05 00:00:00+00:00, run_after=2026-05-06 00:00:00+00:00
[2026-05-05T09:51:21.908+0000] {processor.py:183} INFO - Processing /opt/airflow/dags/movie_batch_pipeline_dag.py took 0.268 seconds
[2026-05-05T09:51:51.963+0000] {processor.py:161} INFO - Started process (PID=91) to work on /opt/airflow/dags/movie_batch_pipeline_dag.py
[2026-05-05T09:51:51.964+0000] {processor.py:830} INFO - Processing file /opt/airflow/dags/movie_batch_pipeline_dag.py for tasks to queue
[2026-05-05T09:51:51.966+0000] {logging_mixin.py:188} INFO - [2026-05-05T09:51:51.965+0000] {dagbag.py:545} INFO - Filling up the DagBag from /opt/airflow/dags/movie_batch_pipeline_dag.py
[2026-05-05T09:51:52.170+0000] {processor.py:840} INFO - DAG(s) 'movie_batch_pipeline_dag' retrieved from /opt/airflow/dags/movie_batch_pipeline_dag.py
[2026-05-05T09:51:52.195+0000] {logging_mixin.py:188} INFO - [2026-05-05T09:51:52.195+0000] {dag.py:3096} INFO - Sync 1 DAGs
[2026-05-05T09:51:52.218+0000] {logging_mixin.py:188} INFO - [2026-05-05T09:51:52.218+0000] {dag.py:3954} INFO - Setting next_dagrun for movie_batch_pipeline_dag to 2026-05-05 00:00:00+00:00, run_after=2026-05-06 00:00:00+00:00
[2026-05-05T09:51:52.238+0000] {processor.py:183} INFO - Processing /opt/airflow/dags/movie_batch_pipeline_dag.py took 0.281 seconds
[2026-05-05T09:52:22.323+0000] {processor.py:161} INFO - Started process (PID=92) to work on /opt/airflow/dags/movie_batch_pipeline_dag.py
[2026-05-05T09:52:22.325+0000] {processor.py:830} INFO - Processing file /opt/airflow/dags/movie_batch_pipeline_dag.py for tasks to queue
[2026-05-05T09:52:22.328+0000] {logging_mixin.py:188} INFO - [2026-05-05T09:52:22.328+0000] {dagbag.py:545} INFO - Filling up the DagBag from /opt/airflow/dags/movie_batch_pipeline_dag.py
[2026-05-05T09:52:22.410+0000] {processor.py:840} INFO - DAG(s) 'movie_batch_pipeline_dag' retrieved from /opt/airflow/dags/movie_batch_pipeline_dag.py
[2026-05-05T09:52:22.440+0000] {logging_mixin.py:188} INFO - [2026-05-05T09:52:22.440+0000] {dag.py:3096} INFO - Sync 1 DAGs
[2026-05-05T09:52:22.461+0000] {logging_mixin.py:188} INFO - [2026-05-05T09:52:22.461+0000] {dag.py:3954} INFO - Setting next_dagrun for movie_batch_pipeline_dag to 2026-05-05 00:00:00+00:00, run_after=2026-05-06 00:00:00+00:00
[2026-05-05T09:52:22.492+0000] {processor.py:183} INFO - Processing /opt/airflow/dags/movie_batch_pipeline_dag.py took 0.176 seconds
[2026-05-05T09:52:52.686+0000] {processor.py:161} INFO - Started process (PID=93) to work on /opt/airflow/dags/movie_batch_pipeline_dag.py
[2026-05-05T09:52:52.687+0000] {processor.py:830} INFO - Processing file /opt/airflow/dags/movie_batch_pipeline_dag.py for tasks to queue
[2026-05-05T09:52:52.689+0000] {logging_mixin.py:188} INFO - [2026-05-05T09:52:52.689+0000] {dagbag.py:545} INFO - Filling up the DagBag from /opt/airflow/dags/movie_batch_pipeline_dag.py
[2026-05-05T09:52:52.752+0000] {processor.py:840} INFO - DAG(s) 'movie_batch_pipeline_dag' retrieved from /opt/airflow/dags/movie_batch_pipeline_dag.py
[2026-05-05T09:52:52.783+0000] {logging_mixin.py:188} INFO - [2026-05-05T09:52:52.782+0000] {dag.py:3096} INFO - Sync 1 DAGs
[2026-05-05T09:52:52.804+0000] {logging_mixin.py:188} INFO - [2026-05-05T09:52:52.804+0000] {dag.py:3954} INFO - Setting next_dagrun for movie_batch_pipeline_dag to 2026-05-05 00:00:00+00:00, run_after=2026-05-06 00:00:00+00:00
[2026-05-05T09:52:52.834+0000] {processor.py:183} INFO - Processing /opt/airflow/dags/movie_batch_pipeline_dag.py took 0.153 seconds
[2026-05-05T09:53:22.895+0000] {processor.py:161} INFO - Started process (PID=94) to work on /opt/airflow/dags/movie_batch_pipeline_dag.py
[2026-05-05T09:53:22.895+0000] {processor.py:830} INFO - Processing file /opt/airflow/dags/movie_batch_pipeline_dag.py for tasks to queue
[2026-05-05T09:53:22.898+0000] {logging_mixin.py:188} INFO - [2026-05-05T09:53:22.897+0000] {dagbag.py:545} INFO - Filling up the DagBag from /opt/airflow/dags/movie_batch_pipeline_dag.py
[2026-05-05T09:53:22.961+0000] {processor.py:840} INFO - DAG(s) 'movie_batch_pipeline_dag' retrieved from /opt/airflow/dags/movie_batch_pipeline_dag.py
[2026-05-05T09:53:22.987+0000] {logging_mixin.py:188} INFO - [2026-05-05T09:53:22.987+0000] {dag.py:3096} INFO - Sync 1 DAGs
[2026-05-05T09:53:23.008+0000] {logging_mixin.py:188} INFO - [2026-05-05T09:53:23.008+0000] {dag.py:3954} INFO - Setting next_dagrun for movie_batch_pipeline_dag to 2026-05-05 00:00:00+00:00, run_after=2026-05-06 00:00:00+00:00
[2026-05-05T09:53:23.039+0000] {processor.py:183} INFO - Processing /opt/airflow/dags/movie_batch_pipeline_dag.py took 0.150 seconds
[2026-05-05T09:53:53.260+0000] {processor.py:161} INFO - Started process (PID=95) to work on /opt/airflow/dags/movie_batch_pipeline_dag.py
[2026-05-05T09:53:53.261+0000] {processor.py:830} INFO - Processing file /opt/airflow/dags/movie_batch_pipeline_dag.py for tasks to queue
[2026-05-05T09:53:53.263+0000] {logging_mixin.py:188} INFO - [2026-05-05T09:53:53.263+0000] {dagbag.py:545} INFO - Filling up the DagBag from /opt/airflow/dags/movie_batch_pipeline_dag.py
[2026-05-05T09:53:53.318+0000] {processor.py:840} INFO - DAG(s) 'movie_batch_pipeline_dag' retrieved from /opt/airflow/dags/movie_batch_pipeline_dag.py
[2026-05-05T09:53:53.343+0000] {logging_mixin.py:188} INFO - [2026-05-05T09:53:53.343+0000] {dag.py:3096} INFO - Sync 1 DAGs
[2026-05-05T09:53:53.364+0000] {logging_mixin.py:188} INFO - [2026-05-05T09:53:53.364+0000] {dag.py:3954} INFO - Setting next_dagrun for movie_batch_pipeline_dag to 2026-05-05 00:00:00+00:00, run_after=2026-05-06 00:00:00+00:00
[2026-05-05T09:53:53.385+0000] {processor.py:183} INFO - Processing /opt/airflow/dags/movie_batch_pipeline_dag.py took 0.131 seconds
[2026-05-05T09:54:23.504+0000] {processor.py:161} INFO - Started process (PID=96) to work on /opt/airflow/dags/movie_batch_pipeline_dag.py
[2026-05-05T09:54:23.505+0000] {processor.py:830} INFO - Processing file /opt/airflow/dags/movie_batch_pipeline_dag.py for tasks to queue
[2026-05-05T09:54:23.507+0000] {logging_mixin.py:188} INFO - [2026-05-05T09:54:23.507+0000] {dagbag.py:545} INFO - Filling up the DagBag from /opt/airflow/dags/movie_batch_pipeline_dag.py
[2026-05-05T09:54:23.589+0000] {processor.py:840} INFO - DAG(s) 'movie_batch_pipeline_dag' retrieved from /opt/airflow/dags/movie_batch_pipeline_dag.py
[2026-05-05T09:54:23.619+0000] {logging_mixin.py:188} INFO - [2026-05-05T09:54:23.618+0000] {dag.py:3096} INFO - Sync 1 DAGs
[2026-05-05T09:54:23.643+0000] {logging_mixin.py:188} INFO - [2026-05-05T09:54:23.643+0000] {dag.py:3954} INFO - Setting next_dagrun for movie_batch_pipeline_dag to 2026-05-05 00:00:00+00:00, run_after=2026-05-06 00:00:00+00:00
[2026-05-05T09:54:23.665+0000] {processor.py:183} INFO - Processing /opt/airflow/dags/movie_batch_pipeline_dag.py took 0.167 seconds
[2026-05-05T09:54:53.890+0000] {processor.py:161} INFO - Started process (PID=97) to work on /opt/airflow/dags/movie_batch_pipeline_dag.py
[2026-05-05T09:54:53.891+0000] {processor.py:830} INFO - Processing file /opt/airflow/dags/movie_batch_pipeline_dag.py for tasks to queue
[2026-05-05T09:54:53.894+0000] {logging_mixin.py:188} INFO - [2026-05-05T09:54:53.894+0000] {dagbag.py:545} INFO - Filling up the DagBag from /opt/airflow/dags/movie_batch_pipeline_dag.py
[2026-05-05T09:54:53.953+0000] {processor.py:840} INFO - DAG(s) 'movie_batch_pipeline_dag' retrieved from /opt/airflow/dags/movie_batch_pipeline_dag.py
[2026-05-05T09:54:53.979+0000] {logging_mixin.py:188} INFO - [2026-05-05T09:54:53.979+0000] {dag.py:3096} INFO - Sync 1 DAGs
[2026-05-05T09:54:54.003+0000] {logging_mixin.py:188} INFO - [2026-05-05T09:54:54.003+0000] {dag.py:3954} INFO - Setting next_dagrun for movie_batch_pipeline_dag to 2026-05-05 00:00:00+00:00, run_after=2026-05-06 00:00:00+00:00
[2026-05-05T09:54:54.037+0000] {processor.py:183} INFO - Processing /opt/airflow/dags/movie_batch_pipeline_dag.py took 0.152 seconds
[2026-05-05T09:55:24.086+0000] {processor.py:161} INFO - Started process (PID=98) to work on /opt/airflow/dags/movie_batch_pipeline_dag.py
[2026-05-05T09:55:24.088+0000] {processor.py:830} INFO - Processing file /opt/airflow/dags/movie_batch_pipeline_dag.py for tasks to queue
[2026-05-05T09:55:24.091+0000] {logging_mixin.py:188} INFO - [2026-05-05T09:55:24.090+0000] {dagbag.py:545} INFO - Filling up the DagBag from /opt/airflow/dags/movie_batch_pipeline_dag.py
[2026-05-05T09:55:24.178+0000] {processor.py:840} INFO - DAG(s) 'movie_batch_pipeline_dag' retrieved from /opt/airflow/dags/movie_batch_pipeline_dag.py
[2026-05-05T09:55:24.213+0000] {logging_mixin.py:188} INFO - [2026-05-05T09:55:24.212+0000] {dag.py:3096} INFO - Sync 1 DAGs
[2026-05-05T09:55:24.236+0000] {logging_mixin.py:188} INFO - [2026-05-05T09:55:24.235+0000] {dag.py:3954} INFO - Setting next_dagrun for movie_batch_pipeline_dag to 2026-05-05 00:00:00+00:00, run_after=2026-05-06 00:00:00+00:00
[2026-05-05T09:55:24.262+0000] {processor.py:183} INFO - Processing /opt/airflow/dags/movie_batch_pipeline_dag.py took 0.184 seconds
[2026-05-05T09:55:54.436+0000] {processor.py:161} INFO - Started process (PID=99) to work on /opt/airflow/dags/movie_batch_pipeline_dag.py
[2026-05-05T09:55:54.437+0000] {processor.py:830} INFO - Processing file /opt/airflow/dags/movie_batch_pipeline_dag.py for tasks to queue
[2026-05-05T09:55:54.439+0000] {logging_mixin.py:188} INFO - [2026-05-05T09:55:54.439+0000] {dagbag.py:545} INFO - Filling up the DagBag from /opt/airflow/dags/movie_batch_pipeline_dag.py
[2026-05-05T09:55:54.504+0000] {processor.py:840} INFO - DAG(s) 'movie_batch_pipeline_dag' retrieved from /opt/airflow/dags/movie_batch_pipeline_dag.py
[2026-05-05T09:55:54.531+0000] {logging_mixin.py:188} INFO - [2026-05-05T09:55:54.531+0000] {dag.py:3096} INFO - Sync 1 DAGs
[2026-05-05T09:55:54.553+0000] {logging_mixin.py:188} INFO - [2026-05-05T09:55:54.553+0000] {dag.py:3954} INFO - Setting next_dagrun for movie_batch_pipeline_dag to 2026-05-05 00:00:00+00:00, run_after=2026-05-06 00:00:00+00:00
[2026-05-05T09:55:54.577+0000] {processor.py:183} INFO - Processing /opt/airflow/dags/movie_batch_pipeline_dag.py took 0.151 seconds
[2026-05-05T09:56:24.695+0000] {processor.py:161} INFO - Started process (PID=100) to work on /opt/airflow/dags/movie_batch_pipeline_dag.py
[2026-05-05T09:56:24.696+0000] {processor.py:830} INFO - Processing file /opt/airflow/dags/movie_batch_pipeline_dag.py for tasks to queue
[2026-05-05T09:56:24.699+0000] {logging_mixin.py:188} INFO - [2026-05-05T09:56:24.698+0000] {dagbag.py:545} INFO - Filling up the DagBag from /opt/airflow/dags/movie_batch_pipeline_dag.py
[2026-05-05T09:56:24.760+0000] {processor.py:840} INFO - DAG(s) 'movie_batch_pipeline_dag' retrieved from /opt/airflow/dags/movie_batch_pipeline_dag.py
[2026-05-05T09:56:24.786+0000] {logging_mixin.py:188} INFO - [2026-05-05T09:56:24.786+0000] {dag.py:3096} INFO - Sync 1 DAGs
[2026-05-05T09:56:24.806+0000] {logging_mixin.py:188} INFO - [2026-05-05T09:56:24.806+0000] {dag.py:3954} INFO - Setting next_dagrun for movie_batch_pipeline_dag to 2026-05-05 00:00:00+00:00, run_after=2026-05-06 00:00:00+00:00
[2026-05-05T09:56:24.829+0000] {processor.py:183} INFO - Processing /opt/airflow/dags/movie_batch_pipeline_dag.py took 0.141 seconds
[2026-05-05T09:56:54.984+0000] {processor.py:161} INFO - Started process (PID=101) to work on /opt/airflow/dags/movie_batch_pipeline_dag.py
[2026-05-05T09:56:54.986+0000] {processor.py:830} INFO - Processing file /opt/airflow/dags/movie_batch_pipeline_dag.py for tasks to queue
[2026-05-05T09:56:54.989+0000] {logging_mixin.py:188} INFO - [2026-05-05T09:56:54.989+0000] {dagbag.py:545} INFO - Filling up the DagBag from /opt/airflow/dags/movie_batch_pipeline_dag.py
[2026-05-05T09:56:55.059+0000] {processor.py:840} INFO - DAG(s) 'movie_batch_pipeline_dag' retrieved from /opt/airflow/dags/movie_batch_pipeline_dag.py
[2026-05-05T09:56:55.087+0000] {logging_mixin.py:188} INFO - [2026-05-05T09:56:55.087+0000] {dag.py:3096} INFO - Sync 1 DAGs
[2026-05-05T09:56:55.109+0000] {logging_mixin.py:188} INFO - [2026-05-05T09:56:55.109+0000] {dag.py:3954} INFO - Setting next_dagrun for movie_batch_pipeline_dag to 2026-05-05 00:00:00+00:00, run_after=2026-05-06 00:00:00+00:00
[2026-05-05T09:56:55.132+0000] {processor.py:183} INFO - Processing /opt/airflow/dags/movie_batch_pipeline_dag.py took 0.154 seconds
[2026-05-05T09:57:25.223+0000] {processor.py:161} INFO - Started process (PID=102) to work on /opt/airflow/dags/movie_batch_pipeline_dag.py
[2026-05-05T09:57:25.224+0000] {processor.py:830} INFO - Processing file /opt/airflow/dags/movie_batch_pipeline_dag.py for tasks to queue
[2026-05-05T09:57:25.226+0000] {logging_mixin.py:188} INFO - [2026-05-05T09:57:25.225+0000] {dagbag.py:545} INFO - Filling up the DagBag from /opt/airflow/dags/movie_batch_pipeline_dag.py
[2026-05-05T09:57:25.282+0000] {processor.py:840} INFO - DAG(s) 'movie_batch_pipeline_dag' retrieved from /opt/airflow/dags/movie_batch_pipeline_dag.py
[2026-05-05T09:57:25.309+0000] {logging_mixin.py:188} INFO - [2026-05-05T09:57:25.309+0000] {dag.py:3096} INFO - Sync 1 DAGs
[2026-05-05T09:57:25.330+0000] {logging_mixin.py:188} INFO - [2026-05-05T09:57:25.330+0000] {dag.py:3954} INFO - Setting next_dagrun for movie_batch_pipeline_dag to 2026-05-05 00:00:00+00:00, run_after=2026-05-06 00:00:00+00:00
[2026-05-05T09:57:25.352+0000] {processor.py:183} INFO - Processing /opt/airflow/dags/movie_batch_pipeline_dag.py took 0.135 seconds
[2026-05-05T09:57:55.573+0000] {processor.py:161} INFO - Started process (PID=103) to work on /opt/airflow/dags/movie_batch_pipeline_dag.py
[2026-05-05T09:57:55.574+0000] {processor.py:830} INFO - Processing file /opt/airflow/dags/movie_batch_pipeline_dag.py for tasks to queue
[2026-05-05T09:57:55.576+0000] {logging_mixin.py:188} INFO - [2026-05-05T09:57:55.575+0000] {dagbag.py:545} INFO - Filling up the DagBag from /opt/airflow/dags/movie_batch_pipeline_dag.py
[2026-05-05T09:57:55.634+0000] {processor.py:840} INFO - DAG(s) 'movie_batch_pipeline_dag' retrieved from /opt/airflow/dags/movie_batch_pipeline_dag.py
[2026-05-05T09:57:55.659+0000] {logging_mixin.py:188} INFO - [2026-05-05T09:57:55.659+0000] {dag.py:3096} INFO - Sync 1 DAGs
[2026-05-05T09:57:55.681+0000] {logging_mixin.py:188} INFO - [2026-05-05T09:57:55.680+0000] {dag.py:3954} INFO - Setting next_dagrun for movie_batch_pipeline_dag to 2026-05-05 00:00:00+00:00, run_after=2026-05-06 00:00:00+00:00
[2026-05-05T09:57:55.704+0000] {processor.py:183} INFO - Processing /opt/airflow/dags/movie_batch_pipeline_dag.py took 0.136 seconds
[2026-05-05T09:58:25.804+0000] {processor.py:161} INFO - Started process (PID=104) to work on /opt/airflow/dags/movie_batch_pipeline_dag.py
[2026-05-05T09:58:25.805+0000] {processor.py:830} INFO - Processing file /opt/airflow/dags/movie_batch_pipeline_dag.py for tasks to queue
[2026-05-05T09:58:25.807+0000] {logging_mixin.py:188} INFO - [2026-05-05T09:58:25.807+0000] {dagbag.py:545} INFO - Filling up the DagBag from /opt/airflow/dags/movie_batch_pipeline_dag.py
[2026-05-05T09:58:25.863+0000] {processor.py:840} INFO - DAG(s) 'movie_batch_pipeline_dag' retrieved from /opt/airflow/dags/movie_batch_pipeline_dag.py
[2026-05-05T09:58:25.890+0000] {logging_mixin.py:188} INFO - [2026-05-05T09:58:25.890+0000] {dag.py:3096} INFO - Sync 1 DAGs
[2026-05-05T09:58:25.911+0000] {logging_mixin.py:188} INFO - [2026-05-05T09:58:25.911+0000] {dag.py:3954} INFO - Setting next_dagrun for movie_batch_pipeline_dag to 2026-05-05 00:00:00+00:00, run_after=2026-05-06 00:00:00+00:00
[2026-05-05T09:58:25.934+0000] {processor.py:183} INFO - Processing /opt/airflow/dags/movie_batch_pipeline_dag.py took 0.135 seconds
